checkpoint,count,expected_count,mean,median,metric,p05,p95,source_id
original,88,88,3.0093962116674944,3.047248601913452,sigmos_overall,2.2378015875816346,3.738496208190917,all
original,88,88,3.4302429502660576,3.391557812690735,sigmos_speech,2.6280191779136657,4.236885380744933,all
original,88,88,3.8154753094369713,3.995692014694214,sigmos_noise,2.4906991600990294,4.565706491470337,all
original,88,88,3.5394285971468147,3.5436211824417114,sigmos_coloration,2.6579670906066895,4.229929828643798,all
original,88,88,3.9352919188412754,3.941765785217285,sigmos_discontinuity,3.247079837322235,4.64533667564392,all
original,88,88,6.711916080930016,7.024083375930786,audiobox_pq,4.645324468612671,7.895374584197998,all
original,88,88,0.05557016039195107,0.0,cer,0.0,0.24539473684210514,all
original,88,88,0.14445133743262087,0.08712121212121213,wer,0.0,0.5,all
original,88,88,0.07959267452149764,0.0,parakeet_cer,0.0,0.3157232704402511,all
original,88,88,0.1519669089822833,0.0,parakeet_wer,0.0,0.6666666666666666,all
original,88,88,0.9999999688430266,1.0,ecapa_similarity,0.9999998807907104,1.0,all
original,88,88,0.0,0.0,clipping_fraction,0.0,0.0,all
original,88,88,1.0,1.0,duration_ratio,1.0,1.0,all
original,88,88,2.625,1.0,hf_burst_count,0.0,11.0,all
original,4182,,0.047345767575322814,,corpus_cer,,,all
original,803,,0.13947696139476962,,corpus_wer,,,all
original,4182,,0.04973696795791487,,corpus_parakeet_cer,,,all
original,803,,0.136986301369863,,corpus_parakeet_wer,,,all
original,11,11,3.0415195768529717,3.048692464828491,sigmos_overall,2.527671456336975,3.46474552154541,common_voice_available_uk
original,11,11,3.3849768855355005,3.3493411540985107,sigmos_speech,2.79032826423645,3.9071218967437744,common_voice_available_uk
original,11,11,4.123413931239735,4.166233062744141,sigmos_noise,3.5553144216537476,4.514368534088135,common_voice_available_uk
original,11,11,3.4066550731658936,3.4570116996765137,sigmos_coloration,2.765585780143738,4.067741394042969,common_voice_available_uk
original,11,11,4.100694114511663,4.189212799072266,sigmos_discontinuity,3.436833381652832,4.7422685623168945,common_voice_available_uk
original,11,11,5.8341452425176445,5.804915904998779,audiobox_pq,4.55486273765564,6.962272644042969,common_voice_available_uk
original,11,11,0.04401495776176083,0.016666666666666666,cer,0.0,0.1605392156862745,common_voice_available_uk
original,11,11,0.20447658402203858,0.125,wer,0.0,0.5,common_voice_available_uk
original,11,11,0.004456327985739751,0.0,parakeet_cer,0.0,0.024509803921568627,common_voice_available_uk
original,11,11,0.056818181818181816,0.0,parakeet_wer,0.0,0.25,common_voice_available_uk
original,11,11,0.9999999729069796,1.0,ecapa_similarity,0.9999998807907104,1.0,common_voice_available_uk
original,11,11,0.0,0.0,clipping_fraction,0.0,0.0,common_voice_available_uk
original,11,11,1.0,1.0,duration_ratio,1.0,1.0,common_voice_available_uk
original,11,11,0.2727272727272727,0.0,hf_burst_count,0.0,1.0,common_voice_available_uk
original,494,,0.04251012145748988,,corpus_cer,,,common_voice_available_uk
original,94,,0.19148936170212766,,corpus_wer,,,common_voice_available_uk
original,494,,0.004048582995951417,,corpus_parakeet_cer,,,common_voice_available_uk
original,94,,0.06382978723404255,,corpus_parakeet_wer,,,common_voice_available_uk
original,11,11,3.147014682943171,3.1333072185516357,sigmos_overall,2.734408736228943,3.658917546272278,fleurs_uk
original,11,11,3.6012250726873223,3.5240590572357178,sigmos_speech,3.12508487701416,4.206475496292114,fleurs_uk
original,11,11,3.6970642046494917,3.764089584350586,sigmos_noise,3.1073449850082397,4.175252437591553,fleurs_uk
original,11,11,3.526570970361883,3.526676654815674,sigmos_coloration,3.0942726135253906,3.977990984916687,fleurs_uk
original,11,11,3.8316499970176,3.8306620121002197,sigmos_discontinuity,3.4540170431137085,4.192131996154785,fleurs_uk
original,11,11,6.7089879296042705,6.573455810546875,audiobox_pq,6.3071277141571045,7.122740268707275,fleurs_uk
original,11,11,0.03316436440287348,0.009009009009009009,cer,0.0,0.13330054107230693,fleurs_uk
original,11,11,0.07290552584670232,0.08333333333333333,wer,0.0,0.14215686274509803,fleurs_uk
original,11,11,0.011027736118247061,0.005555555555555556,parakeet_cer,0.0,0.0390009096422074,fleurs_uk
original,11,11,0.05002673796791444,0.04,parakeet_wer,0.0,0.15073529411764708,fleurs_uk
original,11,11,0.9999999566511675,1.0,ecapa_similarity,0.9999998807907104,1.0,fleurs_uk
original,11,11,0.0,0.0,clipping_fraction,0.0,0.0,fleurs_uk
original,11,11,1.0,1.0,duration_ratio,1.0,1.0,fleurs_uk
original,11,11,8.545454545454545,11.0,hf_burst_count,0.0,13.5,fleurs_uk
original,1304,,0.02530674846625767,,corpus_cer,,,fleurs_uk
original,208,,0.07211538461538461,,corpus_wer,,,fleurs_uk
original,1304,,0.010736196319018405,,corpus_parakeet_cer,,,fleurs_uk
original,208,,0.052884615384615384,,corpus_parakeet_wer,,,fleurs_uk
original,11,11,3.009208982641047,3.106362819671631,sigmos_overall,2.6545101404190063,3.409811854362488,opentts_lada
original,11,11,3.4703813682902944,3.5280685424804688,sigmos_speech,3.117013931274414,3.815099000930786,opentts_lada
original,11,11,3.955493450164795,4.010239601135254,sigmos_noise,3.4766907691955566,4.310619115829468,opentts_lada
original,11,11,3.737058574503118,3.7178430557250977,sigmos_coloration,3.156073808670044,4.239789962768555,opentts_lada
original,11,11,3.9937082420695913,3.876560688018799,sigmos_discontinuity,3.551571249961853,4.5652899742126465,opentts_lada
original,11,11,7.377579775723544,7.436608791351318,audiobox_pq,7.112474203109741,7.495913982391357,opentts_lada
original,11,11,0.017230443974630024,0.0,cer,0.0,0.09476744186046512,opentts_lada
original,11,11,0.06313131313131314,0.0,wer,0.0,0.3472222222222222,opentts_lada
original,11,11,0.018181818181818184,0.0,parakeet_cer,0.0,0.1,opentts_lada
original,11,11,0.08838383838383838,0.0,parakeet_wer,0.0,0.4861111111111111,opentts_lada
original,11,11,0.9999999945813959,1.0,ecapa_similarity,0.9999999701976776,1.0,opentts_lada
original,11,11,0.0,0.0,clipping_fraction,0.0,0.0,opentts_lada
original,11,11,1.0,1.0,duration_ratio,1.0,1.0,opentts_lada
original,11,11,2.909090909090909,2.0,hf_burst_count,1.0,5.5,opentts_lada
original,345,,0.020289855072463767,,corpus_cer,,,opentts_lada
original,63,,0.07936507936507936,,corpus_wer,,,opentts_lada
original,345,,0.011594202898550725,,corpus_parakeet_cer,,,opentts_lada
original,63,,0.07936507936507936,,corpus_parakeet_wer,,,opentts_lada
original,11,11,3.381584405899048,3.348034381866455,sigmos_overall,2.7828882932662964,4.079808592796326,opentts_mykyta
original,11,11,3.800845406272195,3.668747663497925,sigmos_speech,3.402419924736023,4.482221603393555,opentts_mykyta
original,11,11,4.239101258191195,4.209083557128906,sigmos_noise,3.988261580467224,4.584862470626831,opentts_mykyta
original,11,11,3.8269428339871494,3.5602941513061523,sigmos_coloration,3.4636893272399902,4.4335246086120605,opentts_mykyta
original,11,11,4.09705773266879,4.114834308624268,sigmos_discontinuity,3.6519107818603516,4.47614860534668,opentts_mykyta
original,11,11,7.852143287658691,7.866740703582764,audiobox_pq,7.6410605907440186,8.036739349365234,opentts_mykyta
original,11,11,0.006718924972004479,0.0,cer,0.0,0.036954087346024636,opentts_mykyta
original,11,11,0.15541125541125542,0.0,wer,0.0,0.5833333333333333,opentts_mykyta
original,11,11,0.0019342359767891683,0.0,parakeet_cer,0.0,0.010638297872340425,opentts_mykyta
original,11,11,0.10995670995670997,0.0,parakeet_wer,0.0,0.5333333333333333,opentts_mykyta
original,11,11,0.9999999566511675,0.9999999403953552,ecapa_similarity,0.9999998807907104,1.0,opentts_mykyta
original,11,11,0.0,0.0,clipping_fraction,0.0,0.0,opentts_mykyta
original,11,11,1.0,1.0,duration_ratio,1.0,1.0,opentts_mykyta
original,11,11,2.0,2.0,hf_burst_count,0.0,4.5,opentts_mykyta
original,262,,0.007633587786259542,,corpus_cer,,,opentts_mykyta
original,51,,0.13725490196078433,,corpus_wer,,,opentts_mykyta
original,262,,0.003816793893129771,,corpus_parakeet_cer,,,opentts_mykyta
original,51,,0.09803921568627451,,corpus_parakeet_wer,,,opentts_mykyta
original,11,11,3.5837944637645376,3.6182172298431396,sigmos_overall,3.3044240474700928,3.831134796142578,opentts_tetiana
original,11,11,4.055505904284391,4.0922746658325195,sigmos_speech,3.669888734817505,4.326399803161621,opentts_tetiana
original,11,11,4.4310222105546435,4.464903831481934,sigmos_noise,4.149693012237549,4.641744613647461,opentts_tetiana
original,11,11,3.8622945872220127,3.8739240169525146,sigmos_coloration,3.4442555904388428,4.195015907287598,opentts_tetiana
original,11,11,4.231943650679155,4.240078926086426,sigmos_discontinuity,3.851346254348755,4.554660797119141,opentts_tetiana
original,11,11,7.606876243244518,7.603450775146484,audiobox_pq,7.368699073791504,7.777911186218262,opentts_tetiana
original,11,11,0.007617572514784568,0.0,cer,0.0,0.03443396226415094,opentts_tetiana
original,11,11,0.032506887052341595,0.0,wer,0.0,0.13333333333333333,opentts_tetiana
original,11,11,0.003072117969330022,0.0,parakeet_cer,0.0,0.01689664883131512,opentts_tetiana
original,11,11,0.055739210284664824,0.0,parakeet_wer,0.0,0.26111111111111107,opentts_tetiana
original,11,11,0.9999999729069796,1.0,ecapa_similarity,0.9999999105930328,1.0,opentts_tetiana
original,11,11,0.0,0.0,clipping_fraction,0.0,0.0,opentts_tetiana
original,11,11,1.0,1.0,duration_ratio,1.0,1.0,opentts_tetiana
original,11,11,2.5454545454545454,2.0,hf_burst_count,0.5,5.5,opentts_tetiana
original,410,,0.007317073170731708,,corpus_cer,,,opentts_tetiana
original,87,,0.034482758620689655,,corpus_wer,,,opentts_tetiana
original,410,,0.004878048780487805,,corpus_parakeet_cer,,,opentts_tetiana
original,87,,0.06896551724137931,,corpus_parakeet_wer,,,opentts_tetiana
original,11,11,2.793615449558605,2.9500932693481445,sigmos_overall,1.9207361936569214,3.345272660255432,tg_voices_uk
original,11,11,3.308550141074441,3.3345413208007812,sigmos_speech,2.299460530281067,3.990185260772705,tg_voices_uk
original,11,11,3.736763759092851,3.731097459793091,sigmos_noise,3.0294013023376465,4.353015422821045,tg_voices_uk
original,11,11,3.4201121113517066,3.5932278633117676,sigmos_coloration,2.5676456689834595,3.967927098274231,tg_voices_uk
original,11,11,3.8957706798206675,3.9239583015441895,sigmos_discontinuity,3.290711283683777,4.554126262664795,tg_voices_uk
original,11,11,6.234745892611417,6.3856730461120605,audiobox_pq,4.912738561630249,7.204789161682129,tg_voices_uk
original,11,11,0.03365794164555774,0.0,cer,0.0,0.13777089783281732,tg_voices_uk
original,11,11,0.11201954611045521,0.1,wer,0.0,0.3125,tg_voices_uk
original,11,11,0.04326083728502048,0.024390243902439025,parakeet_cer,0.0,0.16553480475382004,tg_voices_uk
original,11,11,0.11205234159779615,0.09090909090909091,parakeet_wer,0.0,0.3958333333333333,tg_voices_uk
original,11,11,0.9999999620697715,1.0,ecapa_similarity,0.9999998807907104,1.0,tg_voices_uk
original,11,11,0.0,0.0,clipping_fraction,0.0,0.0,tg_voices_uk
original,11,11,1.0,1.0,duration_ratio,1.0,1.0,tg_voices_uk
original,11,11,1.4545454545454546,1.0,hf_burst_count,0.0,3.0,tg_voices_uk
original,451,,0.037694013303769404,,corpus_cer,,,tg_voices_uk
original,91,,0.13186813186813187,,corpus_wer,,,tg_voices_uk
original,451,,0.03991130820399113,,corpus_parakeet_cer,,,tg_voices_uk
original,91,,0.10989010989010989,,corpus_parakeet_wer,,,tg_voices_uk
original,11,11,2.5658401142467153,2.6773502826690674,sigmos_overall,1.892229676246643,2.9893946647644043,ua_ser
original,11,11,2.9082344445315274,2.9934797286987305,sigmos_speech,2.29794979095459,3.3213346004486084,ua_ser
original,11,11,3.2519473379308526,3.2603163719177246,sigmos_noise,2.4230233430862427,4.083232522010803,ua_ser
original,11,11,3.206536228006536,3.3150908946990967,sigmos_coloration,2.539156675338745,3.668171763420105,ua_ser
original,11,11,3.3681909171017734,3.268576145172119,sigmos_discontinuity,2.9530627727508545,3.9009971618652344,ua_ser
original,11,11,6.1974850567904385,6.552307605743408,audiobox_pq,4.595144271850586,7.367447853088379,ua_ser
original,11,11,0.06481868277920909,0.027777777777777776,cer,0.0,0.18937500000000002,ua_ser
original,11,11,0.1452991452991453,0.14285714285714285,wer,0.0,0.42857142857142855,ua_ser
original,11,11,0.27529512951163665,0.09090909090909091,parakeet_cer,0.0,1.1526315789473685,ua_ser
original,11,11,0.3155733155733156,0.2857142857142857,parakeet_wer,0.0,0.6666666666666666,ua_ser
original,11,11,0.9999999729069796,1.0,ecapa_similarity,0.9999999105930328,1.0,ua_ser
original,11,11,0.0,0.0,clipping_fraction,0.0,0.0,ua_ser
original,11,11,1.0,1.0,duration_ratio,1.0,1.0,ua_ser
original,11,11,2.1818181818181817,2.0,hf_burst_count,0.0,4.0,ua_ser
original,385,,0.06493506493506493,,corpus_cer,,,ua_ser
original,88,,0.13636363636363635,,corpus_wer,,,ua_ser
original,385,,0.2025974025974026,,corpus_parakeet_cer,,,ua_ser
original,88,,0.2840909090909091,,corpus_parakeet_wer,,,ua_ser
original,11,11,2.55259201743386,2.544612407684326,sigmos_overall,1.934660792350769,2.9940987825393677,ukr_dialects
original,11,11,2.912224379452792,2.8859500885009766,sigmos_speech,2.2722147703170776,3.3669376373291016,ukr_dialects
original,11,11,3.088996323672208,3.0475683212280273,sigmos_noise,1.853771448135376,4.315590143203735,ukr_dialects
original,11,11,3.3292583985762163,3.1632273197174072,sigmos_coloration,2.8504233360290527,3.9393393993377686,ukr_dialects
original,11,11,3.963320016860962,3.8612277507781982,sigmos_discontinuity,3.4867966175079346,4.472463846206665,ukr_dialects
original,11,11,5.883365219289606,5.694180488586426,audiobox_pq,3.992703080177307,7.554957866668701,ukr_dialects
original,11,11,0.23733839508478835,0.23684210526315788,cer,0.0,0.5647798742138365,ukr_dialects
original,11,11,0.36986044258771533,0.4,wer,0.0,0.75,ukr_dialects
original,11,11,0.2795131931433997,0.09523809523809523,parakeet_cer,0.0,1.0,ukr_dialects
original,11,11,0.42718493627584536,0.2857142857142857,parakeet_wer,0.0,1.0,ukr_dialects
original,11,11,0.9999999620697715,1.0,ecapa_similarity,0.9999998807907104,1.0,ukr_dialects
original,11,11,0.0,0.0,clipping_fraction,0.0,0.0,ukr_dialects
original,11,11,1.0,1.0,duration_ratio,1.0,1.0,ukr_dialects
original,11,11,1.0909090909090908,0.0,hf_burst_count,0.0,4.5,ukr_dialects
original,531,,0.1694915254237288,,corpus_cer,,,ukr_dialects
original,121,,0.3305785123966942,,corpus_wer,,,ukr_dialects
original,531,,0.16760828625235405,,corpus_parakeet_cer,,,ukr_dialects
original,121,,0.34710743801652894,,corpus_parakeet_wer,,,ukr_dialects
original,8,,3.0093962116674944,,sigmos_overall,,,source_macro
original,8,,3.4302429502660576,,sigmos_speech,,,source_macro
original,8,,3.8154753094369718,,sigmos_noise,,,source_macro
original,8,,3.5394285971468147,,sigmos_coloration,,,source_macro
original,8,,3.935291918841275,,sigmos_discontinuity,,,source_macro
original,8,,6.711916080930017,,audiobox_pq,,,source_macro
original,8,,0.05557016039195107,,cer,,,source_macro
original,8,,0.14445133743262087,,wer,,,source_macro
original,8,,0.07959267452149763,,parakeet_cer,,,source_macro
original,8,,0.15196690898228332,,parakeet_wer,,,source_macro
original,8,,0.9999999688430266,,ecapa_similarity,,,source_macro
original,8,,0.0,,clipping_fraction,,,source_macro
original,8,,1.0,,duration_ratio,,,source_macro
original,8,,2.625,,hf_burst_count,,,source_macro
25k,88,88,1.9756108359857039,1.9661037921905518,sigmos_overall,1.38328058719635,2.5391624808311457,all
25k,88,88,2.4042540219697086,2.359844923019409,sigmos_speech,1.7487253189086915,3.139614987373351,all
25k,88,88,3.746795941482891,3.7849740982055664,sigmos_noise,2.951578986644745,4.355279541015625,all
25k,88,88,2.635311646894975,2.662443518638611,sigmos_coloration,1.8694181561470031,3.306758892536162,all
25k,88,88,3.4278549470684747,3.4900808334350586,sigmos_discontinuity,2.6260495662689207,4.089268040657044,all
25k,88,88,4.73286275159229,4.568037033081055,audiobox_pq,3.695032000541687,6.233045721054077,all
25k,88,88,0.23650150567753558,0.214034012563199,cer,0.027317914384256455,0.5522916666666664,all
25k,88,88,0.5871828060531269,0.5192307692307692,wer,0.10000000000000003,1.1688888888888882,all
25k,88,88,0.506031693181631,0.4330845771144278,parakeet_cer,0.10878136200716845,1.0939705882352935,all
25k,88,88,0.8843269672246944,1.0,parakeet_wer,0.30625,1.376666666666666,all
25k,88,88,0.21605061083524066,0.22572247684001923,ecapa_similarity,0.048353453353047374,0.3491218715906142,all
25k,88,88,0.0,0.0,clipping_fraction,0.0,0.0,all
25k,88,88,0.7404643076607471,0.710549930514195,duration_ratio,0.5177029702970298,1.1325679764025698,all
25k,88,88,3.0681818181818183,2.0,hf_burst_count,0.0,7.0,all
25k,4182,,0.19320899091343854,,corpus_cer,,,all
25k,803,,0.5006226650062267,,corpus_wer,,,all
25k,4182,,0.4464371114299378,,corpus_parakeet_cer,,,all
25k,803,,0.8107098381070984,,corpus_parakeet_wer,,,all
25k,11,11,2.0811225934462114,1.948678970336914,sigmos_overall,1.5353202819824219,2.691449761390686,common_voice_available_uk
25k,11,11,2.5195233821868896,2.3473474979400635,sigmos_speech,1.9161494970321655,3.283521056175232,common_voice_available_uk
25k,11,11,3.901216051795266,3.888282299041748,sigmos_noise,2.9976389408111572,4.382906198501587,common_voice_available_uk
25k,11,11,2.5916699279438364,2.4892008304595947,sigmos_coloration,2.0999653339385986,3.4291871786117554,common_voice_available_uk
25k,11,11,3.4647577459161933,3.4197475910186768,sigmos_discontinuity,2.953107237815857,3.962981939315796,common_voice_available_uk
25k,11,11,4.349120595238426,4.39914608001709,audiobox_pq,3.8714778423309326,4.991319417953491,common_voice_available_uk
25k,11,11,0.18417654290382,0.17647058823529413,cer,0.07061224489795918,0.3139386189258312,common_voice_available_uk
25k,11,11,0.5013314967860422,0.4444444444444444,wer,0.275,0.8263888888888888,common_voice_available_uk
25k,11,11,0.44473728297772813,0.38333333333333336,parakeet_cer,0.10862745098039217,0.9199999999999999,common_voice_available_uk
25k,11,11,0.7773415977961432,0.875,parakeet_wer,0.29166666666666663,1.125,common_voice_available_uk
25k,11,11,0.24483931877396323,0.24034228920936584,ecapa_similarity,0.1492331176996231,0.3282056301832199,common_voice_available_uk
25k,11,11,0.0,0.0,clipping_fraction,0.0,0.0,common_voice_available_uk
25k,11,11,0.7018730436793772,0.7036559139784946,duration_ratio,0.6154074074074074,0.7903338856827229,common_voice_available_uk
25k,11,11,2.8181818181818183,2.0,hf_burst_count,0.5,5.5,common_voice_available_uk
25k,494,,0.1720647773279352,,corpus_cer,,,common_voice_available_uk
25k,94,,0.48936170212765956,,corpus_wer,,,common_voice_available_uk
25k,494,,0.4008097165991903,,corpus_parakeet_cer,,,common_voice_available_uk
25k,94,,0.776595744680851,,corpus_parakeet_wer,,,common_voice_available_uk
25k,11,11,1.7403475371274082,1.7558681964874268,sigmos_overall,1.335015058517456,2.2007559537887573,fleurs_uk
25k,11,11,2.158267454667525,2.2673287391662598,sigmos_speech,1.5786563158035278,2.6043343544006348,fleurs_uk
25k,11,11,3.7406562891873447,3.690699815750122,sigmos_noise,3.372557282447815,4.197854995727539,fleurs_uk
25k,11,11,2.2647086056795986,2.183527708053589,sigmos_coloration,1.6974717378616333,2.9174582958221436,fleurs_uk
25k,11,11,2.879398367621682,2.9228808879852295,sigmos_discontinuity,2.2357382774353027,3.447355628013611,fleurs_uk
25k,11,11,5.009132233532992,5.1431050300598145,audiobox_pq,3.942367911338806,6.034345626831055,fleurs_uk
25k,11,11,0.13315327805811214,0.09009009009009009,cer,0.046505376344086025,0.2984943027672273,fleurs_uk
25k,11,11,0.33883244206773616,0.3,wer,0.20416666666666666,0.5441176470588236,fleurs_uk
25k,11,11,0.38053823561115757,0.2524271844660194,parakeet_cer,0.1327108092812677,0.8412393162393162,fleurs_uk
25k,11,11,0.7375757575757576,0.7,parakeet_wer,0.3208333333333333,1.1213235294117647,fleurs_uk
25k,11,11,0.26978461850773205,0.2606932520866394,ecapa_similarity,0.21789351850748062,0.33020539581775665,fleurs_uk
25k,11,11,0.0,0.0,clipping_fraction,0.0,0.0,fleurs_uk
25k,11,11,0.7901943302010251,0.7845254161043634,duration_ratio,0.6835013523481681,0.8936170212765958,fleurs_uk
25k,11,11,4.545454545454546,5.0,hf_burst_count,0.0,10.5,fleurs_uk
25k,1304,,0.12039877300613497,,corpus_cer,,,fleurs_uk
25k,208,,0.3269230769230769,,corpus_wer,,,fleurs_uk
25k,1304,,0.4156441717791411,,corpus_parakeet_cer,,,fleurs_uk
25k,208,,0.7259615384615384,,corpus_parakeet_wer,,,fleurs_uk
25k,11,11,2.046904607252641,2.1117634773254395,sigmos_overall,1.6133034229278564,2.451572060585022,opentts_lada
25k,11,11,2.5353984399275347,2.532773971557617,sigmos_speech,2.2374658584594727,2.960385799407959,opentts_lada
25k,11,11,3.533534440127286,3.4950485229492188,sigmos_noise,2.887808918952942,4.209073066711426,opentts_lada
25k,11,11,2.97984580560164,2.9848806858062744,sigmos_coloration,2.378059148788452,3.5475995540618896,opentts_lada
25k,11,11,3.6538895043459805,3.5833473205566406,sigmos_discontinuity,3.0508962869644165,4.207258939743042,opentts_lada
25k,11,11,6.007233576341108,6.197993278503418,audiobox_pq,4.966057300567627,6.95834493637085,opentts_lada
25k,11,11,0.4333526311594608,0.4411764705882353,cer,0.2353846153846154,0.6666666666666666,opentts_lada
25k,11,11,1.1067952249770434,1.0,wer,0.5984848484848485,1.6666666666666665,opentts_lada
25k,11,11,0.49575401089287463,0.4,parakeet_cer,0.20416666666666666,0.942156862745098,opentts_lada
25k,11,11,1.048989898989899,1.0,parakeet_wer,0.6527777777777778,1.3666666666666667,opentts_lada
25k,11,11,0.184036197648807,0.19013556838035583,ecapa_similarity,0.07488287426531315,0.32090169191360474,opentts_lada
25k,11,11,0.0,0.0,clipping_fraction,0.0,0.0,opentts_lada
25k,11,11,0.5675316823402298,0.5606837606837607,duration_ratio,0.472072072072072,0.6748383673355397,opentts_lada
25k,11,11,3.0,2.0,hf_burst_count,0.5,6.0,opentts_lada
25k,345,,0.4144927536231884,,corpus_cer,,,opentts_lada
25k,63,,1.0,,corpus_wer,,,opentts_lada
25k,345,,0.527536231884058,,corpus_parakeet_cer,,,opentts_lada
25k,63,,1.0,,corpus_parakeet_wer,,,opentts_lada
25k,11,11,2.1349439187483354,2.0901942253112793,sigmos_overall,1.838638186454773,2.4092929363250732,opentts_mykyta
25k,11,11,2.500330188057639,2.482271909713745,sigmos_speech,2.130393147468567,2.80979061126709,opentts_mykyta
25k,11,11,4.0805512775074355,4.097876071929932,sigmos_noise,3.5164477825164795,4.583380222320557,opentts_mykyta
25k,11,11,2.7529295791279185,2.730902910232544,sigmos_coloration,2.4752049446105957,2.983713150024414,opentts_mykyta
25k,11,11,3.682841344313188,3.6054980754852295,sigmos_discontinuity,3.1972237825393677,4.173292398452759,opentts_mykyta
25k,11,11,4.4868699203838,4.482242107391357,audiobox_pq,3.6941016912460327,5.273630619049072,opentts_mykyta
25k,11,11,0.19408080652134518,0.14893617021276595,cer,0.0,0.48713235294117646,opentts_mykyta
25k,11,11,0.45346320346320346,0.42857142857142855,wer,0.0,1.0,opentts_mykyta
25k,11,11,0.7592949079207517,0.8461538461538461,parakeet_cer,0.23011363636363635,1.4834558823529411,opentts_mykyta
25k,11,11,1.0001082251082252,1.0,parakeet_wer,0.6666666666666666,1.45,opentts_mykyta
25k,11,11,0.09091636284508488,0.11115353554487228,ecapa_similarity,-0.036582606844604015,0.16419540345668793,opentts_mykyta
25k,11,11,0.0,0.0,clipping_fraction,0.0,0.0,opentts_mykyta
25k,11,11,0.6523585953888985,0.6561616161616162,duration_ratio,0.5243467643467643,0.8333333333333333,opentts_mykyta
25k,11,11,1.8181818181818181,1.0,hf_burst_count,0.0,5.0,opentts_mykyta
25k,262,,0.16412213740458015,,corpus_cer,,,opentts_mykyta
25k,51,,0.45098039215686275,,corpus_wer,,,opentts_mykyta
25k,262,,0.7061068702290076,,corpus_parakeet_cer,,,opentts_mykyta
25k,51,,1.0196078431372548,,corpus_parakeet_wer,,,opentts_mykyta
25k,11,11,2.003687858581543,1.8841989040374756,sigmos_overall,1.6170662641525269,2.5651538372039795,opentts_tetiana
25k,11,11,2.427346554669467,2.342556953430176,sigmos_speech,1.967413306236267,3.045003294944763,opentts_tetiana
25k,11,11,3.7518430189652876,3.7260873317718506,sigmos_noise,3.477413535118103,4.059179663658142,opentts_tetiana
25k,11,11,2.4170859293504194,2.4551939964294434,sigmos_coloration,1.7132328748703003,2.9344654083251953,opentts_tetiana
25k,11,11,3.55607685175809,3.5898098945617676,sigmos_discontinuity,3.0422446727752686,4.15641975402832,opentts_tetiana
25k,11,11,4.737621914256703,4.656829357147217,audiobox_pq,4.093141317367554,5.328030109405518,opentts_tetiana
25k,11,11,0.2289005058668323,0.20408163265306123,cer,0.09379240162822253,0.3721804511278195,opentts_tetiana
25k,11,11,0.656054046963138,0.5555555555555556,wer,0.23809523809523808,1.4166666666666667,opentts_tetiana
25k,11,11,0.4459884153689094,0.4716981132075472,parakeet_cer,0.08247800586510264,0.85,opentts_tetiana
25k,11,11,0.7926013380558836,1.0,parakeet_wer,0.18253968253968253,1.0454545454545454,opentts_tetiana
25k,11,11,0.29534387453035876,0.2898488938808441,ecapa_similarity,0.22065641731023788,0.39154572784900665,opentts_tetiana
25k,11,11,0.0,0.0,clipping_fraction,0.0,0.0,opentts_tetiana
25k,11,11,0.6051976444592637,0.5753882915173237,duration_ratio,0.5044467483020417,0.7275398692810457,opentts_tetiana
25k,11,11,2.5454545454545454,2.0,hf_burst_count,0.0,5.0,opentts_tetiana
25k,410,,0.2073170731707317,,corpus_cer,,,opentts_tetiana
25k,87,,0.5632183908045977,,corpus_wer,,,opentts_tetiana
25k,410,,0.4219512195121951,,corpus_parakeet_cer,,,opentts_tetiana
25k,87,,0.7816091954022989,,corpus_parakeet_wer,,,opentts_tetiana
25k,11,11,2.193507346239957,2.140082597732544,sigmos_overall,1.8119025230407715,2.5840225219726562,tg_voices_uk
25k,11,11,2.5862536430358887,2.4942755699157715,sigmos_speech,2.210988163948059,3.182101011276245,tg_voices_uk
25k,11,11,3.805170926180753,3.927560567855835,sigmos_noise,3.3218305110931396,4.2220964431762695,tg_voices_uk
25k,11,11,2.682517311789773,2.7360403537750244,sigmos_coloration,2.1031546592712402,3.063860058784485,tg_voices_uk
25k,11,11,3.45962515744296,3.439436674118042,sigmos_discontinuity,2.923935055732727,3.9786168336868286,tg_voices_uk
25k,11,11,4.212975762107155,4.302087783813477,audiobox_pq,3.6519967317581177,4.976238012313843,tg_voices_uk
25k,11,11,0.23789338286722178,0.24561403508771928,cer,0.12761904761904763,0.3484719864176571,tg_voices_uk
25k,11,11,0.587357339630067,0.6,wer,0.3035714285714286,0.875,tg_voices_uk
25k,11,11,0.46044387323403874,0.47368421052631576,parakeet_cer,0.19144736842105264,0.7857142857142857,tg_voices_uk
25k,11,11,0.9619605142332415,1.0,parakeet_wer,0.5227272727272727,1.3625,tg_voices_uk
25k,11,11,0.20173163627359,0.20119839906692505,ecapa_similarity,0.017737622372806072,0.40199197828769684,tg_voices_uk
25k,11,11,0.0,0.0,clipping_fraction,0.0,0.0,tg_voices_uk
25k,11,11,0.7760347444224274,0.7921468203158345,duration_ratio,0.5224034063804017,0.9649686064175776,tg_voices_uk
25k,11,11,2.909090909090909,3.0,hf_burst_count,0.5,6.0,tg_voices_uk
25k,451,,0.2394678492239468,,corpus_cer,,,tg_voices_uk
25k,91,,0.5714285714285714,,corpus_wer,,,tg_voices_uk
25k,451,,0.44567627494456763,,corpus_parakeet_cer,,,tg_voices_uk
25k,91,,0.9230769230769231,,corpus_parakeet_wer,,,tg_voices_uk
25k,11,11,1.833212830803611,1.775864839553833,sigmos_overall,1.3929853439331055,2.210653781890869,ua_ser
25k,11,11,2.245309201153842,2.2217793464660645,sigmos_speech,1.6710602045059204,2.8303892612457275,ua_ser
25k,11,11,3.6232753666964443,3.854736804962158,sigmos_noise,2.858527660369873,4.065993309020996,ua_ser
25k,11,11,2.5493850274519487,2.526494264602661,sigmos_coloration,2.2577719688415527,2.869605541229248,ua_ser
25k,11,11,3.484740539030595,3.551642894744873,sigmos_discontinuity,3.040579915046692,3.878500819206238,ua_ser
25k,11,11,4.420899911360308,4.437673091888428,audiobox_pq,3.8227709531784058,5.2292327880859375,ua_ser
25k,11,11,0.1996816467689673,0.19444444444444445,cer,0.02564102564102564,0.40009469696969696,ua_ser
25k,11,11,0.4594849594849595,0.5384615384615384,wer,0.07142857142857142,0.7738095238095238,ua_ser
25k,11,11,0.5899530898394535,0.42857142857142855,parakeet_cer,0.20089285714285715,1.56,ua_ser
25k,11,11,0.9251026751026751,1.0,parakeet_wer,0.38888888888888884,1.4166666666666667,ua_ser
25k,11,11,0.22642854262482037,0.2336876094341278,ecapa_similarity,0.13378243893384933,0.3256964534521103,ua_ser
25k,11,11,0.0,0.0,clipping_fraction,0.0,0.0,ua_ser
25k,11,11,1.0938586733853886,1.129800843551856,duration_ratio,0.913077574637901,1.2548538412248398,ua_ser
25k,11,11,3.1818181818181817,3.0,hf_burst_count,1.0,5.5,ua_ser
25k,385,,0.19220779220779222,,corpus_cer,,,ua_ser
25k,88,,0.4659090909090909,,corpus_wer,,,ua_ser
25k,385,,0.5116883116883116,,corpus_parakeet_cer,,,ua_ser
25k,88,,0.8977272727272727,,corpus_parakeet_wer,,,ua_ser
25k,11,11,1.771159995685924,1.6812446117401123,sigmos_overall,1.3266336917877197,2.2430466413497925,ukr_dialects
25k,11,11,2.2616033120588823,2.288231134414673,sigmos_speech,1.6587318181991577,3.2105929851531982,ukr_dialects
25k,11,11,3.538120161403309,3.621170997619629,sigmos_noise,2.8812695741653442,4.017369270324707,ukr_dialects
25k,11,11,2.844350988214666,2.785888910293579,sigmos_coloration,2.3640353679656982,3.4434865713119507,ukr_dialects
25k,11,11,3.2415100661191074,3.386301279067993,sigmos_discontinuity,2.4104520082473755,3.9633960723876953,ukr_dialects
25k,11,11,4.639048099517822,4.541508197784424,audiobox_pq,4.041266202926636,5.351078271865845,ukr_dialects
25k,11,11,0.28077325127452535,0.25,cer,0.07404070383718465,0.5702380952380952,ukr_dialects
25k,11,11,0.594143735052826,0.5,wer,0.20512820512820512,0.9285714285714286,ukr_dialects
25k,11,11,0.47154372960813423,0.4666666666666667,parakeet_cer,0.14548441806232776,0.8666666666666667,ukr_dialects
25k,11,11,0.8309357309357309,0.8571428571428571,parakeet_wer,0.3415750915750916,1.225,ukr_dialects
25k,11,11,0.21532433547756888,0.23234491050243378,ecapa_similarity,0.1396678015589714,0.2598786801099777,ukr_dialects
25k,11,11,0.0,0.0,clipping_fraction,0.0,0.0,ukr_dialects
25k,11,11,0.7366657474093667,0.7880658436213992,duration_ratio,0.4457995303766753,0.9684554070168832,ukr_dialects
25k,11,11,3.727272727272727,3.0,hf_burst_count,1.0,9.5,ukr_dialects
25k,531,,0.2128060263653484,,corpus_cer,,,ukr_dialects
25k,121,,0.49586776859504134,,corpus_wer,,,ukr_dialects
25k,531,,0.3559322033898305,,corpus_parakeet_cer,,,ukr_dialects
25k,121,,0.6694214876033058,,corpus_parakeet_wer,,,ukr_dialects
25k,8,,1.9756108359857039,,sigmos_overall,,,source_macro
25k,8,,2.4042540219697086,,sigmos_speech,,,source_macro
25k,8,,3.7467959414828904,,sigmos_noise,,,source_macro
25k,8,,2.635311646894975,,sigmos_coloration,,,source_macro
25k,8,,3.4278549470684747,,sigmos_discontinuity,,,source_macro
25k,8,,4.73286275159229,,audiobox_pq,,,source_macro
25k,8,,0.2365015056775356,,cer,,,source_macro
25k,8,,0.587182806053127,,wer,,,source_macro
25k,8,,0.506031693181631,,parakeet_cer,,,source_macro
25k,8,,0.8843269672246945,,parakeet_wer,,,source_macro
25k,8,,0.21605061083524066,,ecapa_similarity,,,source_macro
25k,8,,0.0,,clipping_fraction,,,source_macro
25k,8,,0.7404643076607471,,duration_ratio,,,source_macro
25k,8,,3.0681818181818183,,hf_burst_count,,,source_macro
50k,88,88,2.3452243859117683,2.359222650527954,sigmos_overall,1.8179325461387634,2.8487648248672484,all
50k,88,88,2.7666006982326508,2.7822755575180054,sigmos_speech,2.11240416765213,3.2666037201881406,all
50k,88,88,3.8703843761574137,3.848905563354492,sigmos_noise,3.0601041316986084,4.449791526794433,all
50k,88,88,2.62202204357494,2.617812991142273,sigmos_coloration,2.1316589593887327,3.1487893819808956,all
50k,88,88,3.7180692878636448,3.818743944168091,sigmos_discontinuity,2.983175015449524,4.361743211746216,all
50k,88,88,6.19018030166626,6.162694931030273,audiobox_pq,5.199688148498535,7.181206321716308,all
50k,88,88,0.13810609544821484,0.098729877418402,cer,0.0,0.4136842105263156,all
50k,88,88,0.4052438793381307,0.3333333333333333,wer,0.0,1.0,all
50k,88,88,0.1984150317617476,0.09780009564801531,parakeet_cer,0.0,0.8212098581030594,all
50k,88,88,0.45511613126920614,0.4017857142857143,parakeet_wer,0.0,1.0,all
50k,88,88,0.262978012080897,0.2650557905435562,ecapa_similarity,0.1067225206643343,0.42880645543336854,all
50k,88,88,0.0,0.0,clipping_fraction,0.0,0.0,all
50k,88,88,0.7394140419483695,0.7275783926218709,duration_ratio,0.4902904174015285,1.084381609857064,all
50k,88,88,2.1363636363636362,2.0,hf_burst_count,0.0,5.6499999999999915,all
50k,4182,,0.10593017694882831,,corpus_cer,,,all
50k,803,,0.33623910336239105,,corpus_wer,,,all
50k,4182,,0.17479674796747968,,corpus_parakeet_cer,,,all
50k,803,,0.39352428393524286,,corpus_parakeet_wer,,,all
50k,11,11,2.4896078543229536,2.5167174339294434,sigmos_overall,2.1631648540496826,2.7906919717788696,common_voice_available_uk
50k,11,11,2.9019682624123315,2.929986000061035,sigmos_speech,2.4807475805282593,3.24644935131073,common_voice_available_uk
50k,11,11,4.0170184915716,4.104348182678223,sigmos_noise,3.5976595878601074,4.477194547653198,common_voice_available_uk
50k,11,11,2.7324924252249976,2.7837111949920654,sigmos_coloration,2.218927502632141,3.1420021057128906,common_voice_available_uk
50k,11,11,3.9149769869717685,3.860366106033325,sigmos_discontinuity,3.606520414352417,4.2971131801605225,common_voice_available_uk
50k,11,11,5.847197836095637,5.806612968444824,audiobox_pq,4.871169805526733,6.713641166687012,common_voice_available_uk
50k,11,11,0.06590847470978284,0.06666666666666667,cer,0.0,0.15664961636828645,common_voice_available_uk
50k,11,11,0.2972910927456382,0.3,wer,0.0,0.595959595959596,common_voice_available_uk
50k,11,11,0.1639966687121943,0.08,parakeet_cer,0.0,0.6323529411764706,common_voice_available_uk
50k,11,11,0.4035353535353536,0.36363636363636365,parakeet_wer,0.0,0.875,common_voice_available_uk
50k,11,11,0.26828868145292456,0.2729087769985199,ecapa_similarity,0.1634756401181221,0.38039152324199677,common_voice_available_uk
50k,11,11,0.0,0.0,clipping_fraction,0.0,0.0,common_voice_available_uk
50k,11,11,0.6805836389959531,0.6761290322580645,duration_ratio,0.5881481481481481,0.7712844877886138,common_voice_available_uk
50k,11,11,2.0,2.0,hf_burst_count,0.0,4.5,common_voice_available_uk
50k,494,,0.0708502024291498,,corpus_cer,,,common_voice_available_uk
50k,94,,0.3191489361702128,,corpus_wer,,,common_voice_available_uk
50k,494,,0.1720647773279352,,corpus_parakeet_cer,,,common_voice_available_uk
50k,94,,0.43617021276595747,,corpus_parakeet_wer,,,common_voice_available_uk
50k,11,11,2.188736612146551,2.1811110973358154,sigmos_overall,1.8368608951568604,2.5714529752731323,fleurs_uk
50k,11,11,2.5817158222198486,2.5796430110931396,sigmos_speech,2.209205150604248,2.9997055530548096,fleurs_uk
50k,11,11,3.6767098253423516,3.63000226020813,sigmos_noise,3.4368783235549927,3.892453908920288,fleurs_uk
50k,11,11,2.4095764376900415,2.2936625480651855,sigmos_coloration,2.123012900352478,2.8951443433761597,fleurs_uk
50k,11,11,3.473314241929488,3.5188181400299072,sigmos_discontinuity,2.85582435131073,4.004330277442932,fleurs_uk
50k,11,11,5.919942985881459,6.017220973968506,audiobox_pq,5.4765472412109375,6.2231974601745605,fleurs_uk
50k,11,11,0.0833118625877116,0.07766990291262135,cer,0.012729285262492094,0.1630595179537629,fleurs_uk
50k,11,11,0.23762329174093882,0.2777777777777778,wer,0.05,0.37254901960784315,fleurs_uk
50k,11,11,0.21376431889393357,0.06896551724137931,parakeet_cer,0.007352941176470588,0.6993527508090616,fleurs_uk
50k,11,11,0.35352049910873445,0.25,parakeet_wer,0.025,0.8819444444444444,fleurs_uk
50k,11,11,0.27671585977077484,0.28143295645713806,ecapa_similarity,0.19077085703611374,0.35100819170475006,fleurs_uk
50k,11,11,0.0,0.0,clipping_fraction,0.0,0.0,fleurs_uk
50k,11,11,0.7725266999342639,0.7905185185185185,duration_ratio,0.6623172963964702,0.8846335697399528,fleurs_uk
50k,11,11,2.5454545454545454,1.0,hf_burst_count,0.0,7.5,fleurs_uk
50k,1304,,0.07975460122699386,,corpus_cer,,,fleurs_uk
50k,208,,0.23557692307692307,,corpus_wer,,,fleurs_uk
50k,1304,,0.2223926380368098,,corpus_parakeet_cer,,,fleurs_uk
50k,208,,0.3605769230769231,,corpus_parakeet_wer,,,fleurs_uk
50k,11,11,2.0823327628048984,2.144270420074463,sigmos_overall,1.7202967405319214,2.3500723838806152,opentts_lada
50k,11,11,2.554380178451538,2.6069467067718506,sigmos_speech,2.0469555854797363,2.9842394590377808,opentts_lada
50k,11,11,3.445769179951061,3.414275646209717,sigmos_noise,2.7206000089645386,4.390974044799805,opentts_lada
50k,11,11,2.767239440571178,2.8839914798736572,sigmos_coloration,2.1397053003311157,3.140782356262207,opentts_lada
50k,11,11,3.4742905660109087,3.5982413291931152,sigmos_discontinuity,2.8669471740722656,3.950971245765686,opentts_lada
50k,11,11,7.0664191246032715,7.161355018615723,audiobox_pq,6.232896566390991,7.653321743011475,opentts_lada
50k,11,11,0.2331112579184489,0.26666666666666666,cer,0.029615384615384616,0.41428571428571426,opentts_lada
50k,11,11,0.6936179981634527,0.6666666666666666,wer,0.24545454545454548,1.0,opentts_lada
50k,11,11,0.2378100793888162,0.23809523809523808,parakeet_cer,0.07333333333333333,0.4511627906976744,opentts_lada
50k,11,11,0.6540863177226813,0.6666666666666666,parakeet_wer,0.303030303030303,1.1,opentts_lada
50k,11,11,0.20526952770623294,0.22147667407989502,ecapa_similarity,0.09571324288845062,0.2858985662460327,opentts_lada
50k,11,11,0.0,0.0,clipping_fraction,0.0,0.0,opentts_lada
50k,11,11,0.6263077063454099,0.5564588979223125,duration_ratio,0.5026693360026693,0.847267192472672,opentts_lada
50k,11,11,2.8181818181818183,2.0,hf_burst_count,0.5,6.0,opentts_lada
50k,345,,0.21159420289855072,,corpus_cer,,,opentts_lada
50k,63,,0.6031746031746031,,corpus_wer,,,opentts_lada
50k,345,,0.22608695652173913,,corpus_parakeet_cer,,,opentts_lada
50k,63,,0.5873015873015873,,corpus_parakeet_wer,,,opentts_lada
50k,11,11,2.5822492079301314,2.642974853515625,sigmos_overall,2.0353057384490967,2.977112650871277,opentts_mykyta
50k,11,11,2.9677299586209385,3.011218309402466,sigmos_speech,2.4092845916748047,3.4198122024536133,opentts_mykyta
50k,11,11,4.136355009945956,4.1815948486328125,sigmos_noise,3.818678379058838,4.418939828872681,opentts_mykyta
50k,11,11,2.794168320569125,2.7780632972717285,sigmos_coloration,2.347681164741516,3.2233119010925293,opentts_mykyta
50k,11,11,4.042987324974754,3.938434600830078,sigmos_discontinuity,3.8374565839767456,4.497559547424316,opentts_mykyta
50k,11,11,6.488996462388472,6.527035713195801,audiobox_pq,5.5931556224823,7.052426338195801,opentts_mykyta
50k,11,11,0.20564980828175045,0.09090909090909091,cer,0.0,0.641025641025641,opentts_mykyta
50k,11,11,0.5655844155844155,0.5,wer,0.14285714285714285,1.0,opentts_mykyta
50k,11,11,0.2795915643776346,0.3125,parakeet_cer,0.05157962604771116,0.5264423076923077,opentts_mykyta
50k,11,11,0.6861471861471862,0.6666666666666666,parakeet_wer,0.26785714285714285,1.0,opentts_mykyta
50k,11,11,0.20629054985263132,0.21148043870925903,ecapa_similarity,0.08438756316900253,0.2883070111274719,opentts_mykyta
50k,11,11,0.0,0.0,clipping_fraction,0.0,0.0,opentts_mykyta
50k,11,11,0.6415312596120676,0.623838383838384,duration_ratio,0.4994383394383395,0.8251028806584362,opentts_mykyta
50k,11,11,1.5454545454545454,1.0,hf_burst_count,0.0,3.5,opentts_mykyta
50k,262,,0.15267175572519084,,corpus_cer,,,opentts_mykyta
50k,51,,0.5294117647058824,,corpus_wer,,,opentts_mykyta
50k,262,,0.1946564885496183,,corpus_parakeet_cer,,,opentts_mykyta
50k,51,,0.6078431372549019,,corpus_parakeet_wer,,,opentts_mykyta
50k,11,11,2.4189691110090776,2.4775681495666504,sigmos_overall,1.8113516569137573,2.813982605934143,opentts_tetiana
50k,11,11,2.799148277802901,2.92568039894104,sigmos_speech,2.106884241104126,3.121506929397583,opentts_tetiana
50k,11,11,4.022701480171897,3.978989839553833,sigmos_noise,3.6912342309951782,4.4049224853515625,opentts_tetiana
50k,11,11,2.632749904285778,2.5106208324432373,sigmos_coloration,2.2970032691955566,3.1515332460403442,opentts_tetiana
50k,11,11,3.72023099119013,3.8925204277038574,sigmos_discontinuity,2.9854981899261475,4.103964567184448,opentts_tetiana
50k,11,11,6.094780271703547,5.95607852935791,audiobox_pq,5.410417556762695,6.820140838623047,opentts_tetiana
50k,11,11,0.13428453861944353,0.1111111111111111,cer,0.0,0.3355263157894737,opentts_tetiana
50k,11,11,0.39723206086842444,0.2857142857142857,wer,0.0,1.0555555555555556,opentts_tetiana
50k,11,11,0.14301267600252626,0.08163265306122448,parakeet_cer,0.0,0.4437134502923976,opentts_tetiana
50k,11,11,0.3882854519218155,0.2727272727272727,parakeet_wer,0.0,1.1111111111111112,opentts_tetiana
50k,11,11,0.38394393162293866,0.3893420994281769,ecapa_similarity,0.2405550628900528,0.505709320306778,opentts_tetiana
50k,11,11,0.0,0.0,clipping_fraction,0.0,0.0,opentts_tetiana
50k,11,11,0.6317258895074649,0.6394487510766581,duration_ratio,0.48885723330167774,0.7779692579105668,opentts_tetiana
50k,11,11,1.7272727272727273,1.0,hf_burst_count,0.0,4.0,opentts_tetiana
50k,410,,0.10975609756097561,,corpus_cer,,,opentts_tetiana
50k,87,,0.3333333333333333,,corpus_wer,,,opentts_tetiana
50k,410,,0.10975609756097561,,corpus_parakeet_cer,,,opentts_tetiana
50k,87,,0.3333333333333333,,corpus_parakeet_wer,,,opentts_tetiana
50k,11,11,2.287671197544445,2.3608994483947754,sigmos_overall,1.8198167085647583,2.7109285593032837,tg_voices_uk
50k,11,11,2.711258953267878,2.7931830883026123,sigmos_speech,2.2481929063796997,3.1263870000839233,tg_voices_uk
50k,11,11,3.9055346142161977,3.8760108947753906,sigmos_noise,3.607519030570984,4.265826463699341,tg_voices_uk
50k,11,11,2.561838236722079,2.425102472305298,sigmos_coloration,2.128275752067566,3.13477098941803,tg_voices_uk
50k,11,11,3.703107942234386,3.6120762825012207,sigmos_discontinuity,3.0943578481674194,4.557648658752441,tg_voices_uk
50k,11,11,5.822456273165616,5.770959854125977,audiobox_pq,5.187296152114868,6.408180475234985,tg_voices_uk
50k,11,11,0.106904156613437,0.15,cer,0.0,0.20506535947712418,tg_voices_uk
50k,11,11,0.3965138396956579,0.42857142857142855,wer,0.0,0.7222222222222222,tg_voices_uk
50k,11,11,0.11157858450294138,0.075,parakeet_cer,0.0196078431372549,0.25567595459236325,tg_voices_uk
50k,11,11,0.3958612094975731,0.375,parakeet_wer,0.07142857142857142,0.7444444444444445,tg_voices_uk
50k,11,11,0.2510006820613688,0.27218133211135864,ecapa_similarity,0.11260399967432022,0.3509303629398346,tg_voices_uk
50k,11,11,0.0,0.0,clipping_fraction,0.0,0.0,tg_voices_uk
50k,11,11,0.7898294856930334,0.8448225286007627,duration_ratio,0.5449012176875936,0.9455312348907993,tg_voices_uk
50k,11,11,2.0,2.0,hf_burst_count,0.0,4.0,tg_voices_uk
50k,451,,0.10864745011086474,,corpus_cer,,,tg_voices_uk
50k,91,,0.4065934065934066,,corpus_wer,,,tg_voices_uk
50k,451,,0.1130820399113082,,corpus_parakeet_cer,,,tg_voices_uk
50k,91,,0.38461538461538464,,corpus_parakeet_wer,,,tg_voices_uk
50k,11,11,2.433201854879206,2.413757085800171,sigmos_overall,2.1421600580215454,2.7664629220962524,ua_ser
50k,11,11,2.868604898452759,2.7739570140838623,sigmos_speech,2.5390180349349976,3.3031187057495117,ua_ser
50k,11,11,3.894422942941839,3.795822858810425,sigmos_noise,3.2014036178588867,4.47511625289917,ua_ser
50k,11,11,2.5531296730041504,2.462743043899536,sigmos_coloration,2.073627233505249,3.0876883268356323,ua_ser
50k,11,11,3.687807885083285,3.7262887954711914,sigmos_discontinuity,3.1148258447647095,4.248575687408447,ua_ser
50k,11,11,5.968545393510298,6.056778907775879,audiobox_pq,5.423997163772583,6.38681435585022,ua_ser
50k,11,11,0.08458155746433257,0.05,cer,0.0,0.25996810207336524,ua_ser
50k,11,11,0.165001665001665,0.14285714285714285,wer,0.0,0.41666666666666663,ua_ser
50k,11,11,0.26506430836574374,0.047619047619047616,parakeet_cer,0.0,1.1263157894736842,ua_ser
50k,11,11,0.3540348540348541,0.2857142857142857,parakeet_wer,0.0,0.8452380952380952,ua_ser
50k,11,11,0.25260940329595044,0.26400449872016907,ecapa_similarity,0.10305733978748322,0.3810008019208908,ua_ser
50k,11,11,0.0,0.0,clipping_fraction,0.0,0.0,ua_ser
50k,11,11,1.0407239596769717,1.0797101449275361,duration_ratio,0.8817414502625232,1.2022272882265683,ua_ser
50k,11,11,2.3636363636363638,3.0,hf_burst_count,0.5,4.5,ua_ser
50k,385,,0.07012987012987013,,corpus_cer,,,ua_ser
50k,88,,0.14772727272727273,,corpus_wer,,,ua_ser
50k,385,,0.19220779220779222,,corpus_parakeet_cer,,,ua_ser
50k,88,,0.3068181818181818,,corpus_parakeet_wer,,,ua_ser
50k,11,11,2.2790264866568823,2.2922849655151367,sigmos_overall,1.7658065557479858,2.655186653137207,ukr_dialects
50k,11,11,2.747999234633012,2.8169379234313965,sigmos_speech,2.089548110961914,3.2062981128692627,ukr_dialects
50k,11,11,3.864563465118408,3.813145875930786,sigmos_noise,3.640897750854492,4.114992141723633,ukr_dialects
50k,11,11,2.524981910532171,2.473151683807373,sigmos_coloration,2.230546236038208,2.7945367097854614,ukr_dialects
50k,11,11,3.7278383645144375,3.809436321258545,sigmos_discontinuity,3.116963267326355,4.33195686340332,ukr_dialects
50k,11,11,6.313104065981778,6.367953777313232,audiobox_pq,5.85879921913147,6.581622838973999,ukr_dialects
50k,11,11,0.19109710739081195,0.13333333333333333,cer,0.03190587237651049,0.49696969696969695,ukr_dialects
50k,11,11,0.4890866709048527,0.2857142857142857,wer,0.13846153846153847,1.0,ukr_dialects
50k,11,11,0.17250205385019093,0.06666666666666667,parakeet_cer,0.022591857000993046,0.625,ukr_dialects
50k,11,11,0.4054581781854509,0.3333333333333333,parakeet_wer,0.12179487179487179,0.8571428571428572,ukr_dialects
50k,11,11,0.2597054608843543,0.25457119941711426,ecapa_similarity,0.1674407348036766,0.3632909208536148,ukr_dialects
50k,11,11,0.0,0.0,clipping_fraction,0.0,0.0,ukr_dialects
50k,11,11,0.732083695821792,0.7489711934156379,duration_ratio,0.4250808819693902,1.0026046570011926,ukr_dialects
50k,11,11,2.090909090909091,1.0,hf_burst_count,0.0,6.0,ukr_dialects
50k,531,,0.1318267419962335,,corpus_cer,,,ukr_dialects
50k,121,,0.3884297520661157,,corpus_wer,,,ukr_dialects
50k,531,,0.10734463276836158,,corpus_parakeet_cer,,,ukr_dialects
50k,121,,0.33884297520661155,,corpus_parakeet_wer,,,ukr_dialects
50k,8,,2.3452243859117683,,sigmos_overall,,,source_macro
50k,8,,2.7666006982326508,,sigmos_speech,,,source_macro
50k,8,,3.870384376157414,,sigmos_noise,,,source_macro
50k,8,,2.6220220435749404,,sigmos_coloration,,,source_macro
50k,8,,3.7180692878636448,,sigmos_discontinuity,,,source_macro
50k,8,,6.19018030166626,,audiobox_pq,,,source_macro
50k,8,,0.13810609544821484,,cer,,,source_macro
50k,8,,0.40524387933813066,,wer,,,source_macro
50k,8,,0.19841503176174763,,parakeet_cer,,,source_macro
50k,8,,0.45511613126920614,,parakeet_wer,,,source_macro
50k,8,,0.262978012080897,,ecapa_similarity,,,source_macro
50k,8,,0.0,,clipping_fraction,,,source_macro
50k,8,,0.7394140419483695,,duration_ratio,,,source_macro
50k,8,,2.1363636363636367,,hf_burst_count,,,source_macro
75k,88,88,2.4732531878081234,2.4934855699539185,sigmos_overall,1.8690892219543458,3.0594967126846306,all
75k,88,88,2.8605013977397573,2.839256525039673,sigmos_speech,2.195994257926941,3.578325557708739,all
75k,88,88,3.916639883409847,3.9462908506393433,sigmos_noise,3.281566870212555,4.523587155342102,all
75k,88,88,2.8780158243396063,2.867775559425354,sigmos_coloration,2.236883819103241,3.4473593831062312,all
75k,88,88,3.6592341363430023,3.6889630556106567,sigmos_discontinuity,3.0266865491867065,4.370461654663085,all
75k,88,88,7.0082860589027405,7.0789031982421875,audiobox_pq,6.1275472164154055,7.512611293792725,all
75k,88,88,0.0755882535319774,0.04285932955763049,cer,0.0,0.2845098039215684,all
75k,88,88,0.27925473442184673,0.25,wer,0.0,0.75,all
75k,88,88,0.12788363503020778,0.04130821187344472,parakeet_cer,0.0,0.6610360360360339,all
75k,88,88,0.33215919589916915,0.25,parakeet_wer,0.0,1.0,all
75k,88,88,0.31377866957336664,0.31683456897735596,ecapa_similarity,0.14985719323158264,0.47941970974206904,all
75k,88,88,0.0,0.0,clipping_fraction,0.0,0.0,all
75k,88,88,0.7539077527036224,0.7265185185185186,duration_ratio,0.5137929724596391,1.121943121708047,all
75k,88,88,2.397727272727273,2.0,hf_burst_count,0.0,6.0,all
75k,4182,,0.0585844093735055,,corpus_cer,,,all
75k,803,,0.24283935242839352,,corpus_wer,,,all
75k,4182,,0.09803921568627451,,corpus_parakeet_cer,,,all
75k,803,,0.26650062266500624,,corpus_parakeet_wer,,,all
75k,11,11,2.675291885029186,2.658304214477539,sigmos_overall,2.245816707611084,3.067562222480774,common_voice_available_uk
75k,11,11,3.0407561388882725,2.9059340953826904,sigmos_speech,2.44305419921875,3.631866455078125,common_voice_available_uk
75k,11,11,4.125705307180231,4.1476545333862305,sigmos_noise,3.5301337242126465,4.658518314361572,common_voice_available_uk
75k,11,11,2.8488121682947334,2.7862548828125,sigmos_coloration,2.504029154777527,3.257808566093445,common_voice_available_uk
75k,11,11,3.8293478272177954,3.895512104034424,sigmos_discontinuity,3.3142062425613403,4.247910499572754,common_voice_available_uk
75k,11,11,6.7664336724714795,6.968586444854736,audiobox_pq,5.907269477844238,7.332379341125488,common_voice_available_uk
75k,11,11,0.05935891132193174,0.06521739130434782,cer,0.0,0.11764705882352941,common_voice_available_uk
75k,11,11,0.26907713498622593,0.25,wer,0.05555555555555555,0.5181818181818182,common_voice_available_uk
75k,11,11,0.12296504942934862,0.04411764705882353,parakeet_cer,0.0,0.5239130434782608,common_voice_available_uk
75k,11,11,0.3156795224977043,0.25,parakeet_wer,0.0,0.6944444444444444,common_voice_available_uk
75k,11,11,0.26950012011961505,0.26831212639808655,ecapa_similarity,0.17614038288593292,0.3589254319667816,common_voice_available_uk
75k,11,11,0.0,0.0,clipping_fraction,0.0,0.0,common_voice_available_uk
75k,11,11,0.6813458400917434,0.6883333333333332,duration_ratio,0.5911111111111111,0.7808952238059516,common_voice_available_uk
75k,11,11,2.727272727272727,3.0,hf_burst_count,0.0,5.5,common_voice_available_uk
75k,494,,0.05668016194331984,,corpus_cer,,,common_voice_available_uk
75k,94,,0.2765957446808511,,corpus_wer,,,common_voice_available_uk
75k,494,,0.11740890688259109,,corpus_parakeet_cer,,,common_voice_available_uk
75k,94,,0.3191489361702128,,corpus_parakeet_wer,,,common_voice_available_uk
75k,11,11,2.245760744268244,2.223313093185425,sigmos_overall,1.812437891960144,2.630164861679077,fleurs_uk
75k,11,11,2.72691332210194,2.667201519012451,sigmos_speech,2.2601664066314697,3.1820647716522217,fleurs_uk
75k,11,11,3.9047872803427954,3.950392484664917,sigmos_noise,3.3911900520324707,4.400885581970215,fleurs_uk
75k,11,11,2.5674209811470727,2.572235107421875,sigmos_coloration,2.249355673789978,2.8717628717422485,fleurs_uk
75k,11,11,3.399319713765925,3.3367159366607666,sigmos_discontinuity,2.9720795154571533,4.030815958976746,fleurs_uk
75k,11,11,6.83744968067516,6.910236358642578,audiobox_pq,6.3418450355529785,7.248669147491455,fleurs_uk
75k,11,11,0.05845214511045931,0.041237113402061855,cer,0.008530839520274128,0.14271255060728744,fleurs_uk
75k,11,11,0.2583363042186572,0.20833333333333334,wer,0.05277777777777778,0.5444444444444444,fleurs_uk
75k,11,11,0.11142100868593528,0.041379310344827586,parakeet_cer,0.003676470588235294,0.43462153742527576,fleurs_uk
75k,11,11,0.2176351752822341,0.20833333333333334,parakeet_wer,0.025,0.5,fleurs_uk
75k,11,11,0.3738262246955525,0.39323070645332336,ecapa_similarity,0.27522486448287964,0.46228472888469696,fleurs_uk
75k,11,11,0.0,0.0,clipping_fraction,0.0,0.0,fleurs_uk
75k,11,11,0.7958102939081958,0.8118518518518518,duration_ratio,0.6785236182826544,0.8988179669030734,fleurs_uk
75k,11,11,2.3636363636363638,0.0,hf_burst_count,0.0,8.5,fleurs_uk
75k,1304,,0.05521472392638037,,corpus_cer,,,fleurs_uk
75k,208,,0.24519230769230768,,corpus_wer,,,fleurs_uk
75k,1304,,0.10736196319018405,,corpus_parakeet_cer,,,fleurs_uk
75k,208,,0.21634615384615385,,corpus_parakeet_wer,,,fleurs_uk
75k,11,11,2.212700366973877,2.2616312503814697,sigmos_overall,1.9662632942199707,2.4336929321289062,opentts_lada
75k,11,11,2.602339679544622,2.5966145992279053,sigmos_speech,2.2153525352478027,2.9644014835357666,opentts_lada
75k,11,11,3.8043646162206475,3.7858028411865234,sigmos_noise,3.155495047569275,4.30558967590332,opentts_lada
75k,11,11,2.977596478028731,2.9909727573394775,sigmos_coloration,2.5295844078063965,3.51139235496521,opentts_lada
75k,11,11,3.6286392862146553,3.5460143089294434,sigmos_discontinuity,2.7691811323165894,4.579338550567627,opentts_lada
75k,11,11,7.319044936786998,7.330786228179932,audiobox_pq,7.047685146331787,7.718790054321289,opentts_lada
75k,11,11,0.1415630193997899,0.09523809523809523,cer,0.0,0.4107142857142857,opentts_lada
75k,11,11,0.4429292929292929,0.4,wer,0.0,0.875,opentts_lada
75k,11,11,0.130714905249789,0.06666666666666667,parakeet_cer,0.0,0.3392857142857143,opentts_lada
75k,11,11,0.4614784205693296,0.4444444444444444,parakeet_wer,0.0,1.0,opentts_lada
75k,11,11,0.2583066780458797,0.23137757182121277,ecapa_similarity,0.1320011019706726,0.4054868519306183,opentts_lada
75k,11,11,0.0,0.0,clipping_fraction,0.0,0.0,opentts_lada
75k,11,11,0.6923140331942934,0.566576332429991,duration_ratio,0.5078045078045078,1.082828282828283,opentts_lada
75k,11,11,2.727272727272727,2.0,hf_burst_count,0.0,6.0,opentts_lada
75k,345,,0.12173913043478261,,corpus_cer,,,opentts_lada
75k,63,,0.36507936507936506,,corpus_wer,,,opentts_lada
75k,345,,0.11304347826086956,,corpus_parakeet_cer,,,opentts_lada
75k,63,,0.38095238095238093,,corpus_parakeet_wer,,,opentts_lada
75k,11,11,2.950215361335061,2.8959665298461914,sigmos_overall,2.545074462890625,3.554662346839905,opentts_mykyta
75k,11,11,3.3031190525401724,3.29547119140625,sigmos_speech,2.7472362518310547,4.013836622238159,opentts_mykyta
75k,11,11,3.922531149604104,3.9995229244232178,sigmos_noise,3.5830801725387573,4.188300609588623,opentts_mykyta
75k,11,11,3.1203795563090932,3.061403751373291,sigmos_coloration,2.6772878170013428,3.8287570476531982,opentts_mykyta
75k,11,11,3.899700489911166,3.830498456954956,sigmos_discontinuity,3.3812206983566284,4.458406448364258,opentts_mykyta
75k,11,11,7.413432164625688,7.460536003112793,audiobox_pq,7.071012735366821,7.672775745391846,opentts_mykyta
75k,11,11,0.1045258617539459,0.09090909090909091,cer,0.0,0.2803921568627451,opentts_mykyta
75k,11,11,0.43658008658008657,0.3333333333333333,wer,0.0,0.875,opentts_mykyta
75k,11,11,0.163393422488748,0.17647058823529413,parakeet_cer,0.0,0.38636363636363635,opentts_mykyta
75k,11,11,0.6222943722943723,0.6666666666666666,parakeet_wer,0.0,1.0,opentts_mykyta
75k,11,11,0.28759756684303284,0.2651522159576416,ecapa_similarity,0.21322043240070343,0.36682356894016266,opentts_mykyta
75k,11,11,0.0,0.0,clipping_fraction,0.0,0.0,opentts_mykyta
75k,11,11,0.6430277859065737,0.610909090909091,duration_ratio,0.5263003663003663,0.8074897119341564,opentts_mykyta
75k,11,11,1.7272727272727273,1.0,hf_burst_count,0.0,4.5,opentts_mykyta
75k,262,,0.07251908396946564,,corpus_cer,,,opentts_mykyta
75k,51,,0.39215686274509803,,corpus_wer,,,opentts_mykyta
75k,262,,0.10305343511450382,,corpus_parakeet_cer,,,opentts_mykyta
75k,51,,0.5294117647058824,,corpus_parakeet_wer,,,opentts_mykyta
75k,11,11,2.434555010362105,2.5073049068450928,sigmos_overall,1.8940805196762085,2.918088674545288,opentts_tetiana
75k,11,11,2.7331955432891846,2.6898837089538574,sigmos_speech,2.2655004262924194,3.198370575904846,opentts_tetiana
75k,11,11,3.9702281301671807,4.055074691772461,sigmos_noise,3.458765387535095,4.347334384918213,opentts_tetiana
75k,11,11,2.887423515319824,2.9384186267852783,sigmos_coloration,2.4489586353302,3.1988219022750854,opentts_tetiana
75k,11,11,3.515419266440652,3.626619815826416,sigmos_discontinuity,3.1117992401123047,3.8968467712402344,opentts_tetiana
75k,11,11,7.041321190920743,7.143636226654053,audiobox_pq,6.380555629730225,7.416015863418579,opentts_tetiana
75k,11,11,0.06835840855173063,0.022727272727272728,cer,0.0,0.28289473684210525,opentts_tetiana
75k,11,11,0.28745900564082383,0.1111111111111111,wer,0.0,1.0,opentts_tetiana
75k,11,11,0.08211331701123935,0.027777777777777776,parakeet_cer,0.0,0.36184210526315785,opentts_tetiana
75k,11,11,0.30564082382264196,0.14285714285714285,parakeet_wer,0.0,1.0,opentts_tetiana
75k,11,11,0.4480994533408772,0.45864203572273254,ecapa_similarity,0.366345152258873,0.520092099905014,opentts_tetiana
75k,11,11,0.0,0.0,clipping_fraction,0.0,0.0,opentts_tetiana
75k,11,11,0.6378742014691284,0.6497541789577187,duration_ratio,0.5029439696106363,0.8131276231010226,opentts_tetiana
75k,11,11,2.272727272727273,2.0,hf_burst_count,0.0,5.0,opentts_tetiana
75k,410,,0.046341463414634146,,corpus_cer,,,opentts_tetiana
75k,87,,0.21839080459770116,,corpus_wer,,,opentts_tetiana
75k,410,,0.05365853658536585,,corpus_parakeet_cer,,,opentts_tetiana
75k,87,,0.2413793103448276,,corpus_parakeet_wer,,,opentts_tetiana
75k,11,11,2.5579175732352515,2.5419983863830566,sigmos_overall,2.223978877067566,2.8325042724609375,tg_voices_uk
75k,11,11,2.9664633057334204,3.0265347957611084,sigmos_speech,2.5620516538619995,3.3791204690933228,tg_voices_uk
75k,11,11,3.932442621751265,4.044981956481934,sigmos_noise,3.4936877489089966,4.409001588821411,tg_voices_uk
75k,11,11,2.953424258665605,3.0478603839874268,sigmos_coloration,2.454037666320801,3.213166832923889,tg_voices_uk
75k,11,11,3.64557467807423,3.7124459743499756,sigmos_discontinuity,3.233644962310791,4.1939404010772705,tg_voices_uk
75k,11,11,6.874061931263316,6.857831001281738,audiobox_pq,6.493720769882202,7.157994985580444,tg_voices_uk
75k,11,11,0.051477523663681655,0.0392156862745098,cer,0.0,0.1434634974533107,tg_voices_uk
75k,11,11,0.17951921815558178,0.2222222222222222,wer,0.0,0.35416666666666663,tg_voices_uk
75k,11,11,0.05278314195487723,0.05263157894736842,parakeet_cer,0.0,0.12007168458781362,tg_voices_uk
75k,11,11,0.2226288862652499,0.25,parakeet_wer,0.0,0.41666666666666663,tg_voices_uk
75k,11,11,0.2742113708095117,0.2900038957595825,ecapa_similarity,0.12217802181839943,0.3978489935398102,tg_voices_uk
75k,11,11,0.0,0.0,clipping_fraction,0.0,0.0,tg_voices_uk
75k,11,11,0.779762815507744,0.8281346761839574,duration_ratio,0.5162427903187955,0.958200910778642,tg_voices_uk
75k,11,11,2.272727272727273,2.0,hf_burst_count,0.5,4.0,tg_voices_uk
75k,451,,0.050997782705099776,,corpus_cer,,,tg_voices_uk
75k,91,,0.18681318681318682,,corpus_wer,,,tg_voices_uk
75k,451,,0.05321507760532151,,corpus_parakeet_cer,,,tg_voices_uk
75k,91,,0.23076923076923078,,corpus_parakeet_wer,,,tg_voices_uk
75k,11,11,2.3479101224379106,2.3160483837127686,sigmos_overall,1.9294207096099854,2.7988247871398926,ua_ser
75k,11,11,2.7379298860376533,2.80206298828125,sigmos_speech,2.1246514320373535,3.3175967931747437,ua_ser
75k,11,11,3.9041178876703437,3.798931121826172,sigmos_noise,3.3224880695343018,4.524802923202515,ua_ser
75k,11,11,2.6716032244942407,2.8344345092773438,sigmos_coloration,1.9397521018981934,3.33916175365448,ua_ser
75k,11,11,3.7038345770402388,3.845224380493164,sigmos_discontinuity,3.030248761177063,4.252894639968872,ua_ser
75k,11,11,6.944521990689364,6.985876083374023,audiobox_pq,6.572277069091797,7.156532049179077,ua_ser
75k,11,11,0.010853729603729602,0.0,cer,0.0,0.05969551282051282,ua_ser
75k,11,11,0.06493506493506493,0.0,wer,0.0,0.3571428571428571,ua_ser
75k,11,11,0.2345557439636387,0.03125,parakeet_cer,0.0,1.174736842105263,ua_ser
75k,11,11,0.24847374847374848,0.15384615384615385,parakeet_wer,0.0,0.75,ua_ser
75k,11,11,0.29495968466455286,0.26891547441482544,ecapa_similarity,0.13723444193601608,0.4633164554834366,ua_ser
75k,11,11,0.0,0.0,clipping_fraction,0.0,0.0,ua_ser
75k,11,11,1.0592108604337982,1.1014492753623188,duration_ratio,0.8795111362457717,1.2382300656531722,ua_ser
75k,11,11,2.5454545454545454,3.0,hf_burst_count,0.5,4.5,ua_ser
75k,385,,0.01038961038961039,,corpus_cer,,,ua_ser
75k,88,,0.056818181818181816,,corpus_wer,,,ua_ser
75k,385,,0.16363636363636364,,corpus_parakeet_cer,,,ua_ser
75k,88,,0.2159090909090909,,corpus_parakeet_wer,,,ua_ser
75k,11,11,2.361674438823353,2.501220464706421,sigmos_overall,1.7900429964065552,2.8373796939849854,ukr_dialects
75k,11,11,2.7732942537827925,2.63908052444458,sigmos_speech,2.220088005065918,3.3220633268356323,ukr_dialects
75k,11,11,3.7689420743422075,3.907015800476074,sigmos_noise,2.9110008478164673,4.364656925201416,ukr_dialects
75k,11,11,2.9974664124575527,3.094125747680664,sigmos_coloration,2.466474771499634,3.4291995763778687,ukr_dialects
75k,11,11,3.652037252079357,3.4579169750213623,sigmos_discontinuity,3.228610873222351,4.4289045333862305,ukr_dialects
75k,11,11,6.870022903789174,6.97382926940918,audiobox_pq,6.298948049545288,7.176097869873047,ukr_dialects
75k,11,11,0.1101164288505505,0.06060606060606061,cer,0.0,0.39285714285714285,ukr_dialects
75k,11,11,0.2952017679290406,0.2619047619047619,wer,0.0,0.6439393939393939,ukr_dialects
75k,11,11,0.12512249145808613,0.03932584269662921,parakeet_cer,0.0,0.5625,ukr_dialects
75k,11,11,0.2634426179880725,0.14285714285714285,parakeet_wer,0.0,0.8833333333333333,ukr_dialects
75k,11,11,0.3037282580679113,0.31012487411499023,ecapa_similarity,0.1974514052271843,0.41300955414772034,ukr_dialects
75k,11,11,0.0,0.0,clipping_fraction,0.0,0.0,ukr_dialects
75k,11,11,0.7419161911175034,0.7367311072056238,duration_ratio,0.4491754529841319,1.0232818678215025,ukr_dialects
75k,11,11,2.5454545454545454,2.0,hf_burst_count,0.0,6.5,ukr_dialects
75k,531,,0.07156308851224105,,corpus_cer,,,ukr_dialects
75k,121,,0.2809917355371901,,corpus_wer,,,ukr_dialects
75k,531,,0.0696798493408663,,corpus_parakeet_cer,,,ukr_dialects
75k,121,,0.2231404958677686,,corpus_parakeet_wer,,,ukr_dialects
75k,8,,2.4732531878081234,,sigmos_overall,,,source_macro
75k,8,,2.860501397739757,,sigmos_speech,,,source_macro
75k,8,,3.916639883409847,,sigmos_noise,,,source_macro
75k,8,,2.878015824339607,,sigmos_coloration,,,source_macro
75k,8,,3.6592341363430023,,sigmos_discontinuity,,,source_macro
75k,8,,7.0082860589027405,,audiobox_pq,,,source_macro
75k,8,,0.0755882535319774,,cer,,,source_macro
75k,8,,0.27925473442184673,,wer,,,source_macro
75k,8,,0.12788363503020778,,parakeet_cer,,,source_macro
75k,8,,0.3321591958991692,,parakeet_wer,,,source_macro
75k,8,,0.31377866957336664,,ecapa_similarity,,,source_macro
75k,8,,0.0,,clipping_fraction,,,source_macro
75k,8,,0.7539077527036225,,duration_ratio,,,source_macro
75k,8,,2.3977272727272725,,hf_burst_count,,,source_macro
100k,88,88,2.532629890875383,2.5348758697509766,sigmos_overall,1.9392620921134949,3.0502435088157647,all
100k,88,88,2.950761077078906,2.9789572954177856,sigmos_speech,2.292439591884613,3.5476208448410027,all
100k,88,88,3.8366443162614647,3.84981107711792,sigmos_noise,3.2238730788230896,4.35117883682251,all
100k,88,88,2.8489994271235033,2.822302460670471,sigmos_coloration,2.2818624496459963,3.4618007898330685,all
100k,88,88,3.7786442935466766,3.7576591968536377,sigmos_discontinuity,3.098969829082489,4.484677696228027,all
100k,88,88,7.1077633120796895,7.188783168792725,audiobox_pq,6.517030811309814,7.506202650070191,all
100k,88,88,0.05636337076301278,0.02817460317460317,cer,0.0,0.23618421052631544,all
100k,88,88,0.24772000689447216,0.2,wer,0.0,0.75,all
100k,88,88,0.09598463295322052,0.039230769230769236,parakeet_cer,0.0,0.35614035087719265,all
100k,88,88,0.2940681425674741,0.2222222222222222,parakeet_wer,0.0,1.0,all
100k,88,88,0.3347206667742946,0.32672084867954254,ecapa_similarity,0.17175915613770484,0.5128946185111999,all
100k,88,88,0.0,0.0,clipping_fraction,0.0,0.0,all
100k,88,88,0.7293392550786404,0.7184227897026427,duration_ratio,0.4982564102564102,1.0577700458322756,all
100k,88,88,2.352272727272727,2.0,hf_burst_count,0.0,6.0,all
100k,4182,,0.04399808703969393,,corpus_cer,,,all
100k,803,,0.20797011207970112,,corpus_wer,,,all
100k,4182,,0.060736489717838356,,corpus_parakeet_cer,,,all
100k,803,,0.2266500622665006,,corpus_parakeet_wer,,,all
100k,11,11,2.509356281974099,2.4594550132751465,sigmos_overall,2.2609068155288696,2.9446340799331665,common_voice_available_uk
100k,11,11,2.903339884497903,2.9179720878601074,sigmos_speech,2.4355101585388184,3.493583559989929,common_voice_available_uk
100k,11,11,3.845991763201627,3.8635764122009277,sigmos_noise,3.3968892097473145,4.46744966506958,common_voice_available_uk
100k,11,11,2.7687008380889893,2.823918581008911,sigmos_coloration,1.9557644128799438,3.41458523273468,common_voice_available_uk
100k,11,11,3.783909971063787,3.7782392501831055,sigmos_discontinuity,3.28731632232666,4.228309154510498,common_voice_available_uk
100k,11,11,7.074866511605003,7.207833290100098,audiobox_pq,6.380728244781494,7.460268497467041,common_voice_available_uk
100k,11,11,0.038051501557014956,0.029411764705882353,cer,0.0,0.0988235294117647,common_voice_available_uk
100k,11,11,0.20670339761248852,0.2,wer,0.0,0.4147727272727273,common_voice_available_uk
100k,11,11,0.02626199524065442,0.0,parakeet_cer,0.0,0.08514492753623187,common_voice_available_uk
100k,11,11,0.18971533516988062,0.2,parakeet_wer,0.0,0.45454545454545453,common_voice_available_uk
100k,11,11,0.28128455172885547,0.26324841380119324,ecapa_similarity,0.16313792020082474,0.3804135322570801,common_voice_available_uk
100k,11,11,0.0,0.0,clipping_fraction,0.0,0.0,common_voice_available_uk
100k,11,11,0.6772783908640176,0.6766666666666666,duration_ratio,0.584,0.7763280293757651,common_voice_available_uk
100k,11,11,2.1818181818181817,2.0,hf_burst_count,0.0,4.5,common_voice_available_uk
100k,494,,0.04048582995951417,,corpus_cer,,,common_voice_available_uk
100k,94,,0.22340425531914893,,corpus_wer,,,common_voice_available_uk
100k,494,,0.030364372469635626,,corpus_parakeet_cer,,,common_voice_available_uk
100k,94,,0.2127659574468085,,corpus_parakeet_wer,,,common_voice_available_uk
100k,11,11,2.291615746238015,2.244096517562866,sigmos_overall,1.8900721073150635,2.6522057056427,fleurs_uk
100k,11,11,2.698984991420399,2.6486258506774902,sigmos_speech,2.237990140914917,3.079846143722534,fleurs_uk
100k,11,11,3.8133046410300513,3.721611499786377,sigmos_noise,3.58599054813385,4.027051210403442,fleurs_uk
100k,11,11,2.622588807886297,2.6107447147369385,sigmos_coloration,2.3234211206436157,2.9314714670181274,fleurs_uk
100k,11,11,3.501353610645641,3.426846504211426,sigmos_discontinuity,3.1819487810134888,3.9445749521255493,fleurs_uk
100k,11,11,7.024496035142378,7.059528827667236,audiobox_pq,6.724131107330322,7.27625584602356,fleurs_uk
100k,11,11,0.032917153204399585,0.021505376344086023,cer,0.0045045045045045045,0.0907557354925776,fleurs_uk
100k,11,11,0.1872994652406417,0.11764705882352941,wer,0.027777777777777776,0.41666666666666663,fleurs_uk
100k,11,11,0.03142668933073332,0.02877697841726619,parakeet_cer,0.0,0.07931943445962138,fleurs_uk
100k,11,11,0.12108140225787284,0.1111111111111111,parakeet_wer,0.0,0.29166666666666663,fleurs_uk
100k,11,11,0.4152805588462136,0.4486311972141266,ecapa_similarity,0.2913326621055603,0.4823429733514786,fleurs_uk
100k,11,11,0.0,0.0,clipping_fraction,0.0,0.0,fleurs_uk
100k,11,11,0.7790267913040779,0.8,duration_ratio,0.6584924732945387,0.8685579196217494,fleurs_uk
100k,11,11,3.909090909090909,3.0,hf_burst_count,0.5,8.5,fleurs_uk
100k,1304,,0.03144171779141104,,corpus_cer,,,fleurs_uk
100k,208,,0.18269230769230768,,corpus_wer,,,fleurs_uk
100k,1304,,0.03067484662576687,,corpus_parakeet_cer,,,fleurs_uk
100k,208,,0.125,,corpus_parakeet_wer,,,fleurs_uk
100k,11,11,2.597890463742343,2.6838431358337402,sigmos_overall,1.9854315519332886,2.9146926403045654,opentts_lada
100k,11,11,3.056352572007613,3.097954034805298,sigmos_speech,2.519537329673767,3.394545316696167,opentts_lada
100k,11,11,3.7372067841616543,3.821523666381836,sigmos_noise,3.131097912788391,4.294614315032959,opentts_lada
100k,11,11,3.028434016487815,3.1536216735839844,sigmos_coloration,2.266784906387329,3.5339975357055664,opentts_lada
100k,11,11,3.959930658340454,3.83636736869812,sigmos_discontinuity,3.3033682107925415,4.6515350341796875,opentts_lada
100k,11,11,7.2698260654102675,7.237930774688721,audiobox_pq,6.803252458572388,7.680086851119995,opentts_lada
100k,11,11,0.10828327150398236,0.07142857142857142,cer,0.0,0.2877906976744186,opentts_lada
100k,11,11,0.38181818181818183,0.3333333333333333,wer,0.0,0.875,opentts_lada
100k,11,11,0.13830631469211344,0.12,parakeet_cer,0.035897435897435895,0.2945736434108527,opentts_lada
100k,11,11,0.5516988062442608,0.3333333333333333,parakeet_wer,0.12878787878787878,1.3333333333333335,opentts_lada
100k,11,11,0.2493448555469513,0.2457359880208969,ecapa_similarity,0.16969770193099976,0.36412084102630615,opentts_lada
100k,11,11,0.0,0.0,clipping_fraction,0.0,0.0,opentts_lada
100k,11,11,0.6218297789850655,0.5420054200542006,duration_ratio,0.484316917650251,0.9050097614803497,opentts_lada
100k,11,11,2.5454545454545454,1.0,hf_burst_count,0.0,6.0,opentts_lada
100k,345,,0.09855072463768116,,corpus_cer,,,opentts_lada
100k,63,,0.30158730158730157,,corpus_wer,,,opentts_lada
100k,345,,0.11884057971014493,,corpus_parakeet_cer,,,opentts_lada
100k,63,,0.42857142857142855,,corpus_parakeet_wer,,,opentts_lada
100k,11,11,2.7191015807065098,2.6801767349243164,sigmos_overall,2.462486147880554,3.0322115421295166,opentts_mykyta
100k,11,11,3.0332706624811347,3.111632823944092,sigmos_speech,2.525536298751831,3.479362726211548,opentts_mykyta
100k,11,11,3.82856577092951,3.805347442626953,sigmos_noise,3.5652235746383667,4.236786127090454,opentts_mykyta
100k,11,11,2.9964544773101807,2.8696045875549316,sigmos_coloration,2.5538941621780396,3.4661853313446045,opentts_mykyta
100k,11,11,3.8263214934955943,3.776984214782715,sigmos_discontinuity,3.4633861780166626,4.272505521774292,opentts_mykyta
100k,11,11,7.181222568858754,7.23883056640625,audiobox_pq,6.656580209732056,7.464688777923584,opentts_mykyta
100k,11,11,0.06186133971390461,0.058823529411764705,cer,0.0,0.1760154738878143,opentts_mykyta
100k,11,11,0.4187229437229437,0.375,wer,0.0,0.8571428571428572,opentts_mykyta
100k,11,11,0.14348858664495434,0.06382978723404255,parakeet_cer,0.0,0.35416666666666663,opentts_mykyta
100k,11,11,0.4277056277056277,0.3333333333333333,parakeet_wer,0.0,1.0,opentts_mykyta
100k,11,11,0.2645859880880876,0.26638245582580566,ecapa_similarity,0.21177040040493011,0.31953179836273193,opentts_mykyta
100k,11,11,0.0,0.0,clipping_fraction,0.0,0.0,opentts_mykyta
100k,11,11,0.6357366221507635,0.623838383838384,duration_ratio,0.5058333333333334,0.8060905349794238,opentts_mykyta
100k,11,11,1.7272727272727273,2.0,hf_burst_count,0.0,4.0,opentts_mykyta
100k,262,,0.061068702290076333,,corpus_cer,,,opentts_mykyta
100k,51,,0.4117647058823529,,corpus_wer,,,opentts_mykyta
100k,262,,0.09541984732824428,,corpus_parakeet_cer,,,opentts_mykyta
100k,51,,0.39215686274509803,,corpus_parakeet_wer,,,opentts_mykyta
100k,11,11,2.597004933790727,2.6661574840545654,sigmos_overall,2.009127140045166,3.0351507663726807,opentts_tetiana
100k,11,11,2.9940106868743896,3.1756722927093506,sigmos_speech,2.1994192600250244,3.4482004642486572,opentts_tetiana
100k,11,11,3.9397858489643443,3.9855589866638184,sigmos_noise,3.5970497131347656,4.275744438171387,opentts_tetiana
100k,11,11,2.958310669118708,2.9828274250030518,sigmos_coloration,2.5719993114471436,3.4277853965759277,opentts_tetiana
100k,11,11,3.915447321805087,3.858804941177368,sigmos_discontinuity,3.398067593574524,4.482771873474121,opentts_tetiana
100k,11,11,7.283648881045255,7.310194969177246,audiobox_pq,6.9651665687561035,7.4531097412109375,opentts_tetiana
100k,11,11,0.06788681108765195,0.027777777777777776,cer,0.0,0.25526315789473686,opentts_tetiana
100k,11,11,0.3228125409943592,0.16666666666666666,wer,0.0,1.1666666666666665,opentts_tetiana
100k,11,11,0.06206375061854239,0.027777777777777776,parakeet_cer,0.0,0.23421052631578948,opentts_tetiana
100k,11,11,0.32483274301456116,0.16666666666666666,parakeet_wer,0.0,0.9444444444444444,opentts_tetiana
100k,11,11,0.4442803778431632,0.4651249349117279,ecapa_similarity,0.31453779339790344,0.5501710176467896,opentts_tetiana
100k,11,11,0.0,0.0,clipping_fraction,0.0,0.0,opentts_tetiana
100k,11,11,0.6246591630687987,0.6104228121927237,duration_ratio,0.4922692787861327,0.8419778762980039,opentts_tetiana
100k,11,11,2.0,1.0,hf_burst_count,0.0,4.5,opentts_tetiana
100k,410,,0.04878048780487805,,corpus_cer,,,opentts_tetiana
100k,87,,0.2413793103448276,,corpus_wer,,,opentts_tetiana
100k,410,,0.04390243902439024,,corpus_parakeet_cer,,,opentts_tetiana
100k,87,,0.26436781609195403,,corpus_parakeet_wer,,,opentts_tetiana
100k,11,11,2.6280045075850054,2.603963851928711,sigmos_overall,2.2603092193603516,3.063955545425415,tg_voices_uk
100k,11,11,3.03204066103155,3.020355224609375,sigmos_speech,2.559130311012268,3.5053411722183228,tg_voices_uk
100k,11,11,3.98696983944286,4.1154465675354,sigmos_noise,3.514408588409424,4.357473850250244,tg_voices_uk
100k,11,11,2.8431216803464023,2.8494460582733154,sigmos_coloration,2.3704206943511963,3.317745089530945,tg_voices_uk
100k,11,11,3.6678721688010474,3.540010929107666,sigmos_discontinuity,3.025602340698242,4.537517547607422,tg_voices_uk
100k,11,11,7.046747207641602,7.131378173828125,audiobox_pq,6.617723703384399,7.499423503875732,tg_voices_uk
100k,11,11,0.0345817099158487,0.02857142857142857,cer,0.0,0.10264227642276422,tg_voices_uk
100k,11,11,0.1634297520661157,0.2,wer,0.0,0.303030303030303,tg_voices_uk
100k,11,11,0.07222528750142851,0.08,parakeet_cer,0.0,0.16820276497695852,tg_voices_uk
100k,11,11,0.3119146005509642,0.3333333333333333,parakeet_wer,0.0,0.5,tg_voices_uk
100k,11,11,0.31473120098764246,0.34145456552505493,ecapa_similarity,0.1722010374069214,0.4135764092206955,tg_voices_uk
100k,11,11,0.0,0.0,clipping_fraction,0.0,0.0,tg_voices_uk
100k,11,11,0.7757960437514432,0.8218767315276555,duration_ratio,0.5126221135201722,0.9771414214265228,tg_voices_uk
100k,11,11,1.6363636363636365,2.0,hf_burst_count,0.0,3.0,tg_voices_uk
100k,451,,0.03547671840354767,,corpus_cer,,,tg_voices_uk
100k,91,,0.16483516483516483,,corpus_wer,,,tg_voices_uk
100k,451,,0.06430155210643015,,corpus_parakeet_cer,,,tg_voices_uk
100k,91,,0.27472527472527475,,corpus_parakeet_wer,,,tg_voices_uk
100k,11,11,2.5007756623354824,2.521536111831665,sigmos_overall,1.9167582988739014,2.9590635299682617,ua_ser
100k,11,11,3.0048931511965664,3.1800854206085205,sigmos_speech,2.2716559171676636,3.5410717725753784,ua_ser
100k,11,11,3.994043306870894,3.893650770187378,sigmos_noise,3.6709513664245605,4.5114054679870605,ua_ser
100k,11,11,2.621712186119773,2.7346811294555664,sigmos_coloration,1.9925116300582886,2.9713289737701416,ua_ser
100k,11,11,3.7949323003942315,3.76346755027771,sigmos_discontinuity,3.113740086555481,4.494722843170166,ua_ser
100k,11,11,7.035215507854115,7.037816047668457,audiobox_pq,6.719001770019531,7.304983139038086,ua_ser
100k,11,11,0.01774267399267399,0.0,cer,0.0,0.08195970695970695,ua_ser
100k,11,11,0.08802308802308802,0.0,wer,0.0,0.42857142857142855,ua_ser
100k,11,11,0.2133155733155733,0.0,parakeet_cer,0.0,1.02,ua_ser
100k,11,11,0.20634920634920634,0.0,parakeet_wer,0.0,0.6666666666666667,ua_ser
100k,11,11,0.3562445207075639,0.36124300956726074,ecapa_similarity,0.20458388328552246,0.5119379460811615,ua_ser
100k,11,11,0.0,0.0,clipping_fraction,0.0,0.0,ua_ser
100k,11,11,1.016230405718802,1.0253623188405798,duration_ratio,0.8163019724705548,1.2044486425533092,ua_ser
100k,11,11,2.4545454545454546,3.0,hf_burst_count,0.5,4.5,ua_ser
100k,385,,0.01818181818181818,,corpus_cer,,,ua_ser
100k,88,,0.07954545454545454,,corpus_wer,,,ua_ser
100k,385,,0.14545454545454545,,corpus_parakeet_cer,,,ua_ser
100k,88,,0.17045454545454544,,corpus_parakeet_wer,,,ua_ser
100k,11,11,2.4172899506308814,2.387382745742798,sigmos_overall,1.885541558265686,2.898577928543091,ukr_dialects
100k,11,11,2.883196007121693,2.860100746154785,sigmos_speech,2.249028205871582,3.5321117639541626,ukr_dialects
100k,11,11,3.5472865754907783,3.6588757038116455,sigmos_noise,2.6734877824783325,4.185961723327637,ukr_dialects
100k,11,11,2.952672741629861,2.9507789611816406,sigmos_coloration,2.624672532081604,3.3232558965682983,ukr_dialects
100k,11,11,3.7793868238275703,3.8379642963409424,sigmos_discontinuity,3.155243158340454,4.176703453063965,ukr_dialects
100k,11,11,6.9460837190801445,7.063766956329346,audiobox_pq,6.432688474655151,7.2147932052612305,ukr_dialects
100k,11,11,0.0895825051286261,0.03932584269662921,cer,0.0,0.3261904761904762,ukr_dialects
100k,11,11,0.21295068567795844,0.19047619047619047,wer,0.0,0.5606060606060606,ukr_dialects
100k,11,11,0.08078886628176431,0.04,parakeet_cer,0.0,0.30833333333333335,ukr_dialects
100k,11,11,0.21924741924741922,0.16666666666666666,parakeet_wer,0.0,0.6666666666666667,ukr_dialects
100k,11,11,0.35201328044587915,0.3278721272945404,ecapa_similarity,0.2629731521010399,0.47742000222206116,ukr_dialects
100k,11,11,0.0,0.0,clipping_fraction,0.0,0.0,ukr_dialects
100k,11,11,0.7041568447861545,0.7222222222222222,duration_ratio,0.4534889749904205,0.8924420285021899,ukr_dialects
100k,11,11,2.3636363636363638,2.0,hf_burst_count,0.0,7.0,ukr_dialects
100k,531,,0.05649717514124294,,corpus_cer,,,ukr_dialects
100k,121,,0.2066115702479339,,corpus_wer,,,ukr_dialects
100k,531,,0.05649717514124294,,corpus_parakeet_cer,,,ukr_dialects
100k,121,,0.21487603305785125,,corpus_parakeet_wer,,,ukr_dialects
100k,8,,2.5326298908753833,,sigmos_overall,,,source_macro
100k,8,,2.950761077078906,,sigmos_speech,,,source_macro
100k,8,,3.836644316261465,,sigmos_noise,,,source_macro
100k,8,,2.848999427123503,,sigmos_coloration,,,source_macro
100k,8,,3.7786442935466766,,sigmos_discontinuity,,,source_macro
100k,8,,7.1077633120796895,,audiobox_pq,,,source_macro
100k,8,,0.05636337076301278,,cer,,,source_macro
100k,8,,0.24772000689447213,,wer,,,source_macro
100k,8,,0.0959846329532205,,parakeet_cer,,,source_macro
100k,8,,0.2940681425674741,,parakeet_wer,,,source_macro
100k,8,,0.3347206667742946,,ecapa_similarity,,,source_macro
100k,8,,0.0,,clipping_fraction,,,source_macro
100k,8,,0.7293392550786404,,duration_ratio,,,source_macro
100k,8,,2.3522727272727275,,hf_burst_count,,,source_macro
120k,88,88,2.6010557250543074,2.5957366228103638,sigmos_overall,2.0442620873451234,3.0717860221862794,all
120k,88,88,3.045731555331837,3.0695157051086426,sigmos_speech,2.410408318042755,3.680868601799011,all
120k,88,88,3.8745058829134162,3.907800555229187,sigmos_noise,3.1461993217468263,4.477912735939025,all
120k,88,88,2.862575138157064,2.881946086883545,sigmos_coloration,2.2441001415252684,3.458567917346954,all
120k,88,88,3.862720410932194,3.887086272239685,sigmos_discontinuity,3.1665154099464417,4.325747609138489,all
120k,88,88,7.328047389333898,7.340925455093384,audiobox_pq,6.8412696599960325,7.747029566764831,all
120k,88,88,0.06186079432407176,0.02105496453900709,cer,0.0,0.20896317829457364,all
120k,88,88,0.24411695071120204,0.15476190476190477,wer,0.0,1.0,all
120k,88,88,0.09875502362667418,0.028750826173165895,parakeet_cer,0.0,0.3765664160401001,all
120k,88,88,0.2749598863703142,0.17914438502673796,parakeet_wer,0.0,0.9416666666666652,all
120k,88,88,0.3875449760393663,0.3921818733215332,ecapa_similarity,0.21213209107518197,0.5835274308919904,all
120k,88,88,0.0,0.0,clipping_fraction,0.0,0.0,all
120k,88,88,0.7418101905989422,0.7228341384863124,duration_ratio,0.5019658119658119,1.0789428815004258,all
120k,88,88,2.2954545454545454,2.0,hf_burst_count,0.0,6.0,all
120k,4182,,0.03993304638928742,,corpus_cer,,,all
120k,803,,0.19053549190535493,,corpus_wer,,,all
120k,4182,,0.06121472979435677,,corpus_parakeet_cer,,,all
120k,803,,0.21046077210460773,,corpus_parakeet_wer,,,all
120k,11,11,2.665893641385165,2.715325117111206,sigmos_overall,2.244126319885254,3.017228364944458,common_voice_available_uk
120k,11,11,3.0744233564897017,3.0693819522857666,sigmos_speech,2.7322663068771362,3.471391797065735,common_voice_available_uk
120k,11,11,4.004729661074552,3.999114990234375,sigmos_noise,3.467658042907715,4.396335124969482,common_voice_available_uk
120k,11,11,2.8755169348283247,2.8724863529205322,sigmos_coloration,2.254528522491455,3.4431408643722534,common_voice_available_uk
120k,11,11,3.8688763921911065,3.7744462490081787,sigmos_discontinuity,3.481380820274353,4.395225524902344,common_voice_available_uk
120k,11,11,7.392600666392934,7.58537483215332,audiobox_pq,6.857492923736572,7.744920492172241,common_voice_available_uk
120k,11,11,0.037713387175643924,0.021739130434782608,cer,0.0,0.1127450980392157,common_voice_available_uk
120k,11,11,0.1922635445362718,0.2,wer,0.0,0.3693181818181818,common_voice_available_uk
120k,11,11,0.020563396744688933,0.0,parakeet_cer,0.0,0.07352941176470588,common_voice_available_uk
120k,11,11,0.16152433425160695,0.18181818181818182,parakeet_wer,0.0,0.45,common_voice_available_uk
120k,11,11,0.37337634509260004,0.4103032648563385,ecapa_similarity,0.2672537863254547,0.46757872402668,common_voice_available_uk
120k,11,11,0.0,0.0,clipping_fraction,0.0,0.0,common_voice_available_uk
120k,11,11,0.675212807535387,0.6606451612903226,duration_ratio,0.5768888888888888,0.7719139858674742,common_voice_available_uk
120k,11,11,1.8181818181818181,2.0,hf_burst_count,0.0,4.0,common_voice_available_uk
120k,494,,0.038461538461538464,,corpus_cer,,,common_voice_available_uk
120k,94,,0.20212765957446807,,corpus_wer,,,common_voice_available_uk
120k,494,,0.022267206477732792,,corpus_parakeet_cer,,,common_voice_available_uk
120k,94,,0.18085106382978725,,corpus_parakeet_wer,,,common_voice_available_uk
120k,11,11,2.507091348821467,2.482682943344116,sigmos_overall,2.02129065990448,2.975750207901001,fleurs_uk
120k,11,11,2.998312299901789,2.9642131328582764,sigmos_speech,2.441965103149414,3.535173773765564,fleurs_uk
120k,11,11,3.8783779577775435,3.8248512744903564,sigmos_noise,3.4309396743774414,4.44765830039978,fleurs_uk
120k,11,11,2.665340922095559,2.8016858100891113,sigmos_coloration,2.1550583839416504,2.9439526796340942,fleurs_uk
120k,11,11,3.808076164939187,3.8360698223114014,sigmos_discontinuity,3.432582378387451,4.282775640487671,fleurs_uk
120k,11,11,7.261694604700262,7.268613338470459,audiobox_pq,6.911021947860718,7.56502628326416,fleurs_uk
120k,11,11,0.022244939004018673,0.010752688172043012,cer,0.003676470588235294,0.06460159938337026,fleurs_uk
120k,11,11,0.13519904931669638,0.08,wer,0.05,0.32230392156862747,fleurs_uk
120k,11,11,0.04396163081961837,0.014388489208633094,parakeet_cer,0.0,0.1834811087147536,fleurs_uk
120k,11,11,0.12339275103980989,0.1,parakeet_wer,0.0,0.3402777777777778,fleurs_uk
120k,11,11,0.47894536365162244,0.4874797761440277,ecapa_similarity,0.38541629910469055,0.5508743524551392,fleurs_uk
120k,11,11,0.0,0.0,clipping_fraction,0.0,0.0,fleurs_uk
120k,11,11,0.7862375503165716,0.8071111111111111,duration_ratio,0.6653716908450127,0.8944177974555542,fleurs_uk
120k,11,11,4.2727272727272725,4.0,hf_burst_count,1.0,7.5,fleurs_uk
120k,1304,,0.020705521472392636,,corpus_cer,,,fleurs_uk
120k,208,,0.13942307692307693,,corpus_wer,,,fleurs_uk
120k,1304,,0.04294478527607362,,corpus_parakeet_cer,,,fleurs_uk
120k,208,,0.125,,corpus_parakeet_wer,,,fleurs_uk
120k,11,11,2.276478659022938,2.328507423400879,sigmos_overall,1.7379029989242554,2.6591432094573975,opentts_lada
120k,11,11,2.7909678545865146,2.7759222984313965,sigmos_speech,2.192255139350891,3.4327375888824463,opentts_lada
120k,11,11,3.516471732746471,3.8789987564086914,sigmos_noise,2.508362054824829,4.118488311767578,opentts_lada
120k,11,11,2.9444017193534155,2.9603195190429688,sigmos_coloration,2.2766202688217163,3.6043736934661865,opentts_lada
120k,11,11,3.6972598379308526,3.7678022384643555,sigmos_discontinuity,2.826391339302063,4.2483367919921875,opentts_lada
120k,11,11,7.3609608736905185,7.27992057800293,audiobox_pq,6.8662333488464355,7.9039528369903564,opentts_lada
120k,11,11,0.11338303425403029,0.1,cer,0.0,0.20881782945736435,opentts_lada
120k,11,11,0.5287878787878788,0.5,wer,0.0,1.0,opentts_lada
120k,11,11,0.15231725849282574,0.17857142857142858,parakeet_cer,0.009433962264150943,0.32380952380952377,opentts_lada
120k,11,11,0.5840220385674931,0.5,parakeet_wer,0.045454545454545456,1.3333333333333335,opentts_lada
120k,11,11,0.2894445888020776,0.285418838262558,ecapa_similarity,0.17392820864915848,0.40633685886859894,opentts_lada
120k,11,11,0.0,0.0,clipping_fraction,0.0,0.0,opentts_lada
120k,11,11,0.6526035710082136,0.5582554517133956,duration_ratio,0.4994620994620994,0.978852180141463,opentts_lada
120k,11,11,2.5454545454545454,2.0,hf_burst_count,0.0,6.0,opentts_lada
120k,345,,0.10144927536231885,,corpus_cer,,,opentts_lada
120k,63,,0.42857142857142855,,corpus_wer,,,opentts_lada
120k,345,,0.1246376811594203,,corpus_parakeet_cer,,,opentts_lada
120k,63,,0.4444444444444444,,corpus_parakeet_wer,,,opentts_lada
120k,11,11,2.9709066694433037,3.0047409534454346,sigmos_overall,2.6999454498291016,3.2081867456436157,opentts_mykyta
120k,11,11,3.402927962216464,3.3600292205810547,sigmos_speech,3.108689308166504,3.809632658958435,opentts_mykyta
120k,11,11,3.9503624222495337,4.060712814331055,sigmos_noise,3.394096851348877,4.439346790313721,opentts_mykyta
120k,11,11,3.094703869386153,3.1127748489379883,sigmos_coloration,2.737102508544922,3.4639276266098022,opentts_mykyta
120k,11,11,3.9432219808751885,3.9322738647460938,sigmos_discontinuity,3.4958226680755615,4.383969068527222,opentts_mykyta
120k,11,11,7.490787852894176,7.542150974273682,audiobox_pq,7.086465120315552,7.763779878616333,opentts_mykyta
120k,11,11,0.09810132352359276,0.01639344262295082,cer,0.0,0.406060606060606,opentts_mykyta
120k,11,11,0.341017316017316,0.3333333333333333,wer,0.0,1.0,opentts_mykyta
120k,11,11,0.13612720073809292,0.0625,parakeet_cer,0.0,0.3977272727272727,opentts_mykyta
120k,11,11,0.3435064935064935,0.3333333333333333,parakeet_wer,0.0,0.6666666666666666,opentts_mykyta
120k,11,11,0.31152275475588714,0.31782063841819763,ecapa_similarity,0.20774950087070465,0.4205479323863983,opentts_mykyta
120k,11,11,0.0,0.0,clipping_fraction,0.0,0.0,opentts_mykyta
120k,11,11,0.643032452022351,0.610909090909091,duration_ratio,0.5237179487179487,0.8307818930041152,opentts_mykyta
120k,11,11,1.8181818181818181,1.0,hf_burst_count,0.0,4.5,opentts_mykyta
120k,262,,0.061068702290076333,,corpus_cer,,,opentts_mykyta
120k,51,,0.29411764705882354,,corpus_wer,,,opentts_mykyta
120k,262,,0.08015267175572519,,corpus_parakeet_cer,,,opentts_mykyta
120k,51,,0.29411764705882354,,corpus_parakeet_wer,,,opentts_mykyta
120k,11,11,2.6311658295718106,2.654468536376953,sigmos_overall,2.20671010017395,3.1336828470230103,opentts_tetiana
120k,11,11,3.0419222008098257,3.091435670852661,sigmos_speech,2.5110124349594116,3.6768321990966797,opentts_tetiana
120k,11,11,3.8649395162409004,3.813971757888794,sigmos_noise,3.314301013946533,4.595904111862183,opentts_tetiana
120k,11,11,2.8149025440216064,2.9068477153778076,sigmos_coloration,2.3403143882751465,3.1876825094223022,opentts_tetiana
120k,11,11,3.9047071066769687,3.9790382385253906,sigmos_discontinuity,3.3180274963378906,4.199354648590088,opentts_tetiana
120k,11,11,7.373141028664329,7.355858325958252,audiobox_pq,7.072674989700317,7.585355520248413,opentts_tetiana
120k,11,11,0.05087066845357886,0.037037037037037035,cer,0.0,0.15526315789473683,opentts_tetiana
120k,11,11,0.27309458218549126,0.16666666666666666,wer,0.0,1.0,opentts_tetiana
120k,11,11,0.0698154204905907,0.037037037037037035,parakeet_cer,0.0,0.23421052631578948,opentts_tetiana
120k,11,11,0.3110586383313656,0.16666666666666666,parakeet_wer,0.0,0.9444444444444444,opentts_tetiana
120k,11,11,0.5204314860430631,0.5309429168701172,ecapa_similarity,0.3933160901069641,0.6302812695503235,opentts_tetiana
120k,11,11,0.0,0.0,clipping_fraction,0.0,0.0,opentts_tetiana
120k,11,11,0.6484829665795884,0.6418879056047198,duration_ratio,0.497340930674264,0.8540526413272644,opentts_tetiana
120k,11,11,1.7272727272727273,1.0,hf_burst_count,0.0,4.0,opentts_tetiana
120k,410,,0.036585365853658534,,corpus_cer,,,opentts_tetiana
120k,87,,0.20689655172413793,,corpus_wer,,,opentts_tetiana
120k,410,,0.05365853658536585,,corpus_parakeet_cer,,,opentts_tetiana
120k,87,,0.26436781609195403,,corpus_parakeet_wer,,,opentts_tetiana
120k,11,11,2.6406112150712446,2.6118547916412354,sigmos_overall,2.376713514328003,2.9387354850769043,tg_voices_uk
120k,11,11,3.0673174424604936,3.048602819442749,sigmos_speech,2.8093961477279663,3.424654483795166,tg_voices_uk
120k,11,11,3.9680609052831475,3.965684652328491,sigmos_noise,3.4487686157226562,4.3572869300842285,tg_voices_uk
120k,11,11,3.0602063699202104,3.021393299102783,sigmos_coloration,2.548838973045349,3.6439871788024902,tg_voices_uk
120k,11,11,3.9186281724409624,3.89424467086792,sigmos_discontinuity,3.650206208229065,4.273888826370239,tg_voices_uk
120k,11,11,7.420386834578081,7.375138282775879,audiobox_pq,7.276738882064819,7.682902097702026,tg_voices_uk
120k,11,11,0.028684679613472184,0.0,cer,0.0,0.12061403508771928,tg_voices_uk
120k,11,11,0.13608487472123837,0.07142857142857142,wer,0.0,0.44886363636363635,tg_voices_uk
120k,11,11,0.055711989997418936,0.0196078431372549,parakeet_cer,0.0,0.20203735144312393,tg_voices_uk
120k,11,11,0.22049717958808868,0.2,parakeet_wer,0.0,0.5625,tg_voices_uk
120k,11,11,0.36632258512757043,0.36722531914711,ecapa_similarity,0.27804748713970184,0.43262729048728943,tg_voices_uk
120k,11,11,0.0,0.0,clipping_fraction,0.0,0.0,tg_voices_uk
120k,11,11,0.792048003410227,0.8406505654965614,duration_ratio,0.5338277283627649,0.983523358426375,tg_voices_uk
120k,11,11,1.7272727272727273,2.0,hf_burst_count,0.0,3.0,tg_voices_uk
120k,451,,0.028824833702882482,,corpus_cer,,,tg_voices_uk
120k,91,,0.14285714285714285,,corpus_wer,,,tg_voices_uk
120k,451,,0.04878048780487805,,corpus_parakeet_cer,,,tg_voices_uk
120k,91,,0.2087912087912088,,corpus_parakeet_wer,,,tg_voices_uk
120k,11,11,2.610523288900202,2.5438194274902344,sigmos_overall,2.1794347763061523,3.1508021354675293,ua_ser
120k,11,11,3.0529263019561768,3.0794007778167725,sigmos_speech,2.5269540548324585,3.6987327337265015,ua_ser
120k,11,11,3.944957819851962,4.020210266113281,sigmos_noise,3.300483465194702,4.412634611129761,ua_ser
120k,11,11,2.6753113703294233,2.684337854385376,sigmos_coloration,2.310225486755371,3.0673751831054688,ua_ser
120k,11,11,3.918797189539129,3.974142074584961,sigmos_discontinuity,3.5762261152267456,4.244507789611816,ua_ser
120k,11,11,7.3149028257890185,7.335111618041992,audiobox_pq,7.033914566040039,7.534076929092407,ua_ser
120k,11,11,0.019790516501042816,0.0,cer,0.0,0.08253205128205128,ua_ser
120k,11,11,0.06709956709956709,0.0,wer,0.0,0.2976190476190476,ua_ser
120k,11,11,0.18896822475769845,0.0,parakeet_cer,0.0,1.0136842105263157,ua_ser
120k,11,11,0.18831168831168832,0.0,parakeet_wer,0.0,0.75,ua_ser
120k,11,11,0.36630171266469086,0.3333151638507843,ecapa_similarity,0.2421051412820816,0.546834334731102,ua_ser
120k,11,11,0.0,0.0,clipping_fraction,0.0,0.0,ua_ser
120k,11,11,1.0266233558256965,1.0344590002141467,duration_ratio,0.8523161629062013,1.2129984472814002,ua_ser
120k,11,11,2.1818181818181817,2.0,hf_burst_count,0.5,3.5,ua_ser
120k,385,,0.01818181818181818,,corpus_cer,,,ua_ser
120k,88,,0.056818181818181816,,corpus_wer,,,ua_ser
120k,385,,0.12207792207792208,,corpus_parakeet_cer,,,ua_ser
120k,88,,0.14772727272727273,,corpus_parakeet_wer,,,ua_ser
120k,11,11,2.505775148218328,2.4541404247283936,sigmos_overall,2.0513638257980347,2.9284099340438843,ukr_dialects
120k,11,11,2.9370550242337314,2.893059253692627,sigmos_speech,2.4540441036224365,3.462721347808838,ukr_dialects
120k,11,11,3.8681470480832187,3.907930374145508,sigmos_noise,3.452424168586731,4.227467060089111,ukr_dialects
120k,11,11,2.7702173753218218,2.726959466934204,sigmos_coloration,2.326331853866577,3.256706714630127,ukr_dialects
120k,11,11,3.8421964428641577,3.8051228523254395,sigmos_discontinuity,3.108497977256775,4.424826622009277,ukr_dialects
120k,11,11,7.00990442796187,7.13051176071167,audiobox_pq,6.321500062942505,7.389449596405029,ukr_dialects
120k,11,11,0.1240978060671945,0.04,cer,0.0,0.5333333333333333,ukr_dialects
120k,11,11,0.2793887930251566,0.16666666666666666,wer,0.0,0.875,ukr_dialects
120k,11,11,0.12257506697245937,0.028089887640449437,parakeet_cer,0.0,0.56,ukr_dialects
120k,11,11,0.2673659673659674,0.16666666666666666,parakeet_wer,0.0,0.875,ukr_dialects
120k,11,11,0.3940149721774188,0.42294350266456604,ecapa_similarity,0.23691412061452866,0.5389393270015717,ukr_dialects
120k,11,11,0.0,0.0,clipping_fraction,0.0,0.0,ukr_dialects
120k,11,11,0.710240818093503,0.6985250737463128,duration_ratio,0.46772161306630616,0.9476144422952933,ukr_dialects
120k,11,11,2.272727272727273,2.0,hf_burst_count,0.0,5.5,ukr_dialects
120k,531,,0.06591337099811675,,corpus_cer,,,ukr_dialects
120k,121,,0.2231404958677686,,corpus_wer,,,ukr_dialects
120k,531,,0.064030131826742,,corpus_parakeet_cer,,,ukr_dialects
120k,121,,0.23140495867768596,,corpus_parakeet_wer,,,ukr_dialects
120k,8,,2.6010557250543074,,sigmos_overall,,,source_macro
120k,8,,3.045731555331837,,sigmos_speech,,,source_macro
120k,8,,3.8745058829134162,,sigmos_noise,,,source_macro
120k,8,,2.862575138157064,,sigmos_coloration,,,source_macro
120k,8,,3.862720410932194,,sigmos_discontinuity,,,source_macro
120k,8,,7.328047389333899,,audiobox_pq,,,source_macro
120k,8,,0.06186079432407175,,cer,,,source_macro
120k,8,,0.24411695071120204,,wer,,,source_macro
120k,8,,0.09875502362667418,,parakeet_cer,,,source_macro
120k,8,,0.2749598863703142,,parakeet_wer,,,source_macro
120k,8,,0.38754497603936633,,ecapa_similarity,,,source_macro
120k,8,,0.0,,clipping_fraction,,,source_macro
120k,8,,0.7418101905989423,,duration_ratio,,,source_macro
120k,8,,2.2954545454545454,,hf_burst_count,,,source_macro
