source_id,metric,count,mean,min,p05,p25,median,p75,p95,max
all,sigmos_overall,800,2.9970223990082743,1.2020809650421143,2.099687170982361,2.615527093410492,3.0142349004745483,3.4046782851219177,3.8612506985664368,4.6124372482299805
all,sigmos_speech,800,3.4568220248818395,1.3093514442443848,2.4807275772094726,3.04476135969162,3.4904706478118896,3.8621941208839417,4.368060755729675,4.764885902404785
all,sigmos_noise,800,3.7653212866187094,1.1437335014343262,2.2829752802848815,3.3476176857948303,3.938693642616272,4.303072094917297,4.670220255851746,4.873225212097168
all,sigmos_coloration,800,3.5276985058188437,1.450986623764038,2.68711861371994,3.197916865348816,3.564349412918091,3.876335322856903,4.311894941329956,4.80905818939209
all,sigmos_discontinuity,800,3.9600167936086654,2.1156647205352783,3.149201142787933,3.686343789100647,4.002864360809326,4.269467353820801,4.634529113769531,4.8892388343811035
all,audiobox_pq,800,6.785858193337917,3.5905847549438477,4.785825800895691,6.252158284187317,7.016283273696899,7.580996990203857,7.874431395530701,8.065439224243164
common_voice_available_uk,sigmos_overall,100,2.927236657142639,1.8856616020202637,2.200189006328583,2.588010013103485,2.9691585302352905,3.204272508621216,3.691932094097137,4.01768684387207
common_voice_available_uk,sigmos_speech,100,3.3599067997932432,2.1724393367767334,2.5358811020851135,3.039342761039734,3.3613728284835815,3.68208646774292,4.080715584754944,4.501680374145508
common_voice_available_uk,sigmos_noise,100,3.8666829752922056,2.334188222885132,2.8984164357185365,3.470856726169586,3.9663044214248657,4.313770532608032,4.5326361656188965,4.808307647705078
common_voice_available_uk,sigmos_coloration,100,3.2482297348976137,1.450986623764038,2.330826830863953,2.882287561893463,3.319142460823059,3.5865824222564697,4.121970891952515,4.525856971740723
common_voice_available_uk,sigmos_discontinuity,100,4.038454358577728,3.0213615894317627,3.376376187801361,3.751144528388977,4.009509563446045,4.328567266464233,4.695081186294556,4.877923011779785
common_voice_available_uk,audiobox_pq,100,5.838667867183685,3.5905847549438477,3.818796682357788,5.456996917724609,6.041866302490234,6.554710626602173,6.995209980010986,7.262075424194336
fleurs_uk,sigmos_overall,100,3.016038382053375,1.9867267608642578,2.351743245124817,2.7630966305732727,3.035596013069153,3.2794824838638306,3.6537712812423706,3.9802489280700684
fleurs_uk,sigmos_speech,100,3.4301925611495974,2.3920466899871826,2.7720189929008483,3.119362950325012,3.4200475215911865,3.740163803100586,4.093879008293151,4.398043632507324
fleurs_uk,sigmos_noise,100,3.7820151591300966,1.963804006576538,2.729883050918579,3.494739294052124,3.8937448263168335,4.184838056564331,4.368990898132324,4.572385311126709
fleurs_uk,sigmos_coloration,100,3.638849768638611,2.5617828369140625,3.0651588916778563,3.3940048217773438,3.61588454246521,3.9195024371147156,4.2282659053802485,4.436827182769775
fleurs_uk,sigmos_discontinuity,100,3.719111077785492,2.5993411540985107,3.0386958599090574,3.5524742603302,3.7340328693389893,3.991499364376068,4.254493474960327,4.637301445007324
fleurs_uk,audiobox_pq,100,6.704057464599609,5.173291206359863,5.944143128395081,6.418195962905884,6.711446046829224,7.086241722106934,7.470280003547669,7.564451217651367
opentts_lada,sigmos_overall,100,2.976842348575592,1.9715361595153809,2.5306632995605467,2.7997900247573853,2.998847484588623,3.1477080583572388,3.386997091770172,3.683563470840454
opentts_lada,sigmos_speech,100,3.491037652492523,2.420982837677002,3.0009109735488892,3.3043083548545837,3.510963797569275,3.6889484524726868,3.995234751701355,4.263017654418945
opentts_lada,sigmos_noise,100,3.9731652688980104,2.8345460891723633,3.3436280131340026,3.818292200565338,3.9921677112579346,4.2266703844070435,4.450546884536743,4.553165912628174
opentts_lada,sigmos_coloration,100,3.6552325797080996,2.6738877296447754,3.1584641337394714,3.4797215461730957,3.679430842399597,3.8527222275733948,4.1518481254577635,4.551088333129883
opentts_lada,sigmos_discontinuity,100,4.100620748996735,3.27986741065979,3.6775739192962646,3.923021078109741,4.068866729736328,4.296571254730225,4.59281358718872,4.775300979614258
opentts_lada,audiobox_pq,100,7.484705018997192,7.095144748687744,7.26594910621643,7.387503981590271,7.476276159286499,7.581674098968506,7.701482152938842,7.807729721069336
opentts_mykyta,sigmos_overall,100,3.6377598214149476,2.8068807125091553,3.141632115840912,3.4321775436401367,3.6019283533096313,3.816359221935272,4.162718391418457,4.6124372482299805
opentts_mykyta,sigmos_speech,100,4.09399245262146,3.437877655029297,3.5818708300590516,3.8378564715385437,4.104534387588501,4.359885931015015,4.548473596572876,4.764885902404785
opentts_mykyta,sigmos_noise,100,4.332830586433411,3.4969215393066406,3.930809426307678,4.171385288238525,4.336764097213745,4.519441485404968,4.715639615058899,4.7855119705200195
opentts_mykyta,sigmos_coloration,100,3.8890147471427916,2.7531042098999023,3.194681429862976,3.6551774740219116,3.9275490045547485,4.138070583343506,4.398529982566833,4.80905818939209
opentts_mykyta,sigmos_discontinuity,100,4.324137921333313,3.85040545463562,3.8999051213264466,4.1861492395401,4.289810657501221,4.483465194702148,4.751649022102356,4.877927303314209
opentts_mykyta,audiobox_pq,100,7.763233222961426,7.203205585479736,7.483814668655396,7.681389689445496,7.778995990753174,7.890407204627991,7.969035243988037,8.006017684936523
opentts_tetiana,sigmos_overall,100,3.540933005809784,2.9942684173583984,3.127272915840149,3.375603199005127,3.51937472820282,3.7225104570388794,4.013426780700684,4.205113410949707
opentts_tetiana,sigmos_speech,100,4.021220965385437,3.4494144916534424,3.5356137990951537,3.8009998202323914,4.0234456062316895,4.25443160533905,4.481360697746277,4.588453769683838
opentts_tetiana,sigmos_noise,100,4.468383085727692,3.575775146484375,4.054687213897705,4.313357949256897,4.499156475067139,4.667659521102905,4.8078330755233765,4.873225212097168
opentts_tetiana,sigmos_coloration,100,3.9011575865745542,3.047241687774658,3.4461856365203856,3.71961110830307,3.8612653017044067,4.129702687263489,4.380150508880615,4.667546272277832
opentts_tetiana,sigmos_discontinuity,100,4.191970932483673,3.570737361907959,3.7684309244155885,4.008439779281616,4.200751781463623,4.4180227518081665,4.63001697063446,4.7628397941589355
opentts_tetiana,audiobox_pq,100,7.684712262153625,7.260902404785156,7.487890076637268,7.600258469581604,7.685872793197632,7.7719807624816895,7.911698794364929,8.065439224243164
tg_voices_uk,sigmos_overall,100,2.8432733464241027,1.7829842567443848,2.1188457012176514,2.4893197417259216,2.750451683998108,3.187195062637329,3.6308714151382446,4.357548713684082
tg_voices_uk,sigmos_speech,100,3.3410614633560183,2.1401326656341553,2.5262901425361632,3.0071038007736206,3.315225601196289,3.6488970518112183,4.209563732147217,4.658799171447754
tg_voices_uk,sigmos_noise,100,3.558762276172638,1.6994707584381104,2.531028485298157,3.1977192759513855,3.669959783554077,4.02700138092041,4.3981647968292235,4.820348739624023
tg_voices_uk,sigmos_coloration,100,3.429439706802368,2.0306196212768555,2.7230939984321596,3.061214804649353,3.4459599256515503,3.7816158533096313,4.148026609420777,4.653050422668457
tg_voices_uk,sigmos_discontinuity,100,3.9891981983184817,3.076871633529663,3.3410834670066833,3.7308711409568787,3.9494189023971558,4.27387535572052,4.643011546134948,4.872676849365234
tg_voices_uk,audiobox_pq,100,6.367372345924378,4.458774089813232,5.063311839103699,5.9747782945632935,6.474417686462402,6.802111506462097,7.3415539264678955,7.470235824584961
ua_ser,sigmos_overall,100,2.368772919178009,1.2020809650421143,1.5799580693244935,2.1146864891052246,2.341275215148926,2.714085876941681,3.0078367590904236,3.287795066833496
ua_ser,sigmos_speech,100,2.8196221208572387,1.3093514442443848,2.098844826221466,2.5074599981307983,2.874626040458679,3.093685209751129,3.5068665742874146,3.6785173416137695
ua_ser,sigmos_noise,100,2.921991002559662,1.4950308799743652,1.7572957158088685,2.2705031037330627,3.0128451585769653,3.43962162733078,4.007952547073364,4.572039604187012
ua_ser,sigmos_coloration,100,3.1294721817970275,1.6881027221679688,2.5775392293930053,2.818897247314453,3.145674228668213,3.4168867468833923,3.671902632713318,4.349660873413086
ua_ser,sigmos_discontinuity,100,3.5167048001289367,2.1156647205352783,2.527153432369232,3.195749819278717,3.5431727170944214,3.8602972626686096,4.292359638214111,4.8892388343811035
ua_ser,audiobox_pq,100,6.140309493541718,3.7971889972686768,4.3729346752166744,5.417238235473633,6.441272020339966,6.849601626396179,7.260637617111206,7.669230937957764
ukr_dialects,sigmos_overall,100,2.665322711467743,1.546004295349121,2.0551337242126464,2.3481138944625854,2.7145185470581055,2.9254140853881836,3.3220032334327696,3.530318021774292
ukr_dialects,sigmos_speech,100,3.0975421833992005,2.262650489807129,2.4794878721237184,2.749687135219574,3.0317776203155518,3.3814592361450195,3.9086532831192016,4.196537017822266
ukr_dialects,sigmos_noise,100,3.218739938735962,1.1437335014343262,2.1121867656707765,2.6095019578933716,3.2212469577789307,3.8572161197662354,4.3801830291748045,4.714688301086426
ukr_dialects,sigmos_coloration,100,3.330191740989685,1.9503588676452637,2.56846227645874,2.9337152242660522,3.292376399040222,3.6763018369674683,4.242487525939941,4.461470603942871
ukr_dialects,sigmos_discontinuity,100,3.7999363112449647,2.803074598312378,3.1117149353027345,3.472279965877533,3.8279948234558105,4.079362630844116,4.487009644508362,4.779955863952637
ukr_dialects,audiobox_pq,100,6.303807871341705,3.745391845703125,4.531775736808777,5.494944930076599,6.32636022567749,7.3729588985443115,7.6426757097244264,7.7493510246276855
