metric,count,pearson_r,spearman_rho,partial_r_controlling_steps
train_generator_g_loss,39,-0.7196535020188923,-0.591497975708502,-0.4827425660048177
train_generator_loss,39,-0.7188031114479175,-0.5878542510121458,-0.4803679858769928
train_generator_var_energy_loss,39,-0.7133045487250224,-0.5722672064777329,-0.474549449793973
train_generator_var_loss,39,-0.7129682135020353,-0.569838056680162,-0.466881041558735
train_generator_var_pitch_loss,39,-0.7114852505820617,-0.569838056680162,-0.46611628037330227
train_generator_g_mel_loss,39,-0.7087501550046007,-0.5783400809716599,-0.47683461431956486
train_generator_var_dur_loss,39,-0.7066953568681983,-0.5676113360323887,-0.4504262103749825
train_generator_align_bin_loss,39,-0.703115998598002,-0.5619433198380568,-0.4383204121549186
train_generator_align_loss,39,-0.7014509027251843,-0.5546558704453443,-0.4346409481646031
train_discriminator_real_loss,39,-0.6979182930138051,-0.5672064777327935,-0.4293121520432019
valid_generator_var_loss,39,-0.6938767352983981,-0.4819838056680162,-0.4777720912876563
train_generator_align_forwardsum_loss,39,-0.6868976686897769,-0.5336032388663968,-0.4073362977656293
train_generator_g_adv_loss,39,0.6825936812740874,0.5763157894736842,0.3845705619927543
train_discriminator_loss,39,-0.6812536939673138,-0.5740890688259109,-0.38026158466324966
valid_generator_var_energy_loss,39,-0.6653135503436218,-0.3329959514170041,-0.40725470212833986
train_generator_g_feat_match_loss,39,0.648801021585797,0.5791497975708502,0.3283569600773393
valid_generator_g_feat_match_loss,39,0.6229110569113363,0.5552631578947368,0.1798679392834035
train_discriminator_fake_loss,39,-0.6009132960937,-0.520242914979757,-0.16990245237152737
valid_generator_align_loss,39,-0.535879671099707,-0.11214574898785426,-0.43618545334446734
valid_generator_g_mel_loss,39,-0.5271662525877482,-0.35668016194331986,-0.18332770259825046
valid_generator_align_bin_loss,39,-0.5203685515790846,-0.012550607287449392,-0.41560510668793965
valid_generator_align_forwardsum_loss,39,-0.4593635882442628,-0.24554655870445344,-0.39052472044609404
valid_generator_loss,39,-0.39111867638448045,-0.22753036437246965,-0.17063242159765324
valid_generator_g_loss,39,-0.3803314734805032,-0.22206477732793525,-0.15971247753995813
valid_discriminator_real_loss,39,-0.29361013916779843,-0.24898785425101216,-0.05637637792596444
valid_generator_var_pitch_loss,39,0.17903449546061984,0.1534412955465587,-0.1833000528760505
valid_generator_g_adv_loss,39,0.13574831228953393,0.06356275303643726,0.060644487191282494
valid_generator_var_dur_loss,39,-0.11735537529242367,-0.1111336032388664,-0.014109660411686441
valid_discriminator_loss,39,-0.06219447438669692,-0.053643724696356275,0.08827247500946822
valid_discriminator_fake_loss,39,0.004463549272272931,0.030769230769230774,0.09898387550455641
