sample_id,source_id,original_seconds,selected_seconds,retained,selected_variant
bd744dfcb13a4bc3,common_voice_available_uk,3.06,2.1373333333333333,False,processed
3629efade9dc9d0e,common_voice_available_uk,4.98,3.9013333333333335,False,processed
84647c0a102141c6,common_voice_available_uk,2.92,2.1733333333333333,False,processed
6c03301a3071c15b,common_voice_available_uk,6.3,4.616,True,processed
cbfd56eb3da1a4e8,common_voice_available_uk,3.28,3.1773333333333333,True,processed
24ec86e44425eb2e,common_voice_available_uk,5.84,5.790666666666667,False,processed
0135d9e7c341b143,common_voice_available_uk,5.34,5.34,True,original
6a5bd47b2ed86885,common_voice_available_uk,6.48,6.48,False,original
4ecfb59c39b134fc,common_voice_available_uk,2.46,2.1586666666666665,True,processed
5133ff96c7655a6a,common_voice_available_uk,4.0,3.7053333333333334,False,processed
8533ec104c4a8f77,common_voice_available_uk,3.54,2.8026666666666666,True,processed
5d364a6c2903e148,common_voice_available_uk,6.52,6.52,True,original
38fd6a3a807cdb79,common_voice_available_uk,4.18,3.2786666666666666,False,processed
ca34ec7922ab8b2d,common_voice_available_uk,5.04,5.04,False,original
ab0e038430cc081c,common_voice_available_uk,6.16,6.16,False,original
ff90f1ed5503526e,common_voice_available_uk,6.06,6.06,True,original
7473140318a74b25,common_voice_available_uk,7.18,6.990666666666667,False,processed
41d4e2df38c4b189,common_voice_available_uk,3.28,3.28,False,original
c3f9be4f84d2b726,common_voice_available_uk,2.68,2.481333333333333,False,processed
b09fe4f7cea768ec,common_voice_available_uk,4.72,3.336,False,processed
eb9c7a9c0d8f73a4,common_voice_available_uk,5.04,3.976,False,processed
1301ea43d77db291,common_voice_available_uk,4.62,2.7173333333333334,False,processed
64d83204af96c39b,common_voice_available_uk,8.76,8.76,True,original
9674a4979706a3df,common_voice_available_uk,2.74,2.74,False,original
bf550da08426634d,common_voice_available_uk,4.0,3.1546666666666665,False,processed
578ab3ffd0615d7f,common_voice_available_uk,4.66,4.66,False,original
3c96bcbce614c65c,common_voice_available_uk,3.72,2.493333333333333,False,processed
0fe8215e64d6622c,common_voice_available_uk,2.38,2.38,False,original
cf94736feb4a459c,common_voice_available_uk,2.24,2.24,False,processed
1f1d91b9f7e3fe0a,common_voice_available_uk,4.54,3.688,False,processed
982c1557c707c37b,common_voice_available_uk,6.16,5.544,False,processed
3c57bf263f27ea98,common_voice_available_uk,5.92,4.221333333333333,False,processed
223134094e8e5ab0,common_voice_available_uk,6.34,5.405333333333333,False,processed
52add74227b0d21d,common_voice_available_uk,7.9,5.512,False,processed
94a9ab653ca83902,common_voice_available_uk,6.1,6.1,True,original
fc6ff47c2e709833,common_voice_available_uk,2.7,2.7,False,processed
347243982690b318,common_voice_available_uk,4.68,3.1653333333333333,False,processed
d8e32e33e5c1df29,common_voice_available_uk,7.86,6.045333333333334,False,processed
a6c984dd79145032,common_voice_available_uk,8.02,6.205333333333333,False,processed
7670a5b617e193e2,common_voice_available_uk,5.3,5.3,True,processed
5079e636f7eeb344,common_voice_available_uk,3.46,3.3533333333333335,False,processed
b48e8f5f23dbf821,common_voice_available_uk,6.34,5.501333333333333,False,processed
49b0c44ecf616df0,common_voice_available_uk,3.96,3.1013333333333333,False,processed
2543d525814a0e4d,common_voice_available_uk,5.48,5.48,True,original
459224798aad52a0,common_voice_available_uk,4.48,3.56,False,processed
1f390e8837ce18f9,common_voice_available_uk,3.28,3.28,False,processed
183485db68701b82,common_voice_available_uk,5.4,4.466666666666667,False,processed
f83a422bcce4495a,common_voice_available_uk,4.66,3.368,False,processed
698677149661b1af,common_voice_available_uk,4.72,4.72,False,processed
a216b947907cd6e3,common_voice_available_uk,5.4,5.4,False,original
1958758f315c6fed,common_voice_available_uk,6.24,5.48,False,processed
fbb09073bf2bc113,common_voice_available_uk,3.82,3.82,False,original
8642f3af30e2913b,common_voice_available_uk,4.9,4.9,False,original
e140008b97e6c254,common_voice_available_uk,3.5,3.5,False,original
7e7f6a0e8e4dcbb7,common_voice_available_uk,3.06,2.4146666666666667,False,processed
3e1b6ee9cf5311cb,common_voice_available_uk,5.56,5.56,True,original
d6416741c85c4c37,common_voice_available_uk,3.42,2.2906666666666666,True,processed
2604105ea068dbc6,common_voice_available_uk,3.64,3.64,False,original
936349caad0d2f31,common_voice_available_uk,3.6,3.6,False,original
c5ba9a29d9559e4e,common_voice_available_uk,2.14,2.14,False,processed
92cf71770b640932,common_voice_available_uk,4.4,4.4,False,processed
ee243b80f8d270bc,common_voice_available_uk,3.52,2.3546666666666667,False,processed
e65825d92c96e85c,common_voice_available_uk,4.04,2.2266666666666666,False,processed
9d8a687bbf269efe,common_voice_available_uk,4.4,3.368,False,processed
09f874e3e1198079,common_voice_available_uk,4.66,4.505333333333334,False,processed
7dbdb0f73921e411,common_voice_available_uk,5.48,5.273333333333333,False,processed
e073bf83b39678d8,common_voice_available_uk,3.64,2.088,False,processed
4b22ce3678eb514b,common_voice_available_uk,3.24,2.152,False,processed
de07ff82ae6c5dc2,common_voice_available_uk,4.58,4.58,False,original
f6c698e842cbe8fb,common_voice_available_uk,2.92,2.92,False,original
738b587122caeb66,common_voice_available_uk,4.0,4.0,True,original
a540167ea41f6956,common_voice_available_uk,5.26,5.26,False,original
04ebfca283f7b979,common_voice_available_uk,3.72,3.72,False,original
8600fde5ece1e1ce,common_voice_available_uk,2.78,2.0986666666666665,False,processed
a2bc03280fea1efd,common_voice_available_uk,4.44,2.9306666666666668,True,processed
190cf023178e4b18,common_voice_available_uk,4.66,3.8053333333333335,False,processed
f2bf7d3764df7fd5,common_voice_available_uk,7.92,5.693333333333333,False,processed
ff34d3911b4d2db0,common_voice_available_uk,3.1,3.1,False,original
e27c556ac0c8b09a,common_voice_available_uk,5.26,4.381333333333333,True,processed
3259a8bb7087bd10,common_voice_available_uk,5.84,4.370666666666667,False,processed
a8f8f18e9e73e8b1,common_voice_available_uk,4.08,4.08,False,original
cf62baa6bea3511c,common_voice_available_uk,2.86,2.152,True,processed
24a43c098e24f6d3,common_voice_available_uk,6.6,6.6,False,original
ab87cc7022597587,common_voice_available_uk,5.62,5.444,False,processed
2bd6ff5c75a47b3c,common_voice_available_uk,4.76,3.652,False,processed
25e5c2a8d846a852,common_voice_available_uk,7.24,6.077333333333334,False,processed
418a9b5fbccf4410,common_voice_available_uk,3.54,3.54,False,original
ac78771565774557,common_voice_available_uk,4.08,4.08,False,original
248a9b242b97ecd0,common_voice_available_uk,3.94,3.336,False,processed
9de8e4748ff30aa1,common_voice_available_uk,3.68,3.428,False,processed
0ea058639601775d,common_voice_available_uk,5.22,3.7626666666666666,False,processed
8ff70b5855192e81,common_voice_available_uk,4.18,4.18,False,processed
97b30e2faa6675a7,common_voice_available_uk,4.5,3.005333333333333,False,processed
7b859444522a56d6,common_voice_available_uk,3.24,2.024,False,processed
67984f788bbcdd8d,common_voice_available_uk,3.18,3.18,False,original
16ae0891ea877b7e,common_voice_available_uk,5.4,4.846666666666667,False,processed
0f729ca38c51f5da,common_voice_available_uk,6.64,5.522666666666667,False,processed
e5e3dcf80a7a02be,common_voice_available_uk,4.36,4.36,True,original
911fb24b28518351,common_voice_available_uk,4.66,4.66,False,original
844aa12bcd11ccdb,common_voice_available_uk,4.3,3.144,False,processed
959a1c6cab14e4d4,fleurs_uk,6.6,5.181333333333333,False,processed
fefd0259ff637326,fleurs_uk,9.72,9.72,False,original
a381bc8d75f3eb60,fleurs_uk,5.16,5.16,False,original
5558b228f9fb7124,fleurs_uk,6.72,6.72,False,original
b30673863ffb037d,fleurs_uk,11.16,9.48,False,processed
c5b7866904cce653,fleurs_uk,6.6,6.6,False,original
c832793e984ec4ad,fleurs_uk,10.68,10.68,True,original
f74bd666161897df,fleurs_uk,17.28,15.577333333333334,True,processed
a90e40527649a849,fleurs_uk,11.82,11.82,False,original
909d184fdcd7f465,fleurs_uk,4.74,4.74,False,original
5037571598709644,fleurs_uk,7.32,6.2973333333333334,False,processed
899793d24bd70411,fleurs_uk,14.7,13.074666666666667,False,processed
715676cbceb6f9c3,fleurs_uk,10.14,10.14,True,processed
85ca359309837202,fleurs_uk,12.96,12.708,False,processed
2b1dd8402ce5d536,fleurs_uk,11.82,10.461333333333334,False,processed
2089464e1fd713a6,fleurs_uk,7.56,7.478666666666666,False,processed
7079d2ab052b067c,fleurs_uk,11.04,11.04,False,original
fa71a8a80791f4ab,fleurs_uk,7.56,7.222666666666667,False,processed
6df018bdc9ae9404,fleurs_uk,14.94,14.837333333333333,False,processed
bd9cfe27e08bb814,fleurs_uk,9.48,9.038666666666666,False,processed
efd141fab8cb2a03,fleurs_uk,8.28,8.28,False,original
fa44e451a4684ec5,fleurs_uk,18.12,17.921333333333333,False,processed
cbf905fca130b00c,fleurs_uk,15.06,15.06,False,original
65bab893d591c920,fleurs_uk,13.44,11.758666666666667,True,processed
ab1b2261eb178b37,fleurs_uk,9.48,9.48,False,processed
15e1f33a590fa5d2,fleurs_uk,10.2,10.2,False,original
caa96ffc8a50db0a,fleurs_uk,9.6,8.765333333333333,True,processed
53e7cf21713ad2e1,fleurs_uk,12.78,12.78,True,original
de98bdcd8fe80564,fleurs_uk,11.22,11.138666666666667,False,processed
6fa4a717622444f8,fleurs_uk,7.44,7.44,True,processed
4a4d08bebc42b317,fleurs_uk,6.84,6.418666666666667,False,processed
d01073aaf9fe19e1,fleurs_uk,6.24,5.021333333333334,False,processed
22a1fd4042f42034,fleurs_uk,17.16,16.52,True,processed
4738fc04a1e4189e,fleurs_uk,15.48,14.713333333333333,True,processed
fe393cbcd4c75050,fleurs_uk,6.6,5.996,False,processed
c3f42dd599b43df9,fleurs_uk,10.08,10.08,False,original
c990d6277b807d72,fleurs_uk,5.64,5.64,False,original
ee5e4637dffa94a2,fleurs_uk,14.76,14.508,False,processed
eee1753076a7de8f,fleurs_uk,11.46,10.382666666666667,True,processed
f52f97e9d64af685,fleurs_uk,4.8,4.8,False,processed
327108867eaaa2da,fleurs_uk,8.82,7.396,True,processed
83c307693927f61f,fleurs_uk,10.86,10.757333333333333,False,processed
e5bb518608bfdb7d,fleurs_uk,16.26,14.564,True,processed
5691f663ddaec5b5,fleurs_uk,11.82,11.82,False,original
55d68ad35312f5dd,fleurs_uk,5.76,5.689333333333333,False,processed
a27cd8f0d418a777,fleurs_uk,12.06,12.06,True,original
794cb4991dbc7609,fleurs_uk,10.74,10.74,True,original
f33621494d6e16b1,fleurs_uk,8.88,8.88,False,original
a5f851ef061a7203,fleurs_uk,9.24,9.24,False,original
d090e200f4cc636c,fleurs_uk,13.44,13.44,True,original
e982fb32bb0b099e,fleurs_uk,14.04,12.772,True,processed
1e7c62bd46d20f2f,fleurs_uk,8.4,8.4,False,original
ca507cf5283e14fe,fleurs_uk,6.9,5.849333333333333,False,processed
0467f502d836f78d,fleurs_uk,11.4,11.022666666666666,False,processed
333b67b57a0d2b71,fleurs_uk,17.76,17.64666666666667,False,processed
ca195eb9cde9d3c7,fleurs_uk,19.8,17.945333333333334,False,processed
735df4c409f942b8,fleurs_uk,13.14,13.14,True,processed
354818c76e7c2e34,fleurs_uk,7.44,6.478666666666666,False,processed
a6941dfe32692f98,fleurs_uk,8.94,8.94,False,original
7b2374559c058ccb,fleurs_uk,11.46,11.46,True,original
4033a0a142097204,fleurs_uk,9.78,8.968,False,processed
a52a91ca78ee3ab3,fleurs_uk,12.36,10.873333333333333,False,processed
debdc6a4c5a4f3c6,fleurs_uk,9.84,9.758666666666667,False,processed
5eb6300304d1d12b,fleurs_uk,15.3,15.048,True,processed
868a3bdab88599ee,fleurs_uk,18.42,18.42,True,processed
8698daf0e9701268,fleurs_uk,11.04,11.04,False,processed
8d594f701ffd3ba4,fleurs_uk,13.08,12.573333333333334,False,processed
33e0e64ffb911169,fleurs_uk,12.84,10.894666666666666,True,processed
cc3cbeb88a0ca00b,fleurs_uk,7.08,6.828,True,processed
8689b5eec74f2fff,fleurs_uk,11.94,11.94,False,original
ac9151cf24a412e1,fleurs_uk,10.2,10.2,True,processed
a45c10147c84d9f8,fleurs_uk,9.84,9.84,False,original
a8763d00c05c7270,fleurs_uk,12.96,12.537333333333333,True,processed
69aafe87d955ba4b,fleurs_uk,14.52,14.52,False,original
f654a2482168dbd9,fleurs_uk,12.72,10.926666666666666,True,processed
f16b002601063e11,fleurs_uk,16.14,14.734666666666667,False,processed
584722206ba5ea87,fleurs_uk,11.88,11.606666666666667,False,processed
222a96e0d7dd0ce7,fleurs_uk,6.54,6.458666666666667,True,processed
4046a6918cbc6198,fleurs_uk,12.0,12.0,False,original
f0495e9522a7580f,fleurs_uk,4.98,4.98,False,original
d3c65f60de08cc59,fleurs_uk,9.0,7.705333333333333,False,processed
804a5cfa9e39d4c0,fleurs_uk,6.06,5.213333333333333,False,processed
d9356cbfb7795081,fleurs_uk,12.78,12.2,False,processed
a137d8e70532b244,fleurs_uk,12.06,12.06,False,original
b47e47b723203d93,fleurs_uk,9.96,9.96,False,processed
d4455526189dee42,fleurs_uk,10.92,10.92,False,original
e677a32e926ce1d5,fleurs_uk,7.08,6.749333333333333,False,processed
1c3410a58f3482b4,fleurs_uk,16.62,14.681333333333333,True,processed
88157b1754b1f7fc,fleurs_uk,7.62,6.429333333333333,False,processed
d60a45ed449aa919,fleurs_uk,12.36,12.36,False,original
51a1f94f96449920,fleurs_uk,7.44,7.44,False,processed
4e3c5ab1819b3e25,fleurs_uk,14.16,14.16,False,original
92ed791b24f80b91,fleurs_uk,12.6,10.916,True,processed
9402e75a29af9903,fleurs_uk,10.62,10.464,False,processed
079895761aba879c,fleurs_uk,12.36,12.36,False,original
10cdf3773f922512,fleurs_uk,7.26,5.96,False,processed
8f3c95d98fcf2542,fleurs_uk,11.04,10.937333333333333,False,processed
3c418e8b71f5cea6,fleurs_uk,8.82,8.557333333333334,True,processed
21c35569bc050375,fleurs_uk,12.96,12.505333333333333,True,processed
cf89152cdd4870d0,fleurs_uk,4.92,4.92,False,original
eb898a121f485b26,opentts_lada,5.52,5.52,False,original
e8449482430bafd8,opentts_lada,7.2,4.04,False,processed
21bb6688a0a1113f,opentts_lada,5.52,2.536,False,processed
0dd5f5a8f9a09cc5,opentts_lada,4.44,4.44,False,original
a62f0a11f72e0935,opentts_lada,6.42,3.9226666666666667,False,processed
7a5dcfae51994d97,opentts_lada,5.34,5.34,False,original
6a0d36c4b3017098,opentts_lada,7.5,4.605333333333333,False,processed
ed7746419b367042,opentts_lada,6.36,6.36,False,original
14cfdbc496752bee,opentts_lada,5.64,5.64,False,original
b3a0725d52e4df4a,opentts_lada,6.0,6.0,False,original
2c77c8ce4c9a8e81,opentts_lada,6.9,6.9,False,original
13376eeaa2862f39,opentts_lada,4.56,2.0453333333333332,False,processed
fd0881c5cac462ed,opentts_lada,6.42,3.816,False,processed
8f098940e429bdf0,opentts_lada,5.28,5.28,False,original
6883c011c9ab0f41,opentts_lada,8.34,5.448,False,processed
15c1b955fd45d0cb,opentts_lada,7.68,4.701333333333333,False,processed
d87767e09ae3c0a7,opentts_lada,4.8,4.8,False,original
8de6fd86720527cf,opentts_lada,7.02,7.02,False,original
0d420c948e3fca43,opentts_lada,6.06,6.06,False,original
b7c03ad16de492da,opentts_lada,6.12,6.12,False,original
0f5525a960cd2733,opentts_lada,4.8,2.034666666666667,False,processed
faefb12a08a739b4,opentts_lada,6.48,4.584,False,processed
c0cf2c236786cfe1,opentts_lada,4.68,4.68,False,original
a1cc283cf940e383,opentts_lada,4.38,2.6,False,processed
23c007617141ed90,opentts_lada,5.16,5.16,False,original
812f332833a170a3,opentts_lada,7.92,7.92,False,original
fac6abf113898efb,opentts_lada,6.18,6.18,False,original
e9a72a1613b465ae,opentts_lada,5.16,5.16,False,original
3370cc314324afd0,opentts_lada,7.26,7.26,False,original
ec2af6a0a797fee2,opentts_lada,7.14,4.157333333333334,False,processed
5f9e3d1b5205c791,opentts_lada,5.58,5.58,False,original
36d8c7ae4a7d8fcc,opentts_lada,5.1,5.1,False,original
5d9cc95c0c3b48cb,opentts_lada,6.48,6.48,False,original
a7cd21518394e414,opentts_lada,7.38,7.38,False,original
8398aa249a64e7dd,opentts_lada,8.4,5.725333333333333,False,processed
8fe3928a78329cf5,opentts_lada,5.76,5.76,True,original
89af8e11c37988c5,opentts_lada,4.62,2.0773333333333333,False,processed
37660310fa3b4d6d,opentts_lada,5.4,3.037333333333333,False,processed
ae86e1b727ab4994,opentts_lada,6.48,6.48,False,original
c23113a06a84767d,opentts_lada,5.28,3.005333333333333,False,processed
2e1312c52e3a30c1,opentts_lada,5.46,5.46,True,original
cb52983eab2b2756,opentts_lada,5.4,2.696,False,processed
c136c6d30b2df2ce,opentts_lada,5.4,5.4,False,original
b4e8a408cefc180c,opentts_lada,6.36,3.965333333333333,False,processed
63b846f0797232dd,opentts_lada,5.46,5.46,False,original
8572e866f1dc645a,opentts_lada,6.84,3.7413333333333334,False,processed
b47d33d39090f18c,opentts_lada,5.52,4.772,False,processed
ae7464dd19369d7c,opentts_lada,5.16,5.16,False,original
1392e9cab03d35ac,opentts_lada,5.7,2.7706666666666666,False,processed
0d8baee843210a93,opentts_lada,5.34,5.34,False,original
8ef25dfa5c938f24,opentts_lada,4.38,4.38,False,original
40ca8ab75d42caf5,opentts_lada,6.36,4.04,False,processed
c3a385cebac82c87,opentts_lada,6.0,6.0,False,original
50b57b7a80c645f6,opentts_lada,7.56,5.714666666666667,True,processed
8050544d45d48e02,opentts_lada,6.42,4.232,False,processed
f1a3a5a7e7156e30,opentts_lada,5.4,5.4,False,original
367cf4190991df76,opentts_lada,4.68,4.68,False,original
38f52c8e92c8c314,opentts_lada,8.4,8.4,False,original
9563831fae486725,opentts_lada,6.36,3.9013333333333335,False,processed
500da6c2d85b4239,opentts_lada,6.36,6.36,False,original
6d435c25ec88193a,opentts_lada,5.34,5.34,False,original
754d3aa83fff6c31,opentts_lada,6.3,6.3,False,original
c6033c8f5d1b61f0,opentts_lada,6.36,3.8586666666666667,False,processed
4115fa4f711a73c3,opentts_lada,6.42,3.464,False,processed
22aae211e4a9f6bb,opentts_lada,5.1,5.1,False,original
afcd21da27e9d366,opentts_lada,5.34,5.34,False,original
2cfc2221e4930a13,opentts_lada,6.9,6.9,False,original
60a88bb5a86a6769,opentts_lada,6.42,6.42,False,original
993562ae800f5241,opentts_lada,5.52,5.52,False,original
1638d7672e185d8d,opentts_lada,4.92,2.6533333333333333,True,processed
e54cb0321b792fb3,opentts_lada,4.74,2.2906666666666666,False,processed
d2ce58ca31ea83b0,opentts_lada,4.32,2.248,False,processed
5304f7031602317a,opentts_lada,6.48,4.690666666666667,False,processed
6631f5ca7fe6482d,opentts_lada,6.36,6.36,False,original
3ffe87a8fbd2ba55,opentts_lada,5.16,3.144,False,processed
d97c3ffd13bab92d,opentts_lada,5.04,2.2693333333333334,False,processed
e9811b7c2ddd4e3b,opentts_lada,8.34,8.34,False,original
db9a783efaeefc90,opentts_lada,4.92,4.92,False,original
3faa153457aa9053,opentts_lada,7.32,7.32,False,original
0b791c8fee95553d,opentts_lada,6.24,6.24,False,original
e951bb2bb584ed3b,opentts_lada,5.64,3.517333333333333,True,processed
de17a05f28fba27d,opentts_lada,5.34,2.6853333333333333,False,processed
a46c4e3dd06a9aaf,opentts_lada,6.42,4.168,False,processed
3239037655f3c62b,opentts_lada,6.84,6.84,False,original
0926bee71f6de28a,opentts_lada,3.9,2.066666666666667,False,processed
15216fcd52dfed59,opentts_lada,6.42,4.072,False,processed
b2d2f9b372cebb9a,opentts_lada,7.32,4.264,False,processed
6a7781dfa09ea82e,opentts_lada,4.38,4.38,False,original
1f0ad04adc6756b7,opentts_lada,5.7,2.184,False,processed
e576487c8a8d17b7,opentts_lada,6.42,4.093333333333334,False,processed
c38700278b6b82f4,opentts_lada,5.4,5.4,False,original
d93fc4c98890ebf0,opentts_lada,5.82,5.82,False,original
f7e215626f22d612,opentts_lada,5.1,5.1,False,original
f03f962b4c44f815,opentts_lada,5.34,2.9306666666666668,False,processed
eb744d66547433cf,opentts_lada,6.54,6.54,False,original
cc9834c73af666b8,opentts_lada,5.4,5.4,False,original
346d44fa77ff8baa,opentts_lada,5.34,2.6853333333333333,True,processed
fd4fada003f9d13c,opentts_lada,5.28,2.632,False,processed
b77683880022388b,opentts_lada,7.38,7.38,False,original
ceffff0097a3c337,opentts_lada,6.36,4.349333333333333,False,processed
d9142a1825f6670e,opentts_mykyta,3.3,3.3,True,original
58a476fc30599f00,opentts_mykyta,3.66,3.66,False,original
a873e806b8130af9,opentts_mykyta,7.44,7.44,True,original
46aa2e4062987a5d,opentts_mykyta,6.96,6.109333333333334,False,processed
3a2012d91c2c6df9,opentts_mykyta,5.28,5.28,True,original
1853fc4b9f791b61,opentts_mykyta,5.76,5.76,True,original
1f1ae89bb0ffb8b8,opentts_mykyta,4.26,3.6026666666666665,False,processed
11a93ede4910d3dd,opentts_mykyta,6.96,5.469333333333333,True,processed
93bfc7f74dde98e1,opentts_mykyta,5.04,3.2613333333333334,True,processed
c227e2b3fb38f248,opentts_mykyta,3.18,2.034666666666667,True,processed
8e1d3dd1aac3927d,opentts_mykyta,3.48,3.48,True,original
26bdebf13abce380,opentts_mykyta,4.26,4.26,True,original
068c6b39972a03f6,opentts_mykyta,6.24,5.149333333333334,True,processed
33d5751b554e65c1,opentts_mykyta,3.48,3.48,True,original
d411f0cb05023318,opentts_mykyta,5.16,5.16,True,original
83e20366aa3cd58e,opentts_mykyta,5.16,4.1466666666666665,True,processed
0fa020189e7c14d7,opentts_mykyta,4.44,4.44,True,original
b218e5f5481f2829,opentts_mykyta,4.74,4.74,True,original
893ac17a096d2adf,opentts_mykyta,7.2,5.533333333333333,True,processed
8683742dfe90c138,opentts_mykyta,5.46,3.8906666666666667,False,processed
cab9c4d164655544,opentts_mykyta,6.48,6.48,True,original
71f0271b5dfe44f8,opentts_mykyta,6.48,6.48,True,original
d1b2cd8e8e3b9e91,opentts_mykyta,7.02,7.02,True,original
6057d3ad2ee84619,opentts_mykyta,3.24,2.1306666666666665,False,processed
e482532f1c169286,opentts_mykyta,3.12,2.7453333333333334,False,processed
b60e2ca45d3ebc8a,opentts_mykyta,3.9,2.28,False,processed
af8eeb0bdaaf6faf,opentts_mykyta,4.74,4.74,True,original
38f2f5441396d96c,opentts_mykyta,5.28,5.28,True,original
d944b26bf4c847b1,opentts_mykyta,4.14,2.7173333333333334,True,processed
bb95b943aaeb4c5e,opentts_mykyta,3.18,3.18,True,processed
ce673f8d30ab8f12,opentts_mykyta,4.02,4.02,True,original
eb7ee2068c5040e2,opentts_mykyta,8.22,8.22,True,original
650a0b090c1c3aa2,opentts_mykyta,3.36,3.36,True,original
54128cb05339f5b0,opentts_mykyta,4.02,2.493333333333333,True,processed
cc5d36cab9c23040,opentts_mykyta,3.24,3.24,True,original
89a174d7aca41048,opentts_mykyta,6.66,6.66,False,original
40710901d6cb8262,opentts_mykyta,7.02,5.768,True,processed
ec6d1dbdf3184832,opentts_mykyta,2.82,2.82,True,original
9a04b60abe51ab96,opentts_mykyta,4.08,2.6746666666666665,True,processed
1020265fb84912cd,opentts_mykyta,5.64,5.64,True,original
28cdbef953fe3a3d,opentts_mykyta,3.9,3.9,True,original
816a74e16fd172b3,opentts_mykyta,4.2,4.2,False,original
3ae6136844cf3860,opentts_mykyta,5.52,5.52,True,original
45c74b66f4e52208,opentts_mykyta,3.48,2.4506666666666668,True,processed
24853fa87a94d515,opentts_mykyta,6.18,4.84,False,processed
ae9b420e7bff1109,opentts_mykyta,7.44,7.44,True,original
665b5819f3675c27,opentts_mykyta,5.64,4.392,True,processed
8d75b459ab38ab77,opentts_mykyta,2.94,2.521333333333333,False,processed
d9495281ebad598c,opentts_mykyta,3.66,3.66,True,processed
702d94d54b2de6ea,opentts_mykyta,5.7,5.7,True,original
759503caf060248e,opentts_mykyta,3.54,3.54,True,original
9aa6e3a376121857,opentts_mykyta,7.68,7.68,True,original
6eb6a11b059b40ed,opentts_mykyta,3.36,3.36,True,original
c3d00006e0bfca7f,opentts_mykyta,8.7,8.7,True,original
172b480844041235,opentts_mykyta,4.38,2.962666666666667,True,processed
3e5148008feaa9d6,opentts_mykyta,5.28,3.965333333333333,True,processed
779b30fd4a6ef945,opentts_mykyta,5.88,5.88,True,original
c2022c0fb7fb3cbb,opentts_mykyta,4.74,4.74,True,original
0e70b22afd9d6907,opentts_mykyta,5.04,3.8586666666666667,True,processed
0b4fcd3172eb7286,opentts_mykyta,5.58,4.328,True,processed
b341789359dce578,opentts_mykyta,6.18,6.18,False,original
56af01b39e804540,opentts_mykyta,4.2,3.521333333333333,True,processed
08cd68b8108e009a,opentts_mykyta,4.38,3.176,True,processed
1225dbcf200ac14c,opentts_mykyta,2.82,2.82,True,original
7faeadec8c57496d,opentts_mykyta,7.74,6.538666666666667,True,processed
fe82a6bad6876302,opentts_mykyta,3.42,2.152,True,processed
857380e9a1187eb1,opentts_mykyta,4.92,4.92,True,original
460b4d2feca22ce8,opentts_mykyta,7.26,7.26,True,original
b62f01cd9805b14d,opentts_mykyta,6.9,6.9,True,original
f4d8e81a756dff64,opentts_mykyta,8.1,8.1,True,original
146cb3c3efe048dc,opentts_mykyta,3.24,3.24,True,original
24653ff6f29be580,opentts_mykyta,6.96,6.96,True,original
9a1b36f9c0d29651,opentts_mykyta,3.3,3.3,True,original
e60157d50f82490e,opentts_mykyta,5.7,5.7,True,original
0ade7737eb81422c,opentts_mykyta,4.8,3.3893333333333335,True,processed
8ffb075bfd746701,opentts_mykyta,3.72,2.344,True,processed
106e7c8fab0b530d,opentts_mykyta,3.54,3.54,True,original
ce0ee1553b19271d,opentts_mykyta,3.0,2.3546666666666667,True,processed
31d99722613515de,opentts_mykyta,4.38,4.38,True,original
165d7ac4539ea550,opentts_mykyta,4.98,4.98,False,original
3e36471d7291de19,opentts_mykyta,3.96,2.824,True,processed
e939d57085d2c25f,opentts_mykyta,5.76,4.541333333333333,True,processed
641f35120a841c0e,opentts_mykyta,4.08,2.9306666666666668,False,processed
dc15931f26708709,opentts_mykyta,4.62,4.62,True,original
b464d316ca24d760,opentts_mykyta,7.98,7.98,True,original
4c8cc187ea79f48d,opentts_mykyta,3.54,3.54,True,original
b9915342e8142107,opentts_mykyta,4.68,4.68,False,original
08e5267f9131bcc9,opentts_mykyta,3.66,3.66,False,original
6e78035caa846668,opentts_mykyta,6.42,6.42,True,original
47ee75a2844099fb,opentts_mykyta,3.48,3.48,True,original
c98198390609c516,opentts_mykyta,3.78,3.78,True,original
e348d2067b490046,opentts_mykyta,6.48,6.48,True,original
9032257b1f1d3074,opentts_mykyta,3.78,3.78,True,original
b5f32e27533dab40,opentts_mykyta,3.6,2.013333333333333,True,processed
f023cbba44d138eb,opentts_mykyta,3.54,2.969333333333333,True,processed
62bb8e5a39453ae3,opentts_mykyta,3.24,3.24,False,original
e68afd9ed334cd51,opentts_mykyta,5.22,5.22,True,original
9c159ddda6fb6cb7,opentts_mykyta,3.12,2.74,False,processed
1e9806d17e5573c9,opentts_mykyta,3.84,3.417333333333333,True,processed
d4352057d9d22eb1,opentts_mykyta,3.42,3.42,True,original
69aa62f12d1bb5a3,opentts_tetiana,6.0,3.6986666666666665,True,processed
2fddf33762c8114f,opentts_tetiana,4.56,2.013333333333333,True,processed
4013357b3fe2c12f,opentts_tetiana,4.38,4.38,False,original
fe953367bcd1e8e7,opentts_tetiana,5.34,5.34,False,original
2358d7481f29ecb9,opentts_tetiana,8.82,8.82,True,original
bc4220dedb2b39a0,opentts_tetiana,5.159,5.159,True,original
7f83c375a3ce348d,opentts_tetiana,4.26,2.0773333333333333,False,processed
b1ea5292bccd0671,opentts_tetiana,8.7,5.352,True,processed
88dd01cd49ab14d9,opentts_tetiana,6.9,6.9,False,original
6c92f017a55d40e3,opentts_tetiana,6.36,6.36,True,original
bf443762b49ae701,opentts_tetiana,5.52,5.52,True,original
7b166b9d0dc1973a,opentts_tetiana,4.08,2.504,True,processed
5416fd85919c0a15,opentts_tetiana,5.16,5.16,False,original
fee4ee249024ec1e,opentts_tetiana,5.459,5.459,False,original
db66d78beb3f1e12,opentts_tetiana,4.74,2.184,True,processed
a4d20c904d039c3c,opentts_tetiana,5.82,2.632,True,processed
e1efaab5dc0d3951,opentts_tetiana,5.46,3.9013333333333335,True,processed
459946afe3d52514,opentts_tetiana,7.74,5.725333333333333,True,processed
3ff7e27f7339a49d,opentts_tetiana,8.82,5.874666666666666,False,processed
499279273b190180,opentts_tetiana,4.92,4.92,True,original
61fc9fdf75d88c36,opentts_tetiana,7.02,7.02,True,original
b64ca386085e5daa,opentts_tetiana,8.16,8.16,True,original
946d8018677820ed,opentts_tetiana,8.94,8.94,True,original
859e40bc01bb7b75,opentts_tetiana,6.72,4.434666666666667,True,processed
68193da121bd8ff3,opentts_tetiana,6.06,4.1466666666666665,True,processed
8295344a595567ca,opentts_tetiana,4.8,2.8666666666666667,True,processed
9e2468dbf1c72078,opentts_tetiana,5.76,3.848,True,processed
6097f5f5350b6e17,opentts_tetiana,7.56,7.56,True,original
e9238b21c870beaa,opentts_tetiana,5.52,3.336,False,processed
9379781954c6f1d8,opentts_tetiana,5.82,5.82,True,original
2a3c80b50e3009f0,opentts_tetiana,4.68,2.184,False,processed
8604fdddfe4c48dd,opentts_tetiana,4.68,4.68,True,original
69d1cc2407bc6c03,opentts_tetiana,8.04,8.04,False,original
0143eb9645fe77e0,opentts_tetiana,8.82,8.82,True,original
1b7ca199d0cb0e62,opentts_tetiana,7.44,7.44,True,original
89ae889a44d5c4a2,opentts_tetiana,6.419,3.6773333333333333,True,processed
193ee9ae8fe3bbfb,opentts_tetiana,7.56,5.042666666666666,True,processed
02749462d9239370,opentts_tetiana,6.6,6.6,True,original
19050e6fd81455e8,opentts_tetiana,6.12,6.12,False,original
c1b469d85d055d45,opentts_tetiana,4.74,3.1013333333333333,True,processed
1e1b5cdab1a0dcfd,opentts_tetiana,8.7,8.7,True,original
e116b5fec3fc501a,opentts_tetiana,7.08,7.08,True,original
e8ecb91a8db5f101,opentts_tetiana,4.8,4.8,True,original
1c1b3c40bdff7da4,opentts_tetiana,4.5,4.5,False,original
989d0e13d74863b2,opentts_tetiana,8.58,5.896,False,processed
f6d754017472b88b,opentts_tetiana,5.58,2.973333333333333,False,processed
b3539b2152304982,opentts_tetiana,5.28,5.28,True,original
bcbc8ecf63883fb5,opentts_tetiana,7.74,4.765333333333333,False,processed
52633a8fe28a5f7e,opentts_tetiana,6.12,6.12,False,original
248453bd3d5bc9d6,opentts_tetiana,6.24,3.474666666666667,True,processed
6c1b26cdb98675eb,opentts_tetiana,5.7,5.7,True,original
cd37b0cdc57fb83a,opentts_tetiana,8.52,5.672,False,processed
56b3dcf62366b901,opentts_tetiana,6.78,6.78,True,original
5567c17d1664afde,opentts_tetiana,6.42,4.722666666666667,True,processed
42e09cdd9bd73577,opentts_tetiana,6.36,3.56,False,processed
93a34b9e6a293a63,opentts_tetiana,6.0,6.0,True,original
a436afe8019dd6e6,opentts_tetiana,7.08,7.08,True,original
5d09e242043295b6,opentts_tetiana,4.44,4.44,False,original
8b41685a32cf90a7,opentts_tetiana,5.46,5.46,True,original
91240b7e497809fb,opentts_tetiana,5.7,5.7,True,original
0e2d7d05aa72dde7,opentts_tetiana,5.76,5.76,True,original
a8406d897e716af5,opentts_tetiana,5.399,5.399,True,original
77b50dee243d0c2d,opentts_tetiana,5.7,5.7,False,original
dd0092ad2a86266e,opentts_tetiana,5.34,5.34,True,original
76df0f4029032371,opentts_tetiana,6.48,6.48,False,original
3262642bc54e60b2,opentts_tetiana,6.0,6.0,True,original
f0f1e00645a9ae0c,opentts_tetiana,5.28,3.1653333333333333,True,processed
6b7e760c05f10343,opentts_tetiana,4.74,4.74,False,original
3212b7cac1a07f62,opentts_tetiana,7.5,7.5,True,original
ddb4b0992794a754,opentts_tetiana,7.02,7.02,False,original
5fc38e14b23a74a7,opentts_tetiana,7.38,5.1386666666666665,True,processed
e726cd177b517677,opentts_tetiana,5.28,3.112,False,processed
d15f0fed2f188d89,opentts_tetiana,5.64,5.64,True,original
c3a5d2ccdd8f047d,opentts_tetiana,6.54,6.54,True,original
c6dad82b12822296,opentts_tetiana,9.12,5.757333333333333,True,processed
d92a7ba054aef551,opentts_tetiana,5.52,5.52,True,original
404e82ff92d09c49,opentts_tetiana,8.1,8.1,False,original
928ef336870c1d95,opentts_tetiana,5.4,5.4,True,original
320ccf7987bbf476,opentts_tetiana,8.04,8.04,True,original
d63cfac7a758aa49,opentts_tetiana,8.699,6.301333333333333,True,processed
6eecc0d6fd16d1ba,opentts_tetiana,5.88,5.88,True,original
fabd7d8790334054,opentts_tetiana,5.339,5.339,True,original
27c7bdd1a2d0ea4d,opentts_tetiana,7.02,7.02,False,original
f950c22fb87d55d6,opentts_tetiana,5.46,5.46,True,original
dda6c4b2479d2318,opentts_tetiana,5.76,5.76,False,original
1ddfcc4fb227a7e9,opentts_tetiana,5.4,5.4,True,original
642a0b4005aa2e95,opentts_tetiana,7.56,7.56,True,original
53094efed47fb1df,opentts_tetiana,6.599,6.599,False,original
8f871c64da1f9b76,opentts_tetiana,5.76,2.92,True,processed
32cc8406425d69b5,opentts_tetiana,7.38,7.38,True,original
436fd629fef8f0ae,opentts_tetiana,4.38,4.38,True,original
135ed3c3ae5837f8,opentts_tetiana,5.1,5.1,True,original
b60ea5a3487fd1ae,opentts_tetiana,7.38,7.38,True,original
720ee61b33ce69b4,opentts_tetiana,4.68,4.68,False,original
4c9f5813ca9056a2,opentts_tetiana,8.82,6.738666666666667,False,processed
8679673b1593264e,opentts_tetiana,6.9,6.9,False,original
2731484c2e7f95be,opentts_tetiana,4.56,4.56,False,original
ad6b911003f52646,opentts_tetiana,7.32,7.32,True,original
7f676601dcced195,opentts_tetiana,5.52,2.6,False,processed
378359aa39452278,opentts_tetiana,4.5,2.1733333333333333,True,processed
59ade686dfc9f541,tg_voices_uk,4.06,3.1013333333333333,False,processed
5a30e97954c5364f,tg_voices_uk,4.18,4.18,True,original
4ba9fb21ee3f5893,tg_voices_uk,4.9735,4.701333333333333,False,processed
2c82d3133d9b1bf7,tg_voices_uk,2.3735,2.3735,False,original
ae14f41f9aeea63a,tg_voices_uk,4.1335,4.1335,True,processed
3060dfb5ad8622fe,tg_voices_uk,3.3735,3.3735,False,processed
437115bddff90aac,tg_voices_uk,5.1335,5.1335,True,original
2bf8f4ca350a8335,tg_voices_uk,6.0935,5.7135,False,processed
ae2089eb986e145a,tg_voices_uk,12.2335,12.2335,False,processed
201c870f2e07fc7a,tg_voices_uk,8.9535,8.9535,False,original
1573392baf542b95,tg_voices_uk,3.2,3.2,False,original
a343c3b60397f081,tg_voices_uk,2.6535,2.6535,True,original
dd4dfdc4d7d9cd0c,tg_voices_uk,5.3335,5.22,False,processed
453f4ba9b461f99f,tg_voices_uk,8.0335,8.004,False,processed
8f9bd30121a7c414,tg_voices_uk,2.5935,2.5935,True,processed
55126c0808de1dca,tg_voices_uk,4.7335,4.1786666666666665,True,processed
1f5c4d9d94584166,tg_voices_uk,5.3735,5.356166666666667,True,processed
7e635aa19e714fce,tg_voices_uk,2.7535,2.6746666666666665,False,processed
8430672c813e7b8f,tg_voices_uk,4.6935,4.3773333333333335,True,processed
7d520c9452cdfc46,tg_voices_uk,3.1935,2.472,False,processed
3e685b190ba45f40,tg_voices_uk,3.4135,3.4135,False,original
0da85bf49f563322,tg_voices_uk,4.0535,3.474666666666667,False,processed
7771c2336bd98b36,tg_voices_uk,3.2935,3.1801666666666666,False,processed
80d1e80731f94de5,tg_voices_uk,3.0335,3.0335,True,original
55de86debdfa6538,tg_voices_uk,4.58,3.8053333333333335,False,processed
92161c225505cef3,tg_voices_uk,2.0735,2.0668333333333333,False,processed
c32331f6933db117,tg_voices_uk,3.0935,3.0935,False,original
dff69328d8d33467,tg_voices_uk,2.4935,2.4466666666666668,True,processed
b077e47d42dcdaa2,tg_voices_uk,4.3135,4.232166666666667,False,processed
e9b78993f1c0e88e,tg_voices_uk,2.9935,2.9935,False,processed
7849f87d6989d8de,tg_voices_uk,2.4935,2.2906666666666666,True,processed
ac936925e682db33,tg_voices_uk,2.7335,2.5853333333333333,False,processed
f8d46eb306eedb2a,tg_voices_uk,6.4535,6.4535,True,processed
99dfde6bbdae21df,tg_voices_uk,2.3135,2.3135,True,processed
e63ca37142e403df,tg_voices_uk,5.6735,5.6735,False,processed
3459e9ecf4a5ab88,tg_voices_uk,7.5735,7.5735,False,processed
5ef8bb577dfc820f,tg_voices_uk,5.52,5.225333333333333,False,processed
4f17bca587d2ff0d,tg_voices_uk,3.8935,3.8935,False,original
4d7b9e5933acc2cc,tg_voices_uk,4.0535,3.8441666666666667,False,processed
d0f08e189a6a5ff2,tg_voices_uk,2.0935,2.062666666666667,False,processed
35e7a78e78b39a8a,tg_voices_uk,5.9535,5.9535,True,processed
a8dc57ce6c88a19d,tg_voices_uk,3.3735,3.3735,False,processed
942dc23a4f307676,tg_voices_uk,2.9535,2.8295,True,processed
9ad058e84a7cee1a,tg_voices_uk,3.7735,3.7735,True,original
34109ff078e8ebbc,tg_voices_uk,2.7335,2.7335,True,processed
9a834c7b2a4361d9,tg_voices_uk,7.8135,7.8135,False,original
8c76532e76531c31,tg_voices_uk,2.6935,2.493333333333333,False,processed
0f11cf153c9d4cf0,tg_voices_uk,3.3135,3.3135,False,processed
e1304f2e88eab378,tg_voices_uk,2.4735,2.4735,False,processed
49a0f944677d8954,tg_voices_uk,7.7335,7.7335,True,processed
f82c3035011a7926,tg_voices_uk,4.2135,4.2135,False,processed
c3843c5f27f25bc9,tg_voices_uk,2.5335,2.5335,True,processed
20b69eec04f09874,tg_voices_uk,8.4335,8.4335,False,processed
416b4bec03137c4c,tg_voices_uk,2.8935,2.8935,True,original
2e6bf590e008cf51,tg_voices_uk,4.7935,4.7935,False,processed
d3754eb4100330cb,tg_voices_uk,3.6535,3.6361666666666665,False,processed
827fe93c88e27b5b,tg_voices_uk,5.2535,5.086833333333334,False,processed
86a39f7f2712239b,tg_voices_uk,3.0535,3.0535,False,original
568b4a5c107767da,tg_voices_uk,8.0735,8.0735,True,processed
69241b4e5656715f,tg_voices_uk,2.9335,2.3721666666666668,False,processed
803122a38c01d1fb,tg_voices_uk,2.4935,2.1413333333333333,False,processed
e8ae32ee9004fd33,tg_voices_uk,2.9135,2.9135,False,processed
27789ef0611f2091,tg_voices_uk,4.9735,4.9735,True,processed
88bd598f008ff157,tg_voices_uk,6.24,5.732,False,processed
f823e7681f9fe225,tg_voices_uk,4.9935,4.944166666666667,True,processed
62cc7bd36f68a298,tg_voices_uk,4.3935,4.3935,False,processed
2f3cba8d9f5c9c25,tg_voices_uk,5.9735,5.48,False,processed
a38f4072312baa2e,tg_voices_uk,2.2935,2.030666666666667,False,processed
9f0cc5c4c74e219b,tg_voices_uk,2.3935,2.3935,False,original
31ece5d3b9b634c7,tg_voices_uk,2.0135,2.0135,False,processed
448c7cee04bfa8cd,tg_voices_uk,2.2535,2.009333333333333,False,processed
593b1c8c69e1b8ce,tg_voices_uk,5.4135,5.2575,False,processed
51d1c15b3e70b3a4,tg_voices_uk,7.2735,7.2735,False,processed
bfba3cb5e21bbd3a,tg_voices_uk,2.9135,2.9135,False,original
962c90bf6df6db11,tg_voices_uk,5.6535,5.6535,False,processed
4a499ff6ee15bc09,tg_voices_uk,3.2535,2.1413333333333333,True,processed
1bb191727cf865aa,tg_voices_uk,5.4735,5.4735,False,processed
7afbfeda4a1943d5,tg_voices_uk,5.2535,5.2535,True,original
5b3899af8f752319,tg_voices_uk,2.8335,2.8335,True,original
6e233d493552ff0e,tg_voices_uk,7.3335,7.3335,False,original
874ee0fbe04650eb,tg_voices_uk,3.5935,3.5935,True,processed
a65b7736466b6639,tg_voices_uk,2.4335,2.4146666666666667,False,processed
71c2601a98290420,tg_voices_uk,3.78,2.28,False,processed
ee1bcfca55685f89,tg_voices_uk,8.0535,8.0535,True,processed
688ca135f008a4bb,tg_voices_uk,5.3535,4.274666666666667,False,processed
3dce096c4a44842f,tg_voices_uk,8.0335,7.982666666666667,False,processed
f6175f23c57e2bd0,tg_voices_uk,2.4335,2.4335,False,processed
fae330cef3ec5625,tg_voices_uk,4.4735,4.466833333333334,True,processed
68560aaf280b0585,tg_voices_uk,3.02,2.6826666666666665,True,processed
4558986978112bdc,tg_voices_uk,2.8935,2.5853333333333333,False,processed
015ce2877dca09b6,tg_voices_uk,3.4535,3.364,False,processed
0494a2a8da2ae831,tg_voices_uk,2.0535,2.0535,True,processed
1d1a2eb127fef6c1,tg_voices_uk,4.1735,3.208,False,processed
b1147de288dda47b,tg_voices_uk,3.2135,3.2135,False,original
c5bc392fbdf84ad7,tg_voices_uk,2.3135,2.3135,False,original
91e27cdcc0bb2033,tg_voices_uk,6.9135,6.632,False,processed
ad387df59a236c45,tg_voices_uk,2.72,2.72,False,original
69a34776de65ca8e,tg_voices_uk,2.6535,2.6535,True,original
34a7195683ba3c42,tg_voices_uk,2.8135,2.8135,False,processed
b1b5312393f01c46,tg_voices_uk,2.2135,2.2135,False,original
3d266a831e90d335,ua_ser,2.95525,2.95525,False,processed
9f745e229d10784b,ua_ser,2.803625,2.803625,False,processed
a78886575d348f74,ua_ser,2.304,2.304,False,processed
b4ee8d66216948ee,ua_ser,2.742,2.742,False,processed
18087c3a908cfea9,ua_ser,2.3026875,2.3027083333333334,False,processed
836387254fd4ca1a,ua_ser,4.3368125,4.336833333333334,False,processed
0593e655648ddfad,ua_ser,2.548,2.548,False,processed
ca4f931206a8a29c,ua_ser,3.67875,3.67875,False,processed
a86527ce460d5853,ua_ser,3.20625,3.20625,False,processed
d34fe67295b53ab3,ua_ser,3.3453125,3.3453333333333335,False,processed
6781c55f86ce67a0,ua_ser,2.28125,2.28125,False,original
9abe21701d8300f2,ua_ser,2.818,2.818,False,original
5bdc248dbac9a5b6,ua_ser,2.59375,2.59375,False,processed
70a9b8589969bf9e,ua_ser,2.0248125,2.0248333333333335,False,processed
ef6f31ec38e2ba31,ua_ser,3.072,3.072,False,processed
58b5f26093b11b52,ua_ser,2.51525,2.51525,False,processed
aac5ba3d4c7f0b02,ua_ser,2.304,2.18,False,processed
58eee0eb0e5d10fd,ua_ser,4.0244375,4.0244583333333335,False,processed
3114b59a1dddc877,ua_ser,3.1016875,3.1017083333333333,True,processed
d5dd48a9b47cae15,ua_ser,2.432,2.432,False,processed
0782b89dc09f07ca,ua_ser,2.180625,2.180625,False,processed
4fa0c8aa9fbd58a8,ua_ser,2.55425,2.55425,False,processed
7ca79417ff847026,ua_ser,2.432,2.432,False,processed
9b49305c687397b4,ua_ser,2.514,2.514,False,processed
c0ff44009f1d582b,ua_ser,2.581875,2.581875,True,processed
bd8ee5e7d31ae146,ua_ser,3.416875,3.416875,False,processed
e4ea07bd6ff3d635,ua_ser,2.6319375,2.6319583333333334,False,processed
8bc611ba615a4311,ua_ser,2.153875,2.153875,False,processed
e333b6260ad8a588,ua_ser,2.3625,2.3625,False,processed
7d10601c621333fb,ua_ser,2.8015,2.8015,False,processed
43d91fefabe96223,ua_ser,2.548125,2.548125,False,processed
b22923f08cac12d4,ua_ser,2.33525,2.33525,False,processed
5b6269d4fed7ccdd,ua_ser,2.2713125,2.271333333333333,False,processed
a70ab834f6ce953d,ua_ser,2.311875,2.311875,False,processed
541577e82eaed72c,ua_ser,3.00375,3.00375,False,original
d39f374b06904f0f,ua_ser,4.471875,4.471875,False,processed
19ffee07e35a6234,ua_ser,2.3439375,2.343958333333333,True,processed
3ec62c9173577600,ua_ser,2.6631875,2.6632083333333334,False,processed
757812da0cf15f8e,ua_ser,2.316125,2.316125,False,original
04c4c7dc06b94da8,ua_ser,2.4333125,2.433333333333333,False,processed
e801b3f088696656,ua_ser,2.3,2.3,False,processed
15b2d2eaa7874652,ua_ser,2.784375,2.784375,False,processed
695662ccff496a1d,ua_ser,2.176,2.176,False,processed
b906c61e2ad5a262,ua_ser,2.148625,2.148625,False,processed
0ef7f42f655f2a11,ua_ser,4.2513125,4.251333333333333,False,processed
00d2f52a40fc6586,ua_ser,3.256875,3.256875,False,original
568dab3a2129f2cf,ua_ser,2.581875,2.581875,False,processed
2d9cbb4700b84c4a,ua_ser,2.162125,2.162125,False,processed
93864d5cb7bd8791,ua_ser,2.3250625,2.325083333333333,False,processed
7f35bf53f2cbccc0,ua_ser,2.4538125,2.4538125,False,original
2b5a0a4398f05eb9,ua_ser,2.210625,2.210625,False,processed
6c5a196b3a1dcb26,ua_ser,2.3190625,2.3190833333333334,False,processed
f7753b7ddb38c36d,ua_ser,2.6518125,2.6518333333333333,True,processed
a602cf7755b3964f,ua_ser,2.1851875,2.185208333333333,False,processed
47dc0a795c5ad36f,ua_ser,2.7855,2.7855,True,processed
74e1ee12f1f05863,ua_ser,3.27375,3.27375,False,processed
e57fa4bf7f28ac8d,ua_ser,3.4661875,3.4662083333333333,True,processed
ff3f4fed8815497a,ua_ser,2.03,2.03,True,processed
1f4aff1ea7c9e835,ua_ser,2.3784375,2.3784375,False,original
53c06bfa319664c0,ua_ser,3.0406875,3.0407083333333333,False,processed
57872d6abf3e8e0a,ua_ser,2.531,2.531,False,processed
32aaf7503b6cd3df,ua_ser,2.3091875,2.3091875,False,original
8a11f9741aa8e2f1,ua_ser,2.097,2.097,False,processed
fa3f4e9b373fa1f7,ua_ser,2.2,2.2,False,processed
28420ad22b688e99,ua_ser,2.432,2.432,False,processed
729cc5141afe01f8,ua_ser,2.037625,2.037625,False,processed
6d16d28a433f5eed,ua_ser,2.749125,2.749125,False,processed
01ffd913ca35a85a,ua_ser,2.176,2.176,False,processed
01acdc595005cacc,ua_ser,3.2,3.2,False,processed
c3d00b149ec47080,ua_ser,2.377,2.377,False,processed
edf503cc844ba0d3,ua_ser,2.432,2.432,False,processed
87d83788cc6a7e28,ua_ser,2.6489375,2.6489583333333333,False,processed
509bccd5148742ca,ua_ser,2.56,2.56,False,processed
2b49bc0c5d89e67a,ua_ser,4.9275,4.9275,False,processed
a6213b90c70f0ff3,ua_ser,2.548,2.548,True,processed
1331cdba582b5a20,ua_ser,3.07125,3.07125,False,processed
9359e4f30d603a21,ua_ser,2.0,2.0,False,processed
679966d55e8e6024,ua_ser,2.986875,2.986875,True,processed
966bcf69ce24929e,ua_ser,3.2335625,3.2335833333333333,True,processed
157355cf2bf9948d,ua_ser,2.81975,2.81975,False,processed
05376696eff3f338,ua_ser,2.716875,2.716875,False,processed
a9c3ed1fe6845469,ua_ser,2.0925,2.0925,False,processed
b529b739bf077d08,ua_ser,2.59025,2.59025,False,processed
d68511dc1fc2bdcb,ua_ser,2.26125,2.26125,False,processed
69310569deb34f07,ua_ser,2.716875,2.716875,False,processed
852b72f0266145ba,ua_ser,2.688,2.688,False,processed
60a290aaf923919a,ua_ser,3.8,3.8,False,processed
b5d1f05c0444e84e,ua_ser,3.54375,3.54375,False,processed
2a4bc72c4adcaf1f,ua_ser,2.3685,2.3685,False,processed
6a0b75596ff7a4da,ua_ser,2.048,2.048,False,original
686bb112f920104c,ua_ser,3.763,3.763,False,processed
babb3ecc4f6decd1,ua_ser,2.1974375,2.1974583333333335,False,processed
95066237ea583bc3,ua_ser,3.498875,3.498875,False,processed
0c528ab86210ee04,ua_ser,2.77625,2.77625,False,processed
caea7fd720cfc08e,ua_ser,2.3550625,2.3550833333333334,False,processed
d02b08892d93f141,ua_ser,2.176,2.176,False,processed
993fa09da2be2867,ua_ser,2.048,2.048,False,processed
79c7278ac03ee9f0,ua_ser,2.3625,2.3625,False,original
5b18ec06d2865d22,ua_ser,2.5295,2.5295,False,processed
7b37a173fad7b143,ua_ser,2.919375,2.919375,False,processed
a73071d89696b39a,ukr_dialects,2.27,2.27,False,processed
0d903a219416e592,ukr_dialects,10.176,10.176,False,processed
a237faa0e9bc87dd,ukr_dialects,6.41,6.41,True,processed
54eeef47799137c1,ukr_dialects,15.616,15.616,False,processed
9bab0aa3a629938d,ukr_dialects,4.224,4.224,False,processed
41159136ebf7f7a3,ukr_dialects,6.061,5.883666666666667,False,processed
8e7ec197983fb8d3,ukr_dialects,2.36,2.36,False,original
7b15981516e06ca9,ukr_dialects,5.056,5.056,False,processed
ecccb25e97188c6c,ukr_dialects,4.6,4.6,False,processed
2f668652e951fd93,ukr_dialects,6.78,6.78,True,processed
86fbe1ea16af07cd,ukr_dialects,3.13,2.4466666666666668,False,processed
242bb56bb37571ba,ukr_dialects,15.92,15.92,True,processed
e50d0d4b1c00b856,ukr_dialects,7.808,7.808,False,original
4acb82bc34643fb8,ukr_dialects,12.12,12.12,True,processed
840ba85823240964,ukr_dialects,4.11,4.11,False,processed
c9d0a1f87abc187b,ukr_dialects,9.36,9.36,True,processed
6a64ff4852a96de3,ukr_dialects,2.1,2.1,False,processed
558e902c5d7d46f3,ukr_dialects,19.968,19.968,False,original
41e58a4191de07bd,ukr_dialects,2.92,2.92,False,original
7f3e8a5402a396c8,ukr_dialects,7.6,7.6,True,processed
314b92c52c435e0b,ukr_dialects,5.2,5.2,False,processed
29d771f7f65c7f6d,ukr_dialects,7.296,7.296,False,processed
f372269ffe3275c2,ukr_dialects,6.66,6.66,False,processed
0e63f6ac4d9ba2b0,ukr_dialects,9.088,9.088,False,processed
3e2faddd06d54425,ukr_dialects,7.35,7.35,True,processed
702561049f1f39e2,ukr_dialects,19.8,19.8,True,processed
e4864d2df79bd445,ukr_dialects,3.31,3.31,True,processed
9a53543d89606468,ukr_dialects,3.78,3.78,False,original
97c99077b7b8cd1f,ukr_dialects,10.82,10.82,True,processed
9a08bccb686a9cfc,ukr_dialects,2.32,2.32,False,processed
4347bf5310942834,ukr_dialects,7.069,7.069,False,processed
f8bdfd7bd77fa1ce,ukr_dialects,4.16,4.16,False,original
822f0bcd4cb98b92,ukr_dialects,4.53,4.53,True,processed
296ccfb816eeed83,ukr_dialects,11.58,11.58,False,processed
dadb51e263de4b43,ukr_dialects,8.0,8.0,False,processed
c264aef7ef14b160,ukr_dialects,2.94,2.94,False,processed
ed75e77294c340d0,ukr_dialects,9.216,9.216,False,original
bfe785bdf79df31a,ukr_dialects,2.624,2.624,False,original
e1e1d5db68276240,ukr_dialects,2.24,2.24,False,original
6bb7fe1dda248aff,ukr_dialects,7.36,7.36,False,processed
5652df24fa209a85,ukr_dialects,6.54,6.54,False,processed
263bbe5a83c21022,ukr_dialects,3.776,3.776,False,original
8994f61724e32836,ukr_dialects,2.02,2.02,False,processed
1eb21ddca0218ac0,ukr_dialects,3.22,3.22,True,original
64f7dfc385fd0332,ukr_dialects,2.04,2.04,False,processed
0839ab4db381da1e,ukr_dialects,3.391,3.391,False,processed
bf7fa24b56a90ac9,ukr_dialects,7.616,7.616,False,processed
9d313dc5c2894ba2,ukr_dialects,6.839,6.839,True,processed
8a3949ca3cf2196f,ukr_dialects,5.5,5.5,False,original
f22b87646ba1578f,ukr_dialects,3.339,3.076,False,processed
694cc49500f2b87c,ukr_dialects,6.63,6.63,True,processed
6a258d45765bd4c5,ukr_dialects,2.624,2.030666666666667,False,processed
4353235c5f194455,ukr_dialects,5.4,5.4,False,processed
154537938649b4f0,ukr_dialects,4.94,4.94,False,processed
a2da8be2193fa216,ukr_dialects,10.34,10.34,False,original
f962b3769de914d2,ukr_dialects,2.46,2.46,False,processed
f0d2b87d5ba3b68e,ukr_dialects,3.62,3.62,False,original
f9b84ffab9cfe5dd,ukr_dialects,2.88,2.88,False,processed
30942657994cb72e,ukr_dialects,5.331,4.356,False,processed
566c39695cadae26,ukr_dialects,3.199,3.199,False,processed
c43b6871fb7abcf7,ukr_dialects,12.029,12.029,False,processed
2c57b228b9d2349e,ukr_dialects,14.9,14.9,True,processed
2a6e18b3e07e2956,ukr_dialects,4.22,4.22,True,processed
64326990b57264c9,ukr_dialects,2.86,2.7346666666666666,False,processed
ab089df50f15fd9b,ukr_dialects,7.35,7.35,False,processed
258401e9b5844ceb,ukr_dialects,5.568,5.568,False,original
c1b3bd09e07db289,ukr_dialects,5.04,4.526666666666666,False,processed
316f532261a9d135,ukr_dialects,5.8,5.8,False,processed
3eaea0949e59c63c,ukr_dialects,2.74,2.74,False,processed
e825ef3a856b4735,ukr_dialects,3.44,3.44,False,processed
c4bd25a3e37e2f75,ukr_dialects,6.464,6.34,False,processed
626a1b5a7d4f1be6,ukr_dialects,2.16,2.16,False,processed
0778c18cc75cdb00,ukr_dialects,2.221,2.221,False,processed
9586770df2d8998d,ukr_dialects,6.26,6.26,True,processed
bc994a1816813eb6,ukr_dialects,16.82,16.322666666666667,False,processed
aabdb6483bfd2e33,ukr_dialects,5.64,5.601333333333334,True,processed
9eb5785631635bcc,ukr_dialects,7.06,7.06,True,processed
d1aaed43c3f470c7,ukr_dialects,5.76,5.76,True,processed
6fe0c19b1687d9fd,ukr_dialects,2.931,2.931,False,processed
ebbb475ae0b3b99d,ukr_dialects,6.144,6.144,False,processed
0b4b8c379f2776ff,ukr_dialects,2.88,2.88,False,processed
d493e655c444f5ff,ukr_dialects,9.84,9.84,False,processed
ad367fcec6fcb05a,ukr_dialects,5.0,5.0,False,processed
ac39b8868249abce,ukr_dialects,11.328,11.328,False,processed
bc7742c907d24d2f,ukr_dialects,11.921,11.876,False,processed
4d7035ab3ea935bb,ukr_dialects,6.71,6.71,False,processed
1dae50f6c705d197,ukr_dialects,2.46,2.46,False,processed
549386c09d2fcf4a,ukr_dialects,10.432,10.432,False,original
0d5acbee36e35f4b,ukr_dialects,2.26,2.26,False,original
a6390ea60fa8955f,ukr_dialects,5.1,5.1,False,processed
1de226ddd11f1191,ukr_dialects,10.9,10.9,True,processed
04413a02ee61f031,ukr_dialects,6.69,6.69,False,processed
afb0639f8533a96a,ukr_dialects,5.952,5.924,False,processed
7265b848bca4d28e,ukr_dialects,9.856,9.529333333333334,False,processed
2890141f6247d55f,ukr_dialects,19.84,19.822666666666667,False,processed
a95bca27330ef230,ukr_dialects,7.45,7.45,False,processed
858792926bd04b40,ukr_dialects,6.699,6.699,False,processed
34298b8fbc78f285,ukr_dialects,5.58,5.58,True,processed
5a9e8cef3dac3395,ukr_dialects,3.15,3.15,False,processed
b9787bd603a6f2a2,ukr_dialects,11.34,11.34,False,original
