audio_sha256,audiobox_pq,checkpoint_step,role,sigmos_coloration,sigmos_discontinuity,sigmos_loudness,sigmos_noise,sigmos_overall,sigmos_reverb,sigmos_speech,source_id,utterance_id
52603907f253f9598be17381c4bf500823573f9d4f2eae071ffb782cbb7465f3,7.037970542907715,284000,synthesis,3.1239070892333984,3.6614913940429688,3.5207149982452393,4.164601802825928,3.035142660140991,4.333147048950195,3.5436105728149414,common_voice_available_uk,common_voice_available_uk_5df6da1d671744faf0228008
beb136c97defcad9b95903ac525f43203825ced17a45e5422fc4732089f8b442,5.993923187255859,284000,reference,3.099912405014038,3.979297161102295,3.191782236099243,4.381586074829102,2.8465793132781982,4.695446014404297,3.3376882076263428,common_voice_available_uk,common_voice_available_uk_5df6da1d671744faf0228008
75e95395bdec0348485a79e97d282a3564c1c2c0d013085524a127b9ed7164b3,7.098580837249756,284000,processed,2.916067361831665,4.176653861999512,3.5291225910186768,4.440183639526367,3.5028510093688965,4.42159366607666,3.995603561401367,common_voice_available_uk,common_voice_available_uk_5df6da1d671744faf0228008
24c4e48fae7ea735e297b4e2e761897830ce35ab960cdd0fd2cc38f4cd544455,7.264297962188721,284000,synthesis,3.059255361557007,4.321630954742432,3.370278835296631,4.125026702880859,2.8360722064971924,4.18998908996582,3.224783420562744,fleurs_uk,fleurs_uk_ce9eb2666cb7cc32803ed074
fabc66c63b8c49fd2274a8824e6d9e559ca3ff30603f743ba53114a2d393364f,6.217626094818115,284000,reference,3.8355026245117188,4.0939459800720215,3.4227027893066406,3.8574209213256836,3.518824577331543,4.669095993041992,4.135056495666504,fleurs_uk,fleurs_uk_ce9eb2666cb7cc32803ed074
087bff37315c3fe4ae38f26edd666b0befacaab8617804a8626d47427f7e5892,7.497048377990723,284000,processed,4.044264316558838,4.175004482269287,3.571885108947754,4.167316913604736,3.330428123474121,4.354487895965576,3.9893417358398438,fleurs_uk,fleurs_uk_ce9eb2666cb7cc32803ed074
0caebb1b8707a14dfeb85ef616faeb166204ef8c39bef10b2f8a2e4c1182b4ff,7.317476749420166,284000,synthesis,3.4465346336364746,3.4114904403686523,3.281795024871826,3.5785348415374756,3.0731639862060547,4.128608703613281,3.4009594917297363,opentts_lada,opentts_lada_d678cf4acf3877e75ae20b50
ede01985b791f80d1de2afd20c96f59d692fc9af0229c2da22804013af400f92,7.436037540435791,284000,reference,4.02797269821167,4.353376388549805,2.4986329078674316,3.959744691848755,2.7562472820281982,4.636151313781738,3.2009432315826416,opentts_lada,opentts_lada_d678cf4acf3877e75ae20b50
388a36600d7b3ba256d6abdb2072d5aff059071f7da81748c36bd2cbb9c66e4c,7.472229480743408,284000,processed,3.4335153102874756,4.522697448730469,3.3612613677978516,4.1984028816223145,2.884190320968628,4.459352016448975,3.4591896533966064,opentts_lada,opentts_lada_d678cf4acf3877e75ae20b50
08b43452a8c56d3c6561609458a2450e5cff9cccc15e95329b5ae71bd67baabb,7.684921741485596,284000,synthesis,2.9992852210998535,4.456252098083496,3.9953556060791016,4.38891077041626,3.0990025997161865,4.433215141296387,3.6480519771575928,opentts_mykyta,opentts_mykyta_c2f414fc0fe7a2a70b94b0fc
d7e2fed9fda48c9535bad5054f3ad4302f6e2b3e8e0cde05b60ac2d968203cbc,8.019245147705078,284000,reference,3.9257442951202393,4.099517822265625,3.6629557609558105,3.9559600353240967,3.348034381866455,3.954833745956421,3.6948771476745605,opentts_mykyta,opentts_mykyta_c2f414fc0fe7a2a70b94b0fc
ba3cbc6e300ac5fae3fd056a1c19c174b2b115f0a82b10f920f39b7e9952ce28,7.830447196960449,284000,processed,3.184236526489258,4.816883087158203,3.8443710803985596,4.479981422424316,3.6713662147521973,4.862820625305176,3.8260090351104736,opentts_mykyta,opentts_mykyta_c2f414fc0fe7a2a70b94b0fc
c414daac9b7513ec3fb06bc6a2bb46e5df6f3b9579b4575a1a49053da2e8b5d4,7.539693355560303,284000,synthesis,3.350498914718628,4.034646987915039,3.8819684982299805,3.8344030380249023,3.4187796115875244,3.913008689880371,3.7669992446899414,opentts_tetiana,opentts_tetiana_940d13e97ac3739264027997
81075efb3b9e1b620bdc6027d4c88ae59e945732761e667cc266a3e44b964cdb,7.548333168029785,284000,reference,3.717528820037842,3.9012436866760254,3.96541428565979,4.3446760177612305,3.5991084575653076,4.355398178100586,4.0922746658325195,opentts_tetiana,opentts_tetiana_940d13e97ac3739264027997
697cb0f7d08043c43e862fe35fbe34814bfc8e6aa747ec036767eb676205ba65,7.493076324462891,284000,processed,3.7655205726623535,4.168065547943115,4.0547075271606445,4.51287841796875,3.823878765106201,4.02998685836792,4.361712455749512,opentts_tetiana,opentts_tetiana_940d13e97ac3739264027997
31e9b607bbf9a21792ede00cd9fb06225670c461eae4a205f68f2674c6ea2024,7.64277458190918,284000,synthesis,3.136275053024292,3.8618075847625732,3.7438700199127197,3.7794480323791504,2.734912633895874,4.787532806396484,3.1888158321380615,tg_voices_uk,tg_voices_uk_658efbc1e369460c1629ae86
5bea77b48c4c7f270bda3949758f72db12494e64456514dc4284723bf982634b,5.003911018371582,284000,reference,3.924485445022583,3.857740879058838,3.8950436115264893,4.020435810089111,3.31313419342041,3.944216251373291,3.8737034797668457,tg_voices_uk,tg_voices_uk_658efbc1e369460c1629ae86
b1ce23dc7450c3bc726a99b5f2ea294efa159c4e0f0bc670214dca1a9be00ef1,7.315501689910889,284000,processed,4.109696388244629,4.1614861488342285,4.455028533935547,3.8527352809906006,3.400501251220703,4.457254409790039,4.111814975738525,tg_voices_uk,tg_voices_uk_658efbc1e369460c1629ae86
6d175b8426cf499196967cd568909050a78933af32321fc48747f5cebf6d3e2d,7.220801830291748,284000,synthesis,2.8330869674682617,3.770686626434326,4.09539794921875,3.770814895629883,2.6593215465545654,4.2828874588012695,3.155503749847412,ua_ser,ua_ser_be37bb89df5984c587d20c82
5c0359bb7e9f25f102108852b4dd9522fb08399efaf33da0b4e023e9bfc38c43,6.268033981323242,284000,reference,2.640483856201172,3.354922294616699,4.2025146484375,2.4253928661346436,1.5809824466705322,4.038982391357422,1.964120626449585,ua_ser,ua_ser_be37bb89df5984c587d20c82
01bc61cd37f6534a5662b5282c6a149b84f04de032a131f8bedb1a5792a4b598,7.5131072998046875,284000,processed,2.5761775970458984,3.6160683631896973,3.251905918121338,3.4452390670776367,2.329375743865967,4.516918659210205,3.1895039081573486,ua_ser,ua_ser_be37bb89df5984c587d20c82
f54668ac4484b70f5da29db1d0351d5cd6b57549bf9dc8f92ab141ad8d06192c,6.844568729400635,284000,synthesis,2.7153568267822266,4.364184379577637,3.6829233169555664,3.5921216011047363,2.188800573348999,3.5006675720214844,2.5991594791412354,ukr_dialects,ukr_dialects_d2ba80d943e6a61f32205558
2b36c342de8bbd68b44be0485918bc399f102500fa87355ba7c2bb477f224c19,4.6201300621032715,284000,reference,3.1632273197174072,4.1342315673828125,3.1433589458465576,3.56925630569458,2.321639060974121,2.6731131076812744,2.8795061111450195,ukr_dialects,ukr_dialects_d2ba80d943e6a61f32205558
48510295db3d0ea4aab8c42d61227dcbcb686c978e759cabdcc68cb7d20e105a,6.939644813537598,284000,processed,3.607447862625122,4.3388447761535645,3.7244086265563965,3.9410765171051025,3.142733097076416,3.9351696968078613,3.269765853881836,ukr_dialects,ukr_dialects_d2ba80d943e6a61f32205558
74f69ee97b9cf54ffc06cececb4bce47d2c11a3c5dce7077fe050f747595ef5d,7.732698917388916,284000,synthesis,3.0236542224884033,3.3729865550994873,3.9201948642730713,4.175448417663574,3.172539234161377,3.7865657806396484,3.414994478225708,common_voice_available_uk,common_voice_available_uk_c02c7293451907b932c31154
94cb8b3cd2c6607cba77173e843b7d0e44991a5c235afd8316f658278234510c,6.993818759918213,284000,reference,4.007619857788086,3.6813950538635254,3.7083864212036133,4.553672790527344,3.177917242050171,4.5157976150512695,3.2767398357391357,common_voice_available_uk,common_voice_available_uk_c02c7293451907b932c31154
eabb210d8a8a618ffe04b286bb1a47dd3059a9dfbfdca3997f157cfe0eee2b09,7.940995216369629,284000,processed,4.042259216308594,3.8123679161071777,3.8902761936187744,4.767341613769531,3.065857410430908,4.384300231933594,3.323108196258545,common_voice_available_uk,common_voice_available_uk_c02c7293451907b932c31154
275630a083982cee753f5a27dbb3e2101cd68a12bdad66a5ee07f81174b82b1b,7.467397212982178,284000,synthesis,2.719531774520874,4.010806083679199,2.818974018096924,4.250349998474121,2.2289035320281982,4.198269844055176,2.591700792312622,fleurs_uk,fleurs_uk_780f47de1ad7de01b058a990
087686efcf8fe78a2fa4bf4a5171db0548492d14404b7de2128a83869f25af75,6.47060489654541,284000,reference,3.0311667919158936,3.519312620162964,3.2982664108276367,3.5724029541015625,3.0174410343170166,3.7231528759002686,3.5240590572357178,fleurs_uk,fleurs_uk_780f47de1ad7de01b058a990
95a206e517463794c0ec3a56d44248b826ae66d75b5432ab28544868db7d545c,7.535998821258545,284000,processed,3.6862406730651855,4.382208824157715,2.7510123252868652,4.815983772277832,3.1500256061553955,4.878762245178223,3.9457969665527344,fleurs_uk,fleurs_uk_780f47de1ad7de01b058a990
