source_id,count,improved,worsened,unchanged,mean_change,median_change,p05_change,p95_change
all,800,501,299,0,0.19880071818828582,0.13532006740570068,-0.608494234085083,1.1593812227249143
common_voice_available_uk,100,67,33,0,0.16401342868804933,0.11899387836456299,-0.5801700234413147,0.9914684414863585
fleurs_uk,100,66,34,0,0.25459991216659544,0.19400763511657715,-0.4609226822853088,1.1191803097724913
opentts_lada,100,45,55,0,-0.07038397550582885,-0.06828451156616211,-0.7353469729423523,0.5518662571907044
opentts_mykyta,100,40,60,0,-0.11606716871261596,-0.10406839847564697,-0.7079319238662719,0.4741731286048889
opentts_tetiana,100,35,65,0,-0.1269684314727783,-0.12938034534454346,-0.6729308485984802,0.35186071395874013
tg_voices_uk,100,76,24,0,0.3852953863143921,0.3908679485321045,-0.46264770030975344,1.2968138575553894
ua_ser,100,90,10,0,0.6060308766365051,0.5965782403945923,-0.13917391300201415,1.4477414846420287
ukr_dialects,100,82,18,0,0.4938857173919678,0.3746151924133301,-0.22887110710144043,1.5433579444885253
