count,hours,mean,median,metric,p25,p5,p75,p95,profile,source_id
800,1.0586701851851852,3.19582311719656,3.2204296588897705,sigmos_overall,2.934022903442383,2.526307475566864,3.484542489051819,3.7689865231513977,full_cascade,all
800,1.0586701851851852,3.7651623257994653,3.7891353368759155,sigmos_speech,3.5305371284484863,3.159456837177277,4.0214046239852905,4.326606559753418,full_cascade,all
800,1.0586701851851852,4.303509106040001,4.32804536819458,sigmos_noise,4.11965548992157,3.7917452335357664,4.5295305252075195,4.740962219238281,full_cascade,all
800,1.0586701851851852,3.470217804610729,3.4961036443710327,sigmos_coloration,3.2239526510238647,2.8184593319892883,3.7153574228286743,4.073811054229736,full_cascade,all
800,1.0586701851851852,4.14184608578682,4.155014991760254,sigmos_discontinuity,3.9017245173454285,3.5592931270599366,4.402713656425476,4.6839293241500854,full_cascade,all
800,1.0586701851851852,3.737759270966053,3.7979393005371094,sigmos_loudness,3.4359285831451416,2.7733094096183777,4.146746039390564,4.474260926246643,full_cascade,all
800,1.0586701851851852,4.417562430799007,4.474147319793701,sigmos_reverb,4.212910890579224,3.8283697724342347,4.656089186668396,4.834914422035217,full_cascade,all
100,0.1050862962962963,3.0912500858306884,3.0928326845169067,sigmos_overall,2.8462696075439453,2.667279291152954,3.300042986869812,3.6247368812561036,full_cascade,common_voice_available_uk
100,0.1050862962962963,3.6049418783187868,3.585296154022217,sigmos_speech,3.3107299208641052,3.162453627586365,3.863696038722992,4.154601335525513,full_cascade,common_voice_available_uk
100,0.1050862962962963,4.3493575310707095,4.356439113616943,sigmos_noise,4.1454551219940186,3.8678430199623106,4.569288969039917,4.781278276443482,full_cascade,common_voice_available_uk
100,0.1050862962962963,3.4051250410079956,3.407143712043762,sigmos_coloration,3.164127230644226,2.7435118675231935,3.6685975790023804,4.071277093887329,full_cascade,common_voice_available_uk
100,0.1050862962962963,4.0014747881889345,3.986929774284363,sigmos_discontinuity,3.7723318338394165,3.455523431301117,4.2318713665008545,4.593841075897217,full_cascade,common_voice_available_uk
100,0.1050862962962963,3.788029408454895,3.753273367881775,sigmos_loudness,3.5479028820991516,3.12328120470047,4.044406533241272,4.562948250770569,full_cascade,common_voice_available_uk
100,0.1050862962962963,4.388142950534821,4.410041809082031,sigmos_reverb,4.168867230415344,3.8072551250457765,4.642611980438232,4.835558366775513,full_cascade,common_voice_available_uk
100,0.28253222222222224,3.2706382942199705,3.3130393028259277,sigmos_overall,3.1124411821365356,2.50202419757843,3.4954023361206055,3.7806559681892393,full_cascade,fleurs_uk
100,0.28253222222222224,3.8684101796150205,3.8921847343444824,sigmos_speech,3.7110103368759155,3.3751919746398924,4.035802006721497,4.308963489532471,full_cascade,fleurs_uk
100,0.28253222222222224,4.44044680595398,4.4552788734436035,sigmos_noise,4.259241580963135,4.113689041137695,4.601154685020447,4.765047287940979,full_cascade,fleurs_uk
100,0.28253222222222224,3.5727088809013368,3.5984076261520386,sigmos_coloration,3.3862019181251526,2.956497573852539,3.778742730617523,4.084867596626282,full_cascade,fleurs_uk
100,0.28253222222222224,4.17485413312912,4.165242433547974,sigmos_discontinuity,3.973584294319153,3.7094821453094484,4.400545835494995,4.651661062240601,full_cascade,fleurs_uk
100,0.28253222222222224,3.526986212730408,3.7261189222335815,sigmos_loudness,2.9085702300071716,1.9487728595733642,4.28360641002655,4.651336288452148,full_cascade,fleurs_uk
100,0.28253222222222224,4.601451151371002,4.6296656131744385,sigmos_reverb,4.4751136302948,4.272579574584961,4.770197749137878,4.863561272621155,full_cascade,fleurs_uk
100,0.09330851851851851,2.9064583730697633,2.8740986585617065,sigmos_overall,2.708472192287445,2.38585387468338,3.080646812915802,3.361693680286407,full_cascade,opentts_lada
100,0.09330851851851851,3.6923319482803345,3.7013797760009766,sigmos_speech,3.465303599834442,3.0812875390052796,3.942196846008301,4.190046191215515,full_cascade,opentts_lada
100,0.09330851851851851,4.131804509162903,4.136316776275635,sigmos_noise,3.9233779311180115,3.4137309551239015,4.3901344537734985,4.692662382125855,full_cascade,opentts_lada
100,0.09330851851851851,3.308801321983337,3.3188451528549194,sigmos_coloration,3.0521923899650574,2.7784242987632752,3.5290971994400024,3.7903690934181213,full_cascade,opentts_lada
100,0.09330851851851851,4.333688313961029,4.359309911727905,sigmos_discontinuity,4.066503405570984,3.8212624311447145,4.58824622631073,4.786596703529358,full_cascade,opentts_lada
100,0.09330851851851851,3.2794171500205995,3.3208829164505005,sigmos_loudness,2.961064398288727,2.6701112031936645,3.5469616651535034,3.934616577625275,full_cascade,opentts_lada
100,0.09330851851851851,4.273262104988098,4.271765232086182,sigmos_reverb,4.0579211711883545,3.8476563572883604,4.489038467407227,4.78142967224121,full_cascade,opentts_lada
100,0.10444444444444445,3.5216926527023316,3.542540669441223,sigmos_overall,3.386354088783264,2.9888025403022764,3.7147584557533264,3.938174521923065,full_cascade,opentts_mykyta
100,0.10444444444444445,3.984647722244263,3.9708157777786255,sigmos_speech,3.802490532398224,3.538614273071289,4.240019202232361,4.413458442687988,full_cascade,opentts_mykyta
100,0.10444444444444445,4.294988882541657,4.282251358032227,sigmos_noise,4.127797603607178,3.9270761966705323,4.432974219322205,4.738131427764893,full_cascade,opentts_mykyta
100,0.10444444444444445,3.564636991024017,3.6463537216186523,sigmos_coloration,3.3512333035469055,2.8822324752807615,3.784213423728943,4.074870991706848,full_cascade,opentts_mykyta
100,0.10444444444444445,4.1931084179878235,4.189408779144287,sigmos_discontinuity,3.967297375202179,3.766740787029266,4.399401664733887,4.678384494781494,full_cascade,opentts_mykyta
100,0.10444444444444445,3.9786426758766176,4.008164644241333,sigmos_loudness,3.776074528694153,3.3148573279380797,4.242350816726685,4.483595609664917,full_cascade,opentts_mykyta
100,0.10444444444444445,4.456985785961151,4.496451377868652,sigmos_reverb,4.265958666801453,3.9717430591583254,4.672276735305786,4.802406001091003,full_cascade,opentts_mykyta
100,0.10568074074074074,3.4139645743370055,3.424863338470459,sigmos_overall,3.2554280161857605,3.029287052154541,3.6285048127174377,3.8421303272247314,full_cascade,opentts_tetiana
100,0.10568074074074074,3.9627989315986634,3.978075623512268,sigmos_speech,3.7550238966941833,3.4098915100097655,4.169370412826538,4.4355247020721436,full_cascade,opentts_tetiana
100,0.10568074074074074,4.373101465702057,4.356484889984131,sigmos_noise,4.222215533256531,4.009965693950653,4.545252799987793,4.747080111503601,full_cascade,opentts_tetiana
100,0.10568074074074074,3.4803005027770997,3.5036181211471558,sigmos_coloration,3.305243134498596,2.9776697397232055,3.682565450668335,3.9355587124824525,full_cascade,opentts_tetiana
100,0.10568074074074074,4.239368827342987,4.247976303100586,sigmos_discontinuity,4.04682981967926,3.706890654563904,4.429081201553345,4.719582891464233,full_cascade,opentts_tetiana
100,0.10568074074074074,3.9629166293144227,3.932170033454895,sigmos_loudness,3.7260510325431824,3.429982531070709,4.229224681854248,4.427241611480713,full_cascade,opentts_tetiana
100,0.10568074074074074,4.480557427406311,4.5135273933410645,sigmos_reverb,4.348829627037048,3.981597864627838,4.662726044654846,4.838389730453491,full_cascade,opentts_tetiana
100,0.11240236111111111,3.228568732738495,3.190390467643738,sigmos_overall,3.001070499420166,2.7804572939872743,3.4956066608428955,3.72336722612381,full_cascade,tg_voices_uk
100,0.11240236111111111,3.738832769393921,3.744866728782654,sigmos_speech,3.5048018097877502,3.193833518028259,3.989652097225189,4.259591913223266,full_cascade,tg_voices_uk
100,0.11240236111111111,4.305266599655152,4.31275486946106,sigmos_noise,4.14307165145874,3.9453398108482363,4.498817205429077,4.7069685697555546,full_cascade,tg_voices_uk
100,0.11240236111111111,3.4716082620620727,3.5022820234298706,sigmos_coloration,3.2409127354621887,2.849513304233551,3.675326645374298,4.132856941223144,full_cascade,tg_voices_uk
100,0.11240236111111111,4.103464393615723,4.119569778442383,sigmos_discontinuity,3.8567362427711487,3.6027374267578125,4.294060111045837,4.650641536712646,full_cascade,tg_voices_uk
100,0.11240236111111111,3.9219923067092894,3.9718226194381714,sigmos_loudness,3.6374552249908447,3.318906915187836,4.190040111541748,4.474737596511841,full_cascade,tg_voices_uk
100,0.11240236111111111,4.42742886543274,4.482212066650391,sigmos_reverb,4.227321147918701,3.9578974723815916,4.646469831466675,4.830704307556152,full_cascade,tg_voices_uk
100,0.07470699074074075,2.9748037958145144,3.0037845373153687,sigmos_overall,2.766911268234253,2.1629607677459717,3.1835753321647644,3.6472900986671446,full_cascade,ua_ser
100,0.07470699074074075,3.573849859237671,3.622877597808838,sigmos_speech,3.3643914461135864,2.772794044017792,3.872524321079254,4.175971150398254,full_cascade,ua_ser
100,0.07470699074074075,4.196091427803039,4.242894172668457,sigmos_noise,3.990242600440979,3.586751735210419,4.457800984382629,4.660632610321045,full_cascade,ua_ser
100,0.07470699074074075,3.3823219394683837,3.3897687196731567,sigmos_coloration,3.145550310611725,2.738480544090271,3.646832764148712,4.061592864990234,full_cascade,ua_ser
100,0.07470699074074075,3.961434359550476,3.970327615737915,sigmos_discontinuity,3.6857258081436157,3.122168219089508,4.286914825439453,4.605055737495422,full_cascade,ua_ser
100,0.07470699074074075,3.8210976767539977,3.8576351404190063,sigmos_loudness,3.5621711015701294,2.909112477302551,4.209134936332703,4.449296474456787,full_cascade,ua_ser
100,0.07470699074074075,4.208768982887268,4.245829343795776,sigmos_reverb,3.970206320285797,3.6654163599014282,4.473700046539307,4.715546703338623,full_cascade,ua_ser
100,0.1805086111111111,3.159208428859711,3.1307547092437744,sigmos_overall,2.903561770915985,2.540528690814972,3.452100992202759,3.7461171746253967,full_cascade,ukr_dialects
100,0.1805086111111111,3.6954853177070617,3.6988481283187866,sigmos_speech,3.5232994556427,3.086484670639038,3.9929863810539246,4.2336287021636965,full_cascade,ukr_dialects
100,0.1805086111111111,4.337015626430511,4.4043426513671875,sigmos_noise,4.136805057525635,3.8753074645996093,4.5568366050720215,4.758230447769165,full_cascade,ukr_dialects
100,0.1805086111111111,3.5762394976615908,3.641785740852356,sigmos_coloration,3.2862186431884766,2.8182859659194945,3.9159886837005615,4.166509675979614,full_cascade,ukr_dialects
100,0.1805086111111111,4.127375452518463,4.162094593048096,sigmos_discontinuity,3.8645129203796387,3.4880804300308226,4.422933459281921,4.629941701889038,full_cascade,ukr_dialects
100,0.1805086111111111,3.6229921078681944,3.6398273706436157,sigmos_loudness,3.3049246072769165,2.8431413769721985,3.9950435161590576,4.323988604545593,full_cascade,ukr_dialects
100,0.1805086111111111,4.503902177810669,4.596902847290039,sigmos_reverb,4.341750383377075,3.8644008874893188,4.7164506912231445,4.86045503616333,full_cascade,ukr_dialects
800,1.0586701851851852,2.9228427794575693,2.921891689300537,sigmos_overall,2.590744376182556,2.0829283118247988,3.2531847953796387,3.782582116127014,normalized_original,all
800,1.0586701851851852,3.4783833986520767,3.48878276348114,sigmos_speech,3.1185752749443054,2.5865901112556458,3.84509015083313,4.305505681037903,normalized_original,all
800,1.0586701851851852,3.7216215708851816,3.848869204521179,sigmos_noise,3.311524748802185,2.240491032600403,4.272681355476379,4.6061664581298825,normalized_original,all
800,1.0586701851851852,3.4547988790273667,3.4636642932891846,sigmos_coloration,3.1534833312034607,2.63443261384964,3.7678553462028503,4.208709192276001,normalized_original,all
800,1.0586701851851852,4.085247147381306,4.124035835266113,sigmos_discontinuity,3.786719560623169,3.3508416652679442,4.412883639335632,4.73913300037384,normalized_original,all
800,1.0586701851851852,3.579534616172314,3.5963618755340576,sigmos_loudness,3.1781615614891052,2.620137298107147,3.9851441383361816,4.4275233268737795,normalized_original,all
800,1.0586701851851852,3.9590128192305567,4.023701906204224,sigmos_reverb,3.6360546946525574,3.0151371121406556,4.353559255599976,4.684987425804138,normalized_original,all
100,0.1050862962962963,2.855091247558594,2.9121495485305786,sigmos_overall,2.5797061920166016,2.003813588619232,3.080481171607971,3.5908303618431088,normalized_original,common_voice_available_uk
100,0.1050862962962963,3.2892950868606565,3.258244752883911,sigmos_speech,3.0642632842063904,2.501481628417969,3.5354395508766174,4.12941083908081,normalized_original,common_voice_available_uk
100,0.1050862962962963,3.765433852672577,3.8460683822631836,sigmos_noise,3.5320688486099243,2.5797129392623903,4.220207691192627,4.545757579803467,normalized_original,common_voice_available_uk
100,0.1050862962962963,3.2595826292037966,3.283930778503418,sigmos_coloration,2.8917648792266846,2.220230448246002,3.6748166680336,4.132975625991821,normalized_original,common_voice_available_uk
100,0.1050862962962963,4.040394098758697,4.041830062866211,sigmos_discontinuity,3.7616907358169556,3.353117513656616,4.3695350885391235,4.730087161064148,normalized_original,common_voice_available_uk
100,0.1050862962962963,3.7195185685157774,3.7136647701263428,sigmos_loudness,3.366984248161316,2.98658367395401,4.043294548988342,4.441626000404358,normalized_original,common_voice_available_uk
100,0.1050862962962963,3.8743698406219482,3.902616024017334,sigmos_reverb,3.489470958709717,3.0096965074539184,4.284289479255676,4.67456579208374,normalized_original,common_voice_available_uk
100,0.28253222222222224,2.8652072143554688,2.903213381767273,sigmos_overall,2.6732075214385986,2.280546510219574,3.1143822073936462,3.319852304458618,normalized_original,fleurs_uk
100,0.28253222222222224,3.289377930164337,3.3048430681228638,sigmos_speech,3.0947678089141846,2.627924692630768,3.5500102043151855,3.8344159245491025,normalized_original,fleurs_uk
100,0.28253222222222224,3.6364830780029296,3.705971360206604,sigmos_noise,3.426059126853943,2.7617146968841553,3.965232789516449,4.306689310073852,normalized_original,fleurs_uk
100,0.28253222222222224,3.5618977880477907,3.5746161937713623,sigmos_coloration,3.285229742527008,3.0374206423759462,3.773086905479431,4.19457597732544,normalized_original,fleurs_uk
100,0.28253222222222224,3.687795422077179,3.69684100151062,sigmos_discontinuity,3.518401324748993,3.1639739751815794,3.8770041465759277,4.151567840576172,normalized_original,fleurs_uk
100,0.28253222222222224,3.6169728207588197,3.549268364906311,sigmos_loudness,3.3183228969573975,2.940532624721527,3.9263752698898315,4.343452215194702,normalized_original,fleurs_uk
100,0.28253222222222224,4.0291203284263615,4.113430976867676,sigmos_reverb,3.7190688252449036,3.3402492880821226,4.389304280281067,4.709314346313477,normalized_original,fleurs_uk
100,0.09330851851851851,2.7770901894569398,2.8227216005325317,sigmos_overall,2.5406273007392883,2.314581739902496,2.9804412722587585,3.256846570968628,normalized_original,opentts_lada
100,0.09330851851851851,3.6603232717514036,3.6917988061904907,sigmos_speech,3.4687024354934692,3.136479341983795,3.838305175304413,4.185134744644165,normalized_original,opentts_lada
100,0.09330851851851851,3.8243492364883425,3.882176995277405,sigmos_noise,3.4320757389068604,2.9299523711204527,4.249291896820068,4.529277348518372,normalized_original,opentts_lada
100,0.09330851851851851,3.400005724430084,3.4004108905792236,sigmos_coloration,3.1790225505828857,2.6821827411651613,3.6712863445281982,4.0078037023544315,normalized_original,opentts_lada
100,0.09330851851851851,4.1950368356704715,4.2121124267578125,sigmos_discontinuity,3.986940026283264,3.728363263607025,4.423653602600098,4.660817980766296,normalized_original,opentts_lada
100,0.09330851851851851,3.0617582774162293,3.086993455886841,sigmos_loudness,2.8007712960243225,2.375815451145172,3.3875299096107483,3.710072743892669,normalized_original,opentts_lada
100,0.09330851851851851,4.106800134181976,4.154590606689453,sigmos_reverb,3.9527633786201477,3.553674781322479,4.294154763221741,4.550851058959961,normalized_original,opentts_lada
100,0.10444444444444445,3.5090997576713563,3.5360841751098633,sigmos_overall,3.2437861561775208,2.90773948431015,3.8205644488334656,3.98224014043808,normalized_original,opentts_mykyta
100,0.10444444444444445,4.003527157306671,4.102919578552246,sigmos_speech,3.8365365266799927,3.40366872549057,4.24419093132019,4.485804033279419,normalized_original,opentts_mykyta
100,0.10444444444444445,4.314940342903137,4.3415915966033936,sigmos_noise,4.114493131637573,3.8048876762390136,4.539239764213562,4.731532955169678,normalized_original,opentts_mykyta
100,0.10444444444444445,3.7667471957206726,3.795994758605957,sigmos_coloration,3.468518912792206,3.0808756351470947,4.0588905811309814,4.343797039985657,normalized_original,opentts_mykyta
100,0.10444444444444445,4.349813318252563,4.343713283538818,sigmos_discontinuity,4.14909291267395,3.930777072906494,4.553229570388794,4.767456746101379,normalized_original,opentts_mykyta
100,0.10444444444444445,3.9927466702461243,4.0483269691467285,sigmos_loudness,3.699692487716675,3.2742014646530153,4.263002157211304,4.596384859085083,normalized_original,opentts_mykyta
100,0.10444444444444445,4.128451626300812,4.117603540420532,sigmos_reverb,3.8909650444984436,3.585575449466705,4.377168774604797,4.73222975730896,normalized_original,opentts_mykyta
100,0.10568074074074074,3.343295178413391,3.3551082611083984,sigmos_overall,3.1656934022903442,2.7882124185562134,3.539338767528534,3.800326597690582,normalized_original,opentts_tetiana
100,0.10568074074074074,3.9449675488471985,3.972938299179077,sigmos_speech,3.710878014564514,3.4646483659744263,4.192686200141907,4.440552377700806,normalized_original,opentts_tetiana
100,0.10568074074074074,4.323756766319275,4.353959083557129,sigmos_noise,4.130380392074585,3.8380812406539917,4.512351155281067,4.720217657089234,normalized_original,opentts_tetiana
100,0.10568074074074074,3.5848575472831725,3.566789388656616,sigmos_coloration,3.3770318627357483,3.0450775742530825,3.8477401733398438,4.171962738037109,normalized_original,opentts_tetiana
100,0.10568074074074074,4.226157932281494,4.247532606124878,sigmos_discontinuity,3.9738810658454895,3.7236880540847777,4.474242329597473,4.724240398406982,normalized_original,opentts_tetiana
100,0.10568074074074074,3.898202815055847,3.9229519367218018,sigmos_loudness,3.698737621307373,3.2825143337249756,4.135849952697754,4.519329237937927,normalized_original,opentts_tetiana
100,0.10568074074074074,4.317010169029236,4.356199741363525,sigmos_reverb,4.1027672290802,3.7636900782585143,4.5934906005859375,4.817703819274902,normalized_original,opentts_tetiana
100,0.11240236111111111,2.9057134127616884,2.898303270339966,sigmos_overall,2.6318452954292297,2.2554494619369505,3.1559041142463684,3.6003185987472532,normalized_original,tg_voices_uk
100,0.11240236111111111,3.4435555386543273,3.423885464668274,sigmos_speech,3.1315085887908936,2.6982345938682557,3.742352783679962,4.3107991218566895,normalized_original,tg_voices_uk
100,0.11240236111111111,3.5891338086128233,3.6384392976760864,sigmos_noise,3.2492173314094543,2.555678915977478,3.947377920150757,4.4836348533630375,normalized_original,tg_voices_uk
100,0.11240236111111111,3.4643315625190736,3.4443912506103516,sigmos_coloration,3.078058183193207,2.730785369873047,3.7760963439941406,4.285762643814087,normalized_original,tg_voices_uk
100,0.11240236111111111,4.213639712333679,4.231502532958984,sigmos_discontinuity,3.919404625892639,3.560107433795929,4.491434812545776,4.826272487640381,normalized_original,tg_voices_uk
100,0.11240236111111111,3.802576711177826,3.8865751028060913,sigmos_loudness,3.512956440448761,2.999621272087097,4.08268928527832,4.415615439414978,normalized_original,tg_voices_uk
100,0.11240236111111111,3.858110408782959,3.8530972003936768,sigmos_reverb,3.46534526348114,3.151916003227234,4.224786877632141,4.5885234594345095,normalized_original,tg_voices_uk
100,0.07470699074074075,2.4128892731666567,2.4507994651794434,sigmos_overall,2.110184371471405,1.5959349274635315,2.7743531465530396,3.073824918270111,normalized_original,ua_ser
100,0.07470699074074075,2.956588099002838,2.999507427215576,sigmos_speech,2.6794031262397766,2.1166967153549194,3.2941997051239014,3.6893798112869263,normalized_original,ua_ser
100,0.07470699074074075,2.982177119255066,3.1189515590667725,sigmos_noise,2.2664325833320618,1.724570393562317,3.5299978852272034,4.259127783775329,normalized_original,ua_ser
100,0.07470699074074075,3.2022045159339907,3.212373733520508,sigmos_coloration,2.955921947956085,2.5560210585594176,3.4522889852523804,3.7486918330192562,normalized_original,ua_ser
100,0.07470699074074075,3.8708383297920226,3.8857321739196777,sigmos_discontinuity,3.5745891332626343,2.926164782047272,4.254557967185974,4.69279203414917,normalized_original,ua_ser
100,0.07470699074074075,3.3412252283096313,3.33574378490448,sigmos_loudness,3.060357987880707,2.4956305861473083,3.620546281337738,4.0760360002517695,normalized_original,ua_ser
100,0.07470699074074075,3.6132018899917604,3.670796036720276,sigmos_reverb,3.2963486909866333,2.5895179986953734,3.9624087810516357,4.527257752418518,normalized_original,ua_ser
100,0.1805086111111111,2.714355962276459,2.7231459617614746,sigmos_overall,2.428869068622589,2.053372025489807,3.0170071721076965,3.446898305416107,normalized_original,ukr_dialects
100,0.1805086111111111,3.239432556629181,3.238341450691223,sigmos_speech,2.9002007842063904,2.5901108622550963,3.5598695874214172,3.9708911657333372,normalized_original,ukr_dialects
100,0.1805086111111111,3.336698362827301,3.342219829559326,sigmos_noise,2.6326966881752014,1.9633413910865785,4.105359196662903,4.471260952949524,normalized_original,ukr_dialects
100,0.1805086111111111,3.398764069080353,3.4667062759399414,sigmos_coloration,2.9920531511306763,2.396265280246735,3.746228039264679,4.276068449020386,normalized_original,ukr_dialects
100,0.1805086111111111,4.098301529884338,4.190436124801636,sigmos_discontinuity,3.7856197357177734,3.3376301765441894,4.425537109375,4.7729347229003904,normalized_original,ukr_dialects
100,0.1805086111111111,3.2032758378982544,3.125884771347046,sigmos_loudness,2.8519380688667297,2.366913115978241,3.6433680057525635,3.923405873775482,normalized_original,ukr_dialects
100,0.1805086111111111,3.7450381565093993,3.7187951803207397,sigmos_reverb,3.2555167078971863,2.7466001510620117,4.288728356361389,4.659162330627441,normalized_original,ukr_dialects
800,1.0586701851851852,3.269020313620567,3.276412606239319,sigmos_overall,2.9943519830703735,2.6490091681480408,3.562897205352783,3.879841375350952,normalized_per_item_best,all
800,1.0586701851851852,3.81320310741663,3.8210859298706055,sigmos_speech,3.5588250756263733,3.1987825989723206,4.099835991859436,4.380034136772156,normalized_per_item_best,all
800,1.0586701851851852,4.259836271703243,4.312509775161743,sigmos_noise,4.0844104290008545,3.589918541908264,4.511258244514465,4.721601390838623,normalized_per_item_best,all
800,1.0586701851851852,3.557790691256523,3.572506546974182,sigmos_coloration,3.29193252325058,2.88719756603241,3.8115352392196655,4.20982596874237,normalized_per_item_best,all
800,1.0586701851851852,4.172935789525509,4.1928441524505615,sigmos_discontinuity,3.930764377117157,3.5609856605529786,4.4416351318359375,4.73913300037384,normalized_per_item_best,all
800,1.0586701851851852,3.759295709133148,3.8221298456192017,sigmos_loudness,3.4451653361320496,2.794425678253174,4.149423837661743,4.546916890144348,normalized_per_item_best,all
800,1.0586701851851852,4.3694228559732435,4.431660175323486,sigmos_reverb,4.140645265579224,3.7371758580207826,4.644035816192627,4.822243189811706,normalized_per_item_best,all
100,0.1050862962962963,3.164446244239807,3.145721673965454,sigmos_overall,2.9355051517486572,2.704015243053436,3.3416988253593445,3.7133139848709105,normalized_per_item_best,common_voice_available_uk
100,0.1050862962962963,3.635278742313385,3.5964224338531494,sigmos_speech,3.3246175050735474,3.118718385696411,3.9007264971733093,4.236140155792236,normalized_per_item_best,common_voice_available_uk
100,0.1050862962962963,4.262352705001831,4.29437518119812,sigmos_noise,4.072951912879944,3.614742195606232,4.49610698223114,4.721161580085754,normalized_per_item_best,common_voice_available_uk
100,0.1050862962962963,3.42990681886673,3.420383930206299,sigmos_coloration,3.175070881843567,2.715743136405945,3.696778893470764,4.084701871871948,normalized_per_item_best,common_voice_available_uk
100,0.1050862962962963,4.068699550628662,4.061326265335083,sigmos_discontinuity,3.8026163578033447,3.4406166553497313,4.332996487617493,4.715259170532226,normalized_per_item_best,common_voice_available_uk
100,0.1050862962962963,3.8221982645988466,3.7911019325256348,sigmos_loudness,3.5531815886497498,3.1260730147361757,4.060534119606018,4.577438569068908,normalized_per_item_best,common_voice_available_uk
100,0.1050862962962963,4.311149094104767,4.371707916259766,sigmos_reverb,4.028928518295288,3.5803187489509583,4.655715703964233,4.835558366775513,normalized_per_item_best,common_voice_available_uk
100,0.28253222222222224,3.3095197582244875,3.339441657066345,sigmos_overall,3.157076358795166,2.6215075969696047,3.5307313799858093,3.7806559681892393,normalized_per_item_best,fleurs_uk
100,0.28253222222222224,3.8412254309654235,3.8837445974349976,sigmos_speech,3.6770052909851074,3.27944997549057,4.035802006721497,4.308963489532471,normalized_per_item_best,fleurs_uk
100,0.28253222222222224,4.352740478515625,4.404101848602295,sigmos_noise,4.211517333984375,3.727524220943451,4.5686352252960205,4.747469830513,normalized_per_item_best,fleurs_uk
100,0.28253222222222224,3.59437016248703,3.608508825302124,sigmos_coloration,3.4033684134483337,3.0627365469932557,3.7881389260292053,4.141961789131164,normalized_per_item_best,fleurs_uk
100,0.28253222222222224,4.126893525123596,4.12949800491333,sigmos_discontinuity,3.9041683673858643,3.6944449186325072,4.373728394508362,4.583828854560852,normalized_per_item_best,fleurs_uk
100,0.28253222222222224,3.656363708972931,3.746451735496521,sigmos_loudness,3.2655727863311768,2.1952775597572325,4.296285271644592,4.651336288452148,normalized_per_item_best,fleurs_uk
100,0.28253222222222224,4.5655424952507015,4.61303186416626,sigmos_reverb,4.426866888999939,4.109611749649048,4.752090096473694,4.8459848165512085,normalized_per_item_best,fleurs_uk
100,0.09330851851851851,2.976279172897339,2.9736125469207764,sigmos_overall,2.7910539507865906,2.4833773612976073,3.1422929167747498,3.361693680286407,normalized_per_item_best,opentts_lada
100,0.09330851851851851,3.738507719039917,3.71580970287323,sigmos_speech,3.5590827465057373,3.2500331521034242,3.9508768916130066,4.298849439620971,normalized_per_item_best,opentts_lada
100,0.09330851851851851,4.041105065345764,4.09051775932312,sigmos_noise,3.8333383798599243,3.1881512641906737,4.355651378631592,4.5858859539031975,normalized_per_item_best,opentts_lada
100,0.09330851851851851,3.37548641204834,3.3767811059951782,sigmos_coloration,3.176350951194763,2.8403950929641724,3.5922482013702393,4.0078037023544315,normalized_per_item_best,opentts_lada
100,0.09330851851851851,4.2915472984313965,4.322049140930176,sigmos_discontinuity,4.063844084739685,3.8140382766723633,4.518405914306641,4.786266660690307,normalized_per_item_best,opentts_lada
100,0.09330851851851851,3.235935435295105,3.2899974584579468,sigmos_loudness,2.9270753860473633,2.589421737194061,3.4907599091529846,3.9356691241264343,normalized_per_item_best,opentts_lada
100,0.09330851851851851,4.233843529224396,4.22087025642395,sigmos_reverb,4.041466951370239,3.7866461515426635,4.455474376678467,4.701806735992432,normalized_per_item_best,opentts_lada
100,0.10444444444444445,3.6634661412239073,3.6927355527877808,sigmos_overall,3.494188606739044,3.205609607696533,3.8789535760879517,4.069846892356873,normalized_per_item_best,opentts_mykyta
100,0.10444444444444445,4.1020515298843385,4.152113676071167,sigmos_speech,3.9502723813056946,3.5588966846466064,4.309048652648926,4.507047367095947,normalized_per_item_best,opentts_mykyta
100,0.10444444444444445,4.363458480834961,4.360555171966553,sigmos_noise,4.203266024589539,3.979444718360901,4.555951237678528,4.742772817611694,normalized_per_item_best,opentts_mykyta
100,0.10444444444444445,3.7517375564575195,3.745080828666687,sigmos_coloration,3.488420069217682,3.1882155179977416,3.9840112924575806,4.3281693935394285,normalized_per_item_best,opentts_mykyta
100,0.10444444444444445,4.300128655433655,4.321489095687866,sigmos_discontinuity,4.071303606033325,3.873829257488251,4.498716831207275,4.767456746101379,normalized_per_item_best,opentts_mykyta
100,0.10444444444444445,4.036454999446869,4.057476997375488,sigmos_loudness,3.804535686969757,3.3277706146240233,4.291580438613892,4.559180378913879,normalized_per_item_best,opentts_mykyta
100,0.10444444444444445,4.37304657459259,4.418838977813721,sigmos_reverb,4.130529284477234,3.8326707005500795,4.63359534740448,4.792393159866333,normalized_per_item_best,opentts_mykyta
100,0.10568074074074074,3.5113716912269592,3.513385772705078,sigmos_overall,3.324687957763672,3.0861810445785522,3.6912896037101746,3.8724260091781617,normalized_per_item_best,opentts_tetiana
100,0.10568074074074074,4.0569911026954655,4.099877119064331,sigmos_speech,3.863264739513397,3.4850447535514832,4.264241099357605,4.449171566963196,normalized_per_item_best,opentts_tetiana
100,0.10568074074074074,4.37045583486557,4.39628267288208,sigmos_noise,4.21867823600769,3.907598388195038,4.5457398891448975,4.730440950393676,normalized_per_item_best,opentts_tetiana
100,0.10568074074074074,3.6370435118675233,3.6598254442214966,sigmos_coloration,3.46219539642334,3.197251856327057,3.822099268436432,4.126188850402832,normalized_per_item_best,opentts_tetiana
100,0.10568074074074074,4.304662048816681,4.318631172180176,sigmos_discontinuity,4.105774998664856,3.777387034893036,4.520971775054932,4.774007892608642,normalized_per_item_best,opentts_tetiana
100,0.10568074074074074,3.9682533979415893,3.98693311214447,sigmos_loudness,3.7925888299942017,3.3278223872184753,4.178114175796509,4.447766137123108,normalized_per_item_best,opentts_tetiana
100,0.10568074074074074,4.480861096382141,4.5263166427612305,sigmos_reverb,4.323662996292114,3.8828870177268984,4.690868616104126,4.830749654769898,normalized_per_item_best,opentts_tetiana
100,0.11240236111111111,3.3067972683906555,3.301766037940979,sigmos_overall,3.045300841331482,2.8051045894622804,3.5497369170188904,3.776162481307983,normalized_per_item_best,tg_voices_uk
100,0.11240236111111111,3.816485381126404,3.8000707626342773,sigmos_speech,3.581882655620575,3.292517352104187,4.049333095550537,4.351127028465271,normalized_per_item_best,tg_voices_uk
100,0.11240236111111111,4.241324734687805,4.290354013442993,sigmos_noise,4.0445497035980225,3.640115261077881,4.462437152862549,4.691423511505127,normalized_per_item_best,tg_voices_uk
100,0.11240236111111111,3.62196754693985,3.6305397748947144,sigmos_coloration,3.336757004261017,2.9662473320961,3.8377928137779236,4.410570812225342,normalized_per_item_best,tg_voices_uk
100,0.11240236111111111,4.159737930297852,4.152396202087402,sigmos_discontinuity,3.871324300765991,3.6033209919929505,4.423550963401794,4.687797427177429,normalized_per_item_best,tg_voices_uk
100,0.11240236111111111,3.9388431191444395,4.021541118621826,sigmos_loudness,3.60340815782547,3.2765359759330748,4.23211395740509,4.550679063796997,normalized_per_item_best,tg_voices_uk
100,0.11240236111111111,4.312126700878143,4.387478590011597,sigmos_reverb,4.097203731536865,3.611781191825867,4.6401835680007935,4.801600694656372,normalized_per_item_best,tg_voices_uk
100,0.07470699074074075,3.00667786359787,3.022637963294983,sigmos_overall,2.7736769914627075,2.296335017681122,3.196288526058197,3.6472900986671446,normalized_per_item_best,ua_ser
100,0.07470699074074075,3.57402761220932,3.6076773405075073,sigmos_speech,3.3692739605903625,2.733744037151337,3.8716569542884827,4.175971150398254,normalized_per_item_best,ua_ser
100,0.07470699074074075,4.144816136360168,4.232382297515869,sigmos_noise,3.8984987139701843,3.4712971806526185,4.452940344810486,4.623746919631958,normalized_per_item_best,ua_ser
100,0.07470699074074075,3.4326715731620787,3.441562294960022,sigmos_coloration,3.168635129928589,2.8408499360084534,3.6906473636627197,4.061592864990234,normalized_per_item_best,ua_ser
100,0.07470699074074075,3.9557867503166197,3.9782265424728394,sigmos_discontinuity,3.6857258081436157,3.0782543659210204,4.30549693107605,4.6220852613449095,normalized_per_item_best,ua_ser
100,0.07470699074074075,3.8237090253829957,3.841292142868042,sigmos_loudness,3.5621711015701294,2.975548267364502,4.191209197044373,4.418896627426148,normalized_per_item_best,ua_ser
100,0.07470699074074075,4.218355305194855,4.243571758270264,sigmos_reverb,3.970206320285797,3.651855266094208,4.513405203819275,4.721774673461914,normalized_per_item_best,ua_ser
100,0.1805086111111111,3.213604369163513,3.1688798666000366,sigmos_overall,2.9362452626228333,2.649724280834198,3.4906609654426575,3.75455402135849,normalized_per_item_best,ukr_dialects
100,0.1805086111111111,3.7410573410987853,3.7356417179107666,sigmos_speech,3.529712975025177,3.1984255790710447,4.025416374206543,4.2336287021636965,normalized_per_item_best,ukr_dialects
100,0.1805086111111111,4.302436738014221,4.389448165893555,sigmos_noise,4.123393297195435,3.681254875659943,4.542675137519836,4.758230447769165,normalized_per_item_best,ukr_dialects
100,0.1805086111111111,3.619141948223114,3.641785740852356,sigmos_coloration,3.2862186431884766,2.832191789150238,3.9516212344169617,4.31151921749115,normalized_per_item_best,ukr_dialects
100,0.1805086111111111,4.17603055715561,4.251040697097778,sigmos_discontinuity,3.9543915390968323,3.4724108934402467,4.448293566703796,4.686133599281311,normalized_per_item_best,ukr_dialects
100,0.1805086111111111,3.5926077222824095,3.6398273706436157,sigmos_loudness,3.200565993785858,2.6748092770576477,3.9950435161590576,4.367317533493042,normalized_per_item_best,ukr_dialects
100,0.1805086111111111,4.460458052158356,4.565913438796997,sigmos_reverb,4.307746887207031,3.7510926604270933,4.711552858352661,4.865763902664185,normalized_per_item_best,ukr_dialects
239,0.35321274305555556,3.7279202469223214,3.700507879257202,sigmos_overall,3.599938750267029,3.511877155303955,3.8274965286254883,4.025095224380493,normalized_per_item_best_ge3_5,all
239,0.35321274305555556,4.1931677084088825,4.192354679107666,sigmos_speech,4.064469814300537,3.8753565073013307,4.323486566543579,4.507122898101807,normalized_per_item_best_ge3_5,all
239,0.35321274305555556,4.409861718261591,4.435038089752197,sigmos_noise,4.245777368545532,4.016771554946899,4.584698677062988,4.767435312271118,normalized_per_item_best_ge3_5,all
239,0.35321274305555556,3.8226472174273374,3.8194258213043213,sigmos_coloration,3.639019012451172,3.2467020034790037,4.010340213775635,4.328803491592407,normalized_per_item_best_ge3_5,all
239,0.35321274305555556,4.344369864364049,4.367304801940918,sigmos_discontinuity,4.151978254318237,3.872737407684326,4.531638145446777,4.79091100692749,normalized_per_item_best_ge3_5,all
239,0.35321274305555556,4.06473942581081,4.116324424743652,sigmos_loudness,3.8584567308425903,3.37975127696991,4.3232808113098145,4.620972347259522,normalized_per_item_best_ge3_5,all
239,0.35321274305555556,4.507551576303139,4.56458854675293,sigmos_reverb,4.321671485900879,3.995914626121521,4.735599040985107,4.878369569778442,normalized_per_item_best_ge3_5,all
16,0.01687851851851852,3.6905688792467117,3.647059202194214,sigmos_overall,3.6164421439170837,3.5643182396888733,3.7259592413902283,3.975534975528717,normalized_per_item_best_ge3_5,common_voice_available_uk
16,0.01687851851851852,4.1533079743385315,4.151344299316406,sigmos_speech,4.058555245399475,3.8357208967208862,4.245630741119385,4.501645445823669,normalized_per_item_best_ge3_5,common_voice_available_uk
16,0.01687851851851852,4.387858599424362,4.448676586151123,sigmos_noise,4.2248852252960205,4.049404621124268,4.518633127212524,4.772668361663818,normalized_per_item_best_ge3_5,common_voice_available_uk
16,0.01687851851851852,3.8508557975292206,3.911516785621643,sigmos_coloration,3.5941925048828125,3.2125150561332703,4.067088603973389,4.4690927267074585,normalized_per_item_best_ge3_5,common_voice_available_uk
16,0.01687851851851852,4.4166567623615265,4.432710647583008,sigmos_discontinuity,4.243905663490295,4.104427814483643,4.513360500335693,4.785654902458191,normalized_per_item_best_ge3_5,common_voice_available_uk
16,0.01687851851851852,4.123222708702087,4.0725696086883545,sigmos_loudness,3.895413041114807,3.356781542301178,4.551319122314453,4.81801438331604,normalized_per_item_best_ge3_5,common_voice_available_uk
16,0.01687851851851852,4.6623175740242,4.716904640197754,sigmos_reverb,4.528507590293884,4.3315110206604,4.8251835107803345,4.9145708084106445,normalized_per_item_best_ge3_5,common_voice_available_uk
27,0.08786925925925926,3.71016173892551,3.6806466579437256,sigmos_overall,3.5990384817123413,3.532608389854431,3.748477578163147,4.037761306762695,normalized_per_item_best_ge3_5,fleurs_uk
27,0.08786925925925926,4.160848043583058,4.206133842468262,sigmos_speech,4.00864839553833,3.9154852628707886,4.291339874267578,4.352944040298462,normalized_per_item_best_ge3_5,fleurs_uk
27,0.08786925925925926,4.503027527420609,4.517212867736816,sigmos_noise,4.431107044219971,4.197785758972168,4.58797550201416,4.8126795291900635,normalized_per_item_best_ge3_5,fleurs_uk
27,0.08786925925925926,3.863521761364407,3.842285633087158,sigmos_coloration,3.719583034515381,3.494371771812439,4.044496536254883,4.246129894256592,normalized_per_item_best_ge3_5,fleurs_uk
27,0.08786925925925926,4.276642684583311,4.371838092803955,sigmos_discontinuity,4.057250738143921,3.782543921470642,4.500539779663086,4.641662502288819,normalized_per_item_best_ge3_5,fleurs_uk
27,0.08786925925925926,4.106684799547549,4.243346214294434,sigmos_loudness,3.7570325136184692,3.1597602128982545,4.503506660461426,4.653129005432129,normalized_per_item_best_ge3_5,fleurs_uk
27,0.08786925925925926,4.611937355112146,4.645356178283691,sigmos_reverb,4.46332859992981,4.287933444976806,4.77480936050415,4.865713834762573,normalized_per_item_best_ge3_5,fleurs_uk
4,0.0040474074074074076,3.73926442861557,3.773728132247925,sigmos_overall,3.6477238535881042,3.560957467556,3.8652687072753906,3.8693222045898437,normalized_per_item_best_ge3_5,opentts_lada
4,0.0040474074074074076,4.330819010734558,4.381864786148071,sigmos_speech,4.234191417694092,3.9986319541931152,4.478492379188538,4.591541981697082,normalized_per_item_best_ge3_5,opentts_lada
4,0.0040474074074074076,4.07428777217865,4.084401488304138,sigmos_noise,3.813768982887268,3.760921025276184,4.34492027759552,4.373495316505432,normalized_per_item_best_ge3_5,opentts_lada
4,0.0040474074074074076,3.734169065952301,3.67255699634552,sigmos_coloration,3.637063205242157,3.5946844458580016,3.769662857055664,3.9599105834960935,normalized_per_item_best_ge3_5,opentts_lada
4,0.0040474074074074076,4.26105135679245,4.215204238891602,sigmos_discontinuity,3.9808279871940613,3.929363191127777,4.49542760848999,4.65692548751831,normalized_per_item_best_ge3_5,opentts_lada
4,0.0040474074074074076,3.7491832971572876,3.7307825088500977,sigmos_loudness,3.4633418917655945,3.453977048397064,4.016623914241791,4.0701506495475765,normalized_per_item_best_ge3_5,opentts_lada
4,0.0040474074074074076,4.28577733039856,4.26469087600708,sigmos_reverb,4.176742076873779,4.105027675628662,4.37372612953186,4.496048021316528,normalized_per_item_best_ge3_5,opentts_lada
74,0.07979296296296295,3.7923146454063623,3.7843594551086426,sigmos_overall,3.61696058511734,3.5445405006408692,3.9239874482154846,4.076618337631226,normalized_per_item_best_ge3_5,opentts_mykyta
74,0.07979296296296295,4.2283527657792375,4.243281602859497,sigmos_speech,4.110157012939453,3.9267948627471925,4.3625911474227905,4.513717889785767,normalized_per_item_best_ge3_5,opentts_mykyta
74,0.07979296296296295,4.389496764621219,4.368627548217773,sigmos_noise,4.229126214981079,4.045597553253174,4.567501783370972,4.763286423683167,normalized_per_item_best_ge3_5,opentts_mykyta
74,0.07979296296296295,3.8193194479555697,3.8951762914657593,sigmos_coloration,3.610469877719879,3.233776605129242,4.049362301826477,4.332744455337524,normalized_per_item_best_ge3_5,opentts_mykyta
74,0.07979296296296295,4.3519276831601115,4.365457773208618,sigmos_discontinuity,4.146505117416382,3.9331432223320006,4.552062153816223,4.778862071037293,normalized_per_item_best_ge3_5,opentts_mykyta
74,0.07979296296296295,4.053189728711103,4.085061550140381,sigmos_loudness,3.81271630525589,3.411501479148865,4.304755926132202,4.551677727699279,normalized_per_item_best_ge3_5,opentts_mykyta
74,0.07979296296296295,4.41556081256351,4.48621129989624,sigmos_reverb,4.177643060684204,3.888423573970795,4.665170431137085,4.801646995544433,normalized_per_item_best_ge3_5,opentts_mykyta
53,0.05965555555555555,3.7062525749206543,3.6904263496398926,sigmos_overall,3.5979702472686768,3.5136642932891844,3.7652933597564697,3.9204774379730223,normalized_per_item_best_ge3_5,opentts_tetiana
53,0.05965555555555555,4.235593516871615,4.243232250213623,sigmos_speech,4.10285758972168,3.9545227527618407,4.368373870849609,4.50051794052124,normalized_per_item_best_ge3_5,opentts_tetiana
53,0.05965555555555555,4.414242164143976,4.414304733276367,sigmos_noise,4.264479160308838,4.08616828918457,4.596890926361084,4.731274223327636,normalized_per_item_best_ge3_5,opentts_tetiana
53,0.05965555555555555,3.7459022234070978,3.70666766166687,sigmos_coloration,3.635035991668701,3.287183904647827,3.8731086254119873,4.205466842651367,normalized_per_item_best_ge3_5,opentts_tetiana
53,0.05965555555555555,4.369622792837755,4.382428169250488,sigmos_discontinuity,4.192261695861816,3.8947685241699217,4.559731483459473,4.789950847625732,normalized_per_item_best_ge3_5,opentts_tetiana
53,0.05965555555555555,4.060873917813571,4.062211036682129,sigmos_loudness,3.8839528560638428,3.5206119060516357,4.293989181518555,4.512256526947022,normalized_per_item_best_ge3_5,opentts_tetiana
53,0.05965555555555555,4.551467769550827,4.57336950302124,sigmos_reverb,4.432828903198242,4.151916408538819,4.73126220703125,4.854184532165528,normalized_per_item_best_ge3_5,opentts_tetiana
31,0.03535907407407407,3.6990455042931343,3.6353039741516113,sigmos_overall,3.5577489137649536,3.508304715156555,3.718876361846924,3.928075075149536,normalized_per_item_best_ge3_5,tg_voices_uk
31,0.03535907407407407,4.151034078290386,4.14448881149292,sigmos_speech,4.00342869758606,3.6993916034698486,4.28262996673584,4.645045757293701,normalized_per_item_best_ge3_5,tg_voices_uk
31,0.03535907407407407,4.3567532339403705,4.388960361480713,sigmos_noise,4.19438624382019,3.9766242504119873,4.482133388519287,4.6987199783325195,normalized_per_item_best_ge3_5,tg_voices_uk
31,0.03535907407407407,3.8554489843307005,3.879523515701294,sigmos_coloration,3.6261762380599976,3.2725709676742554,4.04987645149231,4.45456862449646,normalized_per_item_best_ge3_5,tg_voices_uk
31,0.03535907407407407,4.3246005273634385,4.313783645629883,sigmos_discontinuity,4.174607038497925,3.8605188131332397,4.526185989379883,4.789661407470703,normalized_per_item_best_ge3_5,tg_voices_uk
31,0.03535907407407407,4.127192566471715,4.152502059936523,sigmos_loudness,3.9523825645446777,3.51079523563385,4.281427383422852,4.73914647102356,normalized_per_item_best_ge3_5,tg_voices_uk
31,0.03535907407407407,4.417937547929825,4.462479591369629,sigmos_reverb,4.136438846588135,3.958456516265869,4.724913597106934,4.81601357460022,normalized_per_item_best_ge3_5,tg_voices_uk
10,0.007702650462962963,3.6586373090744018,3.648366093635559,sigmos_overall,3.55947744846344,3.5008976101875304,3.7267569303512573,3.8679633021354674,normalized_per_item_best_ge3_5,ua_ser
10,0.007702650462962963,4.117288661003113,4.117623805999756,sigmos_speech,4.078520774841309,3.956105983257294,4.178113579750061,4.268137073516845,normalized_per_item_best_ge3_5,ua_ser
10,0.007702650462962963,4.474728584289551,4.526904344558716,sigmos_noise,4.401191711425781,4.0920369863510135,4.58230185508728,4.771784830093384,normalized_per_item_best_ge3_5,ua_ser
10,0.007702650462962963,3.8071252584457396,3.7951427698135376,sigmos_coloration,3.6064361929893494,3.295319068431854,4.125476837158203,4.211482834815979,normalized_per_item_best_ge3_5,ua_ser
10,0.007702650462962963,4.291431283950805,4.24968147277832,sigmos_discontinuity,4.0109822154045105,3.8746868491172792,4.491546034812927,4.866421794891357,normalized_per_item_best_ge3_5,ua_ser
10,0.007702650462962963,3.915049338340759,4.156954288482666,sigmos_loudness,3.7048938274383545,3.206230843067169,4.221242666244507,4.264458560943604,normalized_per_item_best_ge3_5,ua_ser
10,0.007702650462962963,4.45151948928833,4.428476095199585,sigmos_reverb,4.3041075468063354,4.105500411987305,4.607435941696167,4.824161195755004,normalized_per_item_best_ge3_5,ua_ser
24,0.06190731481481481,3.6863732635974884,3.699081063270569,sigmos_overall,3.6227898001670837,3.509194493293762,3.7477357983589172,3.8477632999420166,normalized_per_item_best_ge3_5,ukr_dialects
24,0.06190731481481481,4.117019891738892,4.103183269500732,sigmos_speech,4.055787205696106,3.9215848088264464,4.1753990650177,4.328813576698304,normalized_per_item_best_ge3_5,ukr_dialects
24,0.06190731481481481,4.470336973667145,4.541061639785767,sigmos_noise,4.375898122787476,3.9200124382972716,4.619926333427429,4.799392294883728,normalized_per_item_best_ge3_5,ukr_dialects
24,0.06190731481481481,3.9164416790008545,3.8957905769348145,sigmos_coloration,3.738982856273651,3.570857059955597,4.0581748485565186,4.336659216880799,normalized_per_item_best_ge3_5,ukr_dialects
24,0.06190731481481481,4.354781071345012,4.401021957397461,sigmos_discontinuity,4.246807932853699,3.921720278263092,4.5219385623931885,4.663990139961243,normalized_per_item_best_ge3_5,ukr_dialects
24,0.06190731481481481,4.0570048391819,4.139976501464844,sigmos_loudness,3.922041594982147,3.2626137137413025,4.203139662742615,4.612461042404175,normalized_per_item_best_ge3_5,ukr_dialects
24,0.06190731481481481,4.649657368659973,4.657263278961182,sigmos_reverb,4.55699896812439,4.235831713676452,4.806711196899414,4.887888789176941,normalized_per_item_best_ge3_5,ukr_dialects
