metric,lower_inclusive,upper,upper_inclusive,count,percent
sigmos_overall,1.0,1.5,False,4,0.5
sigmos_overall,1.5,2.0,False,28,3.5
sigmos_overall,2.0,2.5,False,124,15.5
sigmos_overall,2.5,3.0,False,231,28.875
sigmos_overall,3.0,3.5,False,256,32.0
sigmos_overall,3.5,4.0,False,134,16.75
sigmos_overall,4.0,4.5,False,22,2.75
sigmos_overall,4.5,5.0,True,1,0.125
sigmos_speech,1.0,1.5,False,1,0.125
sigmos_speech,1.5,2.0,False,2,0.25
sigmos_speech,2.0,2.5,False,39,4.875
sigmos_speech,2.5,3.0,False,134,16.75
sigmos_speech,3.0,3.5,False,233,29.125
sigmos_speech,3.5,4.0,False,242,30.25
sigmos_speech,4.0,4.5,False,134,16.75
sigmos_speech,4.5,5.0,True,15,1.875
sigmos_noise,1.0,1.5,False,2,0.25
sigmos_noise,1.5,2.0,False,18,2.25
sigmos_noise,2.0,2.5,False,41,5.125
sigmos_noise,2.5,3.0,False,65,8.125
sigmos_noise,3.0,3.5,False,115,14.375
sigmos_noise,3.5,4.0,False,187,23.375
sigmos_noise,4.0,4.5,False,276,34.5
sigmos_noise,4.5,5.0,True,96,12.0
sigmos_coloration,1.0,1.5,False,1,0.125
sigmos_coloration,1.5,2.0,False,3,0.375
sigmos_coloration,2.0,2.5,False,18,2.25
sigmos_coloration,2.5,3.0,False,99,12.375
sigmos_coloration,3.0,3.5,False,237,29.625
sigmos_coloration,3.5,4.0,False,298,37.25
sigmos_coloration,4.0,4.5,False,134,16.75
sigmos_coloration,4.5,5.0,True,10,1.25
sigmos_discontinuity,1.0,1.5,False,0,0.0
sigmos_discontinuity,1.5,2.0,False,0,0.0
sigmos_discontinuity,2.0,2.5,False,5,0.625
sigmos_discontinuity,2.5,3.0,False,17,2.125
sigmos_discontinuity,3.0,3.5,False,92,11.5
sigmos_discontinuity,3.5,4.0,False,285,35.625
sigmos_discontinuity,4.0,4.5,False,311,38.875
sigmos_discontinuity,4.5,5.0,True,90,11.25
audiobox_pq,1.0,2.0,False,0,0.0
audiobox_pq,2.0,3.0,False,0,0.0
audiobox_pq,3.0,4.0,False,10,1.25
audiobox_pq,4.0,5.0,False,45,5.625
audiobox_pq,5.0,6.0,False,99,12.375
audiobox_pq,6.0,7.0,False,244,30.5
audiobox_pq,7.0,8.0,False,399,49.875
audiobox_pq,8.0,9.0,False,3,0.375
audiobox_pq,9.0,10.0,True,0,0.0
