group,source_id,count,hours,mean_seconds,minimum_seconds,p05_seconds,p25_seconds,median_seconds,p75_seconds,p95_seconds,maximum_seconds
before_all,all,800,1.2797338020833333,5.758802109375,2.0,2.302553125,3.41603125,5.28,6.9033750000000005,12.239824999999994,19.968
retained_before_processing,all,267,0.4634717881944444,6.2490578183520595,2.03,2.6775,4.08,5.52,7.365,13.085999999999999,19.8
after_selection,all,267,0.42829028935185187,5.774700530586767,2.013333333333333,2.3226375,3.4033333333333333,5.28,6.99,12.701599999999997,19.8
before_all,common_voice_available_uk,100,0.12908333333333336,4.647,2.14,2.6990000000000003,3.54,4.52,5.48,7.270999999999998,8.76
retained_before_processing,common_voice_available_uk,18,0.02473333333333333,4.946666666666666,2.46,2.8,3.6550000000000002,5.279999999999999,5.935,6.855999999999996,8.76
after_selection,common_voice_available_uk,18,0.022774814814814814,4.554962962962963,2.152,2.1576666666666666,2.9923333333333333,4.498666666666667,5.54,6.855999999999996,8.76
before_all,fleurs_uk,100,0.2999833333333333,10.7994,4.74,5.616,7.605,10.89,12.870000000000001,17.166,19.8
retained_before_processing,fleurs_uk,30,0.10346666666666667,12.416,6.54,7.242,10.32,12.75,13.889999999999999,17.226,18.42
after_selection,fleurs_uk,30,0.09786185185185187,11.743422222222224,6.458666666666667,7.083600000000001,10.245666666666667,11.609333333333334,13.365,16.095799999999997,18.42
before_all,opentts_lada,100,0.1653333333333334,5.952000000000002,3.9,4.437,5.28,5.73,6.4350000000000005,7.691999999999999,8.4
retained_before_processing,opentts_lada,6,0.00963333333333333,5.7799999999999985,4.92,5.025,5.37,5.55,5.7299999999999995,7.109999999999999,7.56
after_selection,opentts_lada,6,0.007164074074074073,4.298444444444444,2.6533333333333333,2.6613333333333333,2.8933333333333335,4.488666666666667,5.651,5.748666666666667,5.76
before_all,opentts_mykyta,100,0.13575,4.8870000000000005,2.82,3.12,3.54,4.53,5.79,7.683,8.7
retained_before_processing,opentts_mykyta,82,0.11338333333333332,4.97780487804878,2.82,3.1830000000000003,3.555,4.74,5.85,7.737,8.7
after_selection,opentts_mykyta,82,0.10395185185185185,4.563739837398375,2.013333333333333,2.3594666666666666,3.315,4.203333333333333,5.6850000000000005,7.668,8.7
before_all,opentts_tetiana,100,0.1741647222222222,6.26993,4.08,4.497,5.33975,5.9399999999999995,7.335,8.82,9.12
retained_before_processing,opentts_tetiana,67,0.11758194444444443,6.317835820895522,4.08,4.596,5.3995,6.0,7.38,8.783999999999999,9.12
after_selection,opentts_tetiana,67,0.10264398148148147,5.515199004975124,2.013333333333333,2.5424,4.557333333333333,5.46,6.6899999999999995,8.537999999999997,8.94
before_all,tg_voices_uk,100,0.11827458333333335,4.257885000000001,2.0135,2.2515,2.7485,3.6235,5.3385,8.0345,12.2335
retained_before_processing,tg_voices_uk,32,0.03669027777777777,4.127656249999999,2.0535,2.4125,2.7135,3.6835,5.0285,7.8774999999999995,8.0735
after_selection,tg_voices_uk,32,0.035921527777777774,4.041171875,2.0535,2.2234666666666665,2.6535,3.6835,5.0135,7.8774999999999995,8.0735
before_all,ua_ser,100,0.07480227430555556,2.692881875,2.0,2.048,2.304,2.548,2.92834375,3.8112218749999993,4.9275
retained_before_processing,ua_ser,10,0.007702621527777779,2.7729437500000005,2.03,2.171271875,2.55646875,2.71865625,3.072984375,3.3615062499999997,3.4661875
after_selection,ua_ser,10,0.007702650462962963,2.7729541666666666,2.03,2.17128125,2.55646875,2.7186666666666666,3.073,3.361527083333333,3.4662083333333333
before_all,ukr_dialects,100,0.18234222222222224,6.56432,2.02,2.23905,3.2875,5.699999999999999,7.664,15.631199999999998,19.968
retained_before_processing,ukr_dialects,22,0.05028027777777777,8.227681818181818,3.22,3.3555,5.67,6.8095,10.455,15.869,19.8
after_selection,ukr_dialects,22,0.05026953703703704,8.225924242424243,3.22,3.3555,5.641,6.8095,10.455,15.869,19.8
