epoch_step,before_allocated_gib,before_peak_allocated_gib,before_peak_reserved_gib,before_reserved_gib,after_allocated_gib,after_peak_allocated_gib,after_peak_reserved_gib,after_reserved_gib
50,3.6977486610412598,17.63460063934326,47.45703125,47.45703125,3.6977486610412598,17.63460063934326,47.45703125,8.80859375
100,3.3570947647094727,17.63460063934326,47.45703125,34.4140625,3.3570947647094727,17.63460063934326,47.45703125,4.607421875
150,3.4320549964904785,20.339373111724854,47.45703125,43.91015625,3.4320549964904785,20.339373111724854,47.45703125,6.068359375
200,4.538211345672607,20.339373111724854,47.45703125,40.537109375,4.538211345672607,20.339373111724854,47.45703125,10.63671875
250,3.4388632774353027,20.339373111724854,47.45703125,27.595703125,3.4388632774353027,20.339373111724854,47.45703125,7.8125
300,3.5772695541381836,20.339373111724854,47.45703125,35.810546875,3.5772695541381836,20.339373111724854,47.45703125,7.734375
350,4.709598064422607,20.339373111724854,60.658203125,60.658203125,4.709598064422607,20.339373111724854,60.658203125,8.373046875
400,3.141472339630127,20.339373111724854,60.658203125,38.41015625,3.141472339630127,20.339373111724854,60.658203125,6.84375
450,3.370276927947998,20.339373111724854,67.734375,67.734375,3.370276927947998,20.339373111724854,67.734375,6.845703125
500,3.1895408630371094,26.15165376663208,67.734375,32.0625,3.1895408630371094,26.15165376663208,67.734375,4.955078125
550,3.1045618057250977,26.15165376663208,67.734375,43.724609375,3.1045618057250977,26.15165376663208,67.734375,4.72265625
600,1.5467181205749512,26.15165376663208,67.734375,43.8125,1.5467181205749512,26.15165376663208,67.734375,3.052734375
650,1.5185494422912598,26.15165376663208,67.734375,62.150390625,1.5185494422912598,26.15165376663208,67.734375,3.146484375
700,2.017176628112793,26.15165376663208,67.734375,45.724609375,2.017176628112793,26.15165376663208,67.734375,3.421875
750,1.880061149597168,26.15165376663208,67.734375,58.66015625,1.880061149597168,26.15165376663208,67.734375,3.4765625
800,1.8491077423095703,26.15165376663208,67.734375,35.17578125,1.8491077423095703,26.15165376663208,67.734375,3.1640625
850,2.0628738403320312,26.15165376663208,67.734375,25.1640625,2.0628738403320312,26.15165376663208,67.734375,7.966796875
900,1.8895902633666992,26.15165376663208,67.734375,49.091796875,1.8895902633666992,26.15165376663208,67.734375,7.451171875
950,1.5878796577453613,26.15165376663208,67.734375,42.126953125,1.5878796577453613,26.15165376663208,67.734375,4.640625
1000,2.089996337890625,26.15165376663208,67.734375,29.701171875,2.089996337890625,26.15165376663208,67.734375,4.0234375
