profile,reference,metric,files,sources,mean_delta,ci95_low,ci95_high,bootstrap_replicates,seed,method,selection_mode
clearervoice_wet0.5,identity_wet1,sigmos_overall,160,8,0.050765308737754825,0.03319719102233648,0.06909295093268156,2000,777,paired_within_source_bootstrap,report_only
clearervoice_wet0.5,identity_wet1,sigmos_speech,160,8,0.042616629600524904,0.023819116950035097,0.06187324598431586,2000,777,paired_within_source_bootstrap,report_only
clearervoice_wet0.5,identity_wet1,sigmos_noise,160,8,0.10112912654876709,0.07547784473747016,0.13053280606865883,2000,777,paired_within_source_bootstrap,report_only
clearervoice_wet0.5,identity_wet1,sigmos_coloration,160,8,0.024451194703578948,0.007927876748144626,0.04117353100329635,2000,777,paired_within_source_bootstrap,report_only
clearervoice_wet0.5,identity_wet1,sigmos_discontinuity,160,8,0.02785104960203171,0.008557083792984485,0.046955237239599226,2000,777,paired_within_source_bootstrap,report_only
clearervoice_wet0.5,identity_wet1,audiobox_pq,160,8,0.04952707886695862,0.03425253301858902,0.06433941926807164,2000,777,paired_within_source_bootstrap,report_only
clearervoice_wet0.5,identity_wet1,cer,160,8,-0.0018097263583149374,-0.004921630773644482,0.0005294596141144648,2000,777,paired_within_source_bootstrap,report_only
clearervoice_wet0.5,identity_wet1,wer,160,8,-0.005706619769119769,-0.013746617965367965,0.0,2000,777,paired_within_source_bootstrap,report_only
clearervoice_wet0.5,identity_wet1,parakeet_cer,160,8,-0.004301260491709676,-0.010155385164530469,0.00033274862803560215,2000,777,paired_within_source_bootstrap,report_only
clearervoice_wet0.5,identity_wet1,parakeet_wer,160,8,-0.004416373556998557,-0.010214209618506493,0.000869605654761896,2000,777,paired_within_source_bootstrap,report_only
clearervoice_wet0.5,identity_wet1,ecapa_similarity,160,8,-0.00155058391392231,-0.0024128115829080343,-0.0009120451286435129,2000,777,paired_within_source_bootstrap,report_only
clearervoice_wet0.5,identity_wet1,hf_burst_count,160,8,-0.025,-0.08125,0.025,2000,777,paired_within_source_bootstrap,report_only
clearervoice_wet1,identity_wet1,sigmos_overall,160,8,0.10701432675123215,0.07732900645583868,0.13708406154066324,2000,777,paired_within_source_bootstrap,report_only
clearervoice_wet1,identity_wet1,sigmos_speech,160,8,0.07575913518667221,0.046734415218234064,0.10356090646237134,2000,777,paired_within_source_bootstrap,report_only
clearervoice_wet1,identity_wet1,sigmos_noise,160,8,0.26914871782064437,0.20419039137661457,0.33787736229598525,2000,777,paired_within_source_bootstrap,report_only
clearervoice_wet1,identity_wet1,sigmos_coloration,160,8,0.06128488481044769,0.027217615693807602,0.09845505319535729,2000,777,paired_within_source_bootstrap,report_only
clearervoice_wet1,identity_wet1,sigmos_discontinuity,160,8,0.06265556216239929,0.03158680774271488,0.0956454823538661,2000,777,paired_within_source_bootstrap,report_only
clearervoice_wet1,identity_wet1,audiobox_pq,160,8,0.15075338631868362,0.10393831979483367,0.20448515918105836,2000,777,paired_within_source_bootstrap,report_only
clearervoice_wet1,identity_wet1,cer,160,8,0.0010367424355904424,-0.0033347758292912094,0.00551308508521321,2000,777,paired_within_source_bootstrap,report_only
clearervoice_wet1,identity_wet1,wer,160,8,0.009775502275502276,9.990530303030284e-05,0.0207637458028083,2000,777,paired_within_source_bootstrap,report_only
clearervoice_wet1,identity_wet1,parakeet_cer,160,8,0.00039622852555000926,-0.003311219499851419,0.003479874746569677,2000,777,paired_within_source_bootstrap,report_only
clearervoice_wet1,identity_wet1,parakeet_wer,160,8,-0.001878945707070707,-0.009682765151515152,0.005070095486111107,2000,777,paired_within_source_bootstrap,report_only
clearervoice_wet1,identity_wet1,ecapa_similarity,160,8,-0.01700455732643604,-0.024225449562072756,-0.010751205952838072,2000,777,paired_within_source_bootstrap,report_only
clearervoice_wet1,identity_wet1,hf_burst_count,160,8,-0.05,-0.14375,0.05,2000,777,paired_within_source_bootstrap,report_only
deepfilternet3_peakminus3_wet1,identity_wet1,sigmos_overall,160,8,0.1978136882185936,0.1480639272928238,0.24722089696675537,2000,777,paired_within_source_bootstrap,report_only
deepfilternet3_peakminus3_wet1,identity_wet1,sigmos_speech,160,8,0.13535130769014359,0.0895158713683486,0.18069051943719386,2000,777,paired_within_source_bootstrap,report_only
deepfilternet3_peakminus3_wet1,identity_wet1,sigmos_noise,160,8,0.3856370970606804,0.3153038447350263,0.4578839202970265,2000,777,paired_within_source_bootstrap,report_only
deepfilternet3_peakminus3_wet1,identity_wet1,sigmos_coloration,160,8,0.1092362254858017,0.06222779668867588,0.15270789101719853,2000,777,paired_within_source_bootstrap,report_only
deepfilternet3_peakminus3_wet1,identity_wet1,sigmos_discontinuity,160,8,0.05209619849920273,0.005597355328500271,0.09941875003278254,2000,777,paired_within_source_bootstrap,report_only
deepfilternet3_peakminus3_wet1,identity_wet1,audiobox_pq,160,8,0.2583502382040024,0.21172156400978565,0.30665783639997246,2000,777,paired_within_source_bootstrap,report_only
deepfilternet3_peakminus3_wet1,identity_wet1,cer,160,8,0.007644107814525842,-0.0036266598597289074,0.020804149658239433,2000,777,paired_within_source_bootstrap,report_only
deepfilternet3_peakminus3_wet1,identity_wet1,wer,160,8,0.020405102116450802,0.0019213423432379027,0.04127274255578121,2000,777,paired_within_source_bootstrap,report_only
deepfilternet3_peakminus3_wet1,identity_wet1,parakeet_cer,160,8,0.010746237528439593,-0.0001479283594372768,0.023773845890894298,2000,777,paired_within_source_bootstrap,report_only
deepfilternet3_peakminus3_wet1,identity_wet1,parakeet_wer,160,8,0.009181811303103676,-0.004327699092926847,0.023877140713276828,2000,777,paired_within_source_bootstrap,report_only
deepfilternet3_peakminus3_wet1,identity_wet1,ecapa_similarity,160,8,-0.02739638611674309,-0.03630539662204683,-0.019646215057000524,2000,777,paired_within_source_bootstrap,report_only
deepfilternet3_peakminus3_wet1,identity_wet1,hf_burst_count,160,8,0.1125,0.0,0.23125,2000,777,paired_within_source_bootstrap,report_only
deepfilternet3_wet0.5,identity_wet1,sigmos_overall,160,8,0.07135122120380402,0.04972132969647646,0.09384689349681138,2000,777,paired_within_source_bootstrap,report_only
deepfilternet3_wet0.5,identity_wet1,sigmos_speech,160,8,0.052956050634384154,0.03017046496272087,0.07566159926354885,2000,777,paired_within_source_bootstrap,report_only
deepfilternet3_wet0.5,identity_wet1,sigmos_noise,160,8,0.13468854427337645,0.10335937004536391,0.16719879962503909,2000,777,paired_within_source_bootstrap,report_only
deepfilternet3_wet0.5,identity_wet1,sigmos_coloration,160,8,0.05019773691892624,0.029483786895871163,0.07125173442065716,2000,777,paired_within_source_bootstrap,report_only
deepfilternet3_wet0.5,identity_wet1,sigmos_discontinuity,160,8,0.028912995755672456,0.0023622308671474457,0.05509136196225876,2000,777,paired_within_source_bootstrap,report_only
deepfilternet3_wet0.5,identity_wet1,audiobox_pq,160,8,0.08964353650808335,0.07656282965093851,0.10343999195843934,2000,777,paired_within_source_bootstrap,report_only
deepfilternet3_wet0.5,identity_wet1,cer,160,8,-0.0007744442837748526,-0.002791153413765233,0.0010114656176471188,2000,777,paired_within_source_bootstrap,report_only
deepfilternet3_wet0.5,identity_wet1,wer,160,8,-0.003923633658008658,-0.0141032619724026,0.005973620129870123,2000,777,paired_within_source_bootstrap,report_only
deepfilternet3_wet0.5,identity_wet1,parakeet_cer,160,8,-0.005864041066230267,-0.011824173279269129,-0.0015155137829607548,2000,777,paired_within_source_bootstrap,report_only
deepfilternet3_wet0.5,identity_wet1,parakeet_wer,160,8,-0.006890331890331891,-0.014120727362914863,-0.0008928571428571435,2000,777,paired_within_source_bootstrap,report_only
deepfilternet3_wet0.5,identity_wet1,ecapa_similarity,160,8,-0.0015586182475090028,-0.003140534460544586,0.00013465907424688303,2000,777,paired_within_source_bootstrap,report_only
deepfilternet3_wet0.5,identity_wet1,hf_burst_count,160,8,0.0375,-0.0375,0.11875,2000,777,paired_within_source_bootstrap,report_only
deepfilternet3_wet1,identity_wet1,sigmos_overall,160,8,0.1843104064464569,0.13633006274700166,0.23036844521760938,2000,777,paired_within_source_bootstrap,report_only
deepfilternet3_wet1,identity_wet1,sigmos_speech,160,8,0.12429242730140685,0.0799951022863388,0.16732622139155864,2000,777,paired_within_source_bootstrap,report_only
deepfilternet3_wet1,identity_wet1,sigmos_noise,160,8,0.38248820751905444,0.31142159044742584,0.457486099153757,2000,777,paired_within_source_bootstrap,report_only
deepfilternet3_wet1,identity_wet1,sigmos_coloration,160,8,0.1155606672167778,0.07247099250555038,0.15897200193256136,2000,777,paired_within_source_bootstrap,report_only
deepfilternet3_wet1,identity_wet1,sigmos_discontinuity,160,8,0.04408951699733734,-0.0015152833238244055,0.09059649091213938,2000,777,paired_within_source_bootstrap,report_only
deepfilternet3_wet1,identity_wet1,audiobox_pq,160,8,0.26488628834486005,0.2151430818811059,0.3138133045658469,2000,777,paired_within_source_bootstrap,report_only
deepfilternet3_wet1,identity_wet1,cer,160,8,0.012106953128959218,-0.0008033353266650882,0.02900518172935221,2000,777,paired_within_source_bootstrap,report_only
deepfilternet3_wet1,identity_wet1,wer,160,8,0.02154015629837998,-0.0014213825967526615,0.052717386526576496,2000,777,paired_within_source_bootstrap,report_only
deepfilternet3_wet1,identity_wet1,parakeet_cer,160,8,0.008303558648358232,-0.0036683082017484486,0.024134173242835528,2000,777,paired_within_source_bootstrap,report_only
deepfilternet3_wet1,identity_wet1,parakeet_wer,160,8,0.006306811303103674,-0.009875917658730159,0.02474482852511189,2000,777,paired_within_source_bootstrap,report_only
deepfilternet3_wet1,identity_wet1,ecapa_similarity,160,8,-0.0324161225464195,-0.04662466378300451,-0.021215761024504905,2000,777,paired_within_source_bootstrap,report_only
deepfilternet3_wet1,identity_wet1,hf_burst_count,160,8,0.0875,-0.025,0.2,2000,777,paired_within_source_bootstrap,report_only
clearervoice_wet0.75,identity_wet1,sigmos_overall,160,8,0.06892682313919067,0.04743377111852169,0.09177071351557968,2000,777,paired_within_source_bootstrap,report_only
clearervoice_wet0.75,identity_wet1,sigmos_speech,160,8,0.05530517846345902,0.03186170130968094,0.07985820688307284,2000,777,paired_within_source_bootstrap,report_only
clearervoice_wet0.75,identity_wet1,sigmos_noise,160,8,0.16321233361959459,0.12190241739153862,0.20862646229565143,2000,777,paired_within_source_bootstrap,report_only
clearervoice_wet0.75,identity_wet1,sigmos_coloration,160,8,0.03412309288978577,0.012475116848945618,0.05576506812125443,2000,777,paired_within_source_bootstrap,report_only
clearervoice_wet0.75,identity_wet1,sigmos_discontinuity,160,8,0.05060126781463623,0.024435634575784206,0.07775864638388152,2000,777,paired_within_source_bootstrap,report_only
clearervoice_wet0.75,identity_wet1,audiobox_pq,160,8,0.0824211910367012,0.05820723779499531,0.10819812264293428,2000,777,paired_within_source_bootstrap,report_only
clearervoice_wet0.75,identity_wet1,cer,160,8,-0.0015745200052738508,-0.005154891245165634,0.001689137356475524,2000,777,paired_within_source_bootstrap,report_only
clearervoice_wet0.75,identity_wet1,wer,160,8,-0.002989198301698301,-0.012073863636363636,0.004675350690975686,2000,777,paired_within_source_bootstrap,report_only
clearervoice_wet0.75,identity_wet1,parakeet_cer,160,8,-0.0015779190183682012,-0.004335077633157828,0.0010700952480671168,2000,777,paired_within_source_bootstrap,report_only
clearervoice_wet0.75,identity_wet1,parakeet_wer,160,8,-0.006547055375180376,-0.015242322781385279,0.0002905449585137035,2000,777,paired_within_source_bootstrap,report_only
clearervoice_wet0.75,identity_wet1,ecapa_similarity,160,8,-0.004205504432320595,-0.005953271444886923,-0.002837397111579776,2000,777,paired_within_source_bootstrap,report_only
clearervoice_wet0.75,identity_wet1,hf_burst_count,160,8,-0.03125,-0.1125,0.04390624999999915,2000,777,paired_within_source_bootstrap,report_only
clearervoice_wet1_lufsminus23,identity_wet1,sigmos_overall,160,8,0.11427112370729446,0.07261588096618653,0.1551378710195422,2000,777,paired_within_source_bootstrap,report_only
clearervoice_wet1_lufsminus23,identity_wet1,sigmos_speech,160,8,0.07135560661554337,0.03269890293478966,0.11313651718199247,2000,777,paired_within_source_bootstrap,report_only
clearervoice_wet1_lufsminus23,identity_wet1,sigmos_noise,160,8,0.2019008532166481,0.13114758402109147,0.27649589549750087,2000,777,paired_within_source_bootstrap,report_only
clearervoice_wet1_lufsminus23,identity_wet1,sigmos_coloration,160,8,0.06745506227016448,0.020704259537160395,0.11676899410784239,2000,777,paired_within_source_bootstrap,report_only
clearervoice_wet1_lufsminus23,identity_wet1,sigmos_discontinuity,160,8,0.05810311585664749,0.017191940397024156,0.09968624025583267,2000,777,paired_within_source_bootstrap,report_only
clearervoice_wet1_lufsminus23,identity_wet1,audiobox_pq,160,8,0.15319230407476425,0.09560218404978513,0.21385247752070422,2000,777,paired_within_source_bootstrap,report_only
clearervoice_wet1_lufsminus23,identity_wet1,cer,160,8,0.00013490028088716287,-0.0042067169324513974,0.004551989614149237,2000,777,paired_within_source_bootstrap,report_only
clearervoice_wet1_lufsminus23,identity_wet1,wer,160,8,0.01007394341769342,-0.0014159262612387631,0.023330336330336328,2000,777,paired_within_source_bootstrap,report_only
clearervoice_wet1_lufsminus23,identity_wet1,parakeet_cer,160,8,0.0007822587239809876,-0.0037658782368109696,0.00484110132147203,2000,777,paired_within_source_bootstrap,report_only
clearervoice_wet1_lufsminus23,identity_wet1,parakeet_wer,160,8,0.0008983066133489859,-0.010745924934881503,0.012941123171790508,2000,777,paired_within_source_bootstrap,report_only
clearervoice_wet1_lufsminus23,identity_wet1,ecapa_similarity,160,8,-0.017225877568125724,-0.024671358298510315,-0.010930241681635382,2000,777,paired_within_source_bootstrap,report_only
clearervoice_wet1_lufsminus23,identity_wet1,hf_burst_count,160,8,0.5125,0.19375,0.8875,2000,777,paired_within_source_bootstrap,report_only
deepfilternet3_peak0_wet1,identity_wet1,sigmos_overall,160,8,0.20424520820379258,0.15174717381596564,0.25558679126203054,2000,777,paired_within_source_bootstrap,report_only
deepfilternet3_peak0_wet1,identity_wet1,sigmos_speech,160,8,0.1425422802567482,0.09272052746266127,0.18970900431275367,2000,777,paired_within_source_bootstrap,report_only
deepfilternet3_peak0_wet1,identity_wet1,sigmos_noise,160,8,0.38945917785167694,0.3201455773785711,0.4633864303305744,2000,777,paired_within_source_bootstrap,report_only
deepfilternet3_peak0_wet1,identity_wet1,sigmos_coloration,160,8,0.11780262142419815,0.070560895614326,0.1631448669731617,2000,777,paired_within_source_bootstrap,report_only
deepfilternet3_peak0_wet1,identity_wet1,sigmos_discontinuity,160,8,0.05933687090873718,0.010984015353024006,0.11001643795520062,2000,777,paired_within_source_bootstrap,report_only
deepfilternet3_peak0_wet1,identity_wet1,audiobox_pq,160,8,0.2588240385055542,0.20994206100702287,0.30946281969547274,2000,777,paired_within_source_bootstrap,report_only
deepfilternet3_peak0_wet1,identity_wet1,cer,160,8,0.013557851213889499,0.0007648648711725587,0.028956782980497583,2000,777,paired_within_source_bootstrap,report_only
deepfilternet3_peak0_wet1,identity_wet1,wer,160,8,0.030972832996681687,0.007760106667364069,0.05987673045156592,2000,777,paired_within_source_bootstrap,report_only
deepfilternet3_peak0_wet1,identity_wet1,parakeet_cer,160,8,0.011172502107262804,-0.0001099352497496177,0.02482768035209719,2000,777,paired_within_source_bootstrap,report_only
deepfilternet3_peak0_wet1,identity_wet1,parakeet_wer,160,8,0.010353686303103677,-0.0029616646374458874,0.025012789727633458,2000,777,paired_within_source_bootstrap,report_only
deepfilternet3_peak0_wet1,identity_wet1,ecapa_similarity,160,8,-0.028847578167915344,-0.03825738494284451,-0.02061210474930704,2000,777,paired_within_source_bootstrap,report_only
deepfilternet3_peak0_wet1,identity_wet1,hf_burst_count,160,8,0.125,0.00625,0.24390624999999913,2000,777,paired_within_source_bootstrap,report_only
deepfilternet3_peakminus3_wet0.5,identity_wet1,sigmos_overall,160,8,0.07318822145462037,0.05103234238922596,0.09539475955069064,2000,777,paired_within_source_bootstrap,report_only
deepfilternet3_peakminus3_wet0.5,identity_wet1,sigmos_speech,160,8,0.05645927637815475,0.03317547492682934,0.07867435395717616,2000,777,paired_within_source_bootstrap,report_only
deepfilternet3_peakminus3_wet0.5,identity_wet1,sigmos_noise,160,8,0.13564199656248094,0.10494060266762972,0.16692279662936926,2000,777,paired_within_source_bootstrap,report_only
deepfilternet3_peakminus3_wet0.5,identity_wet1,sigmos_coloration,160,8,0.048075200617313386,0.027277229502797127,0.06874124731868506,2000,777,paired_within_source_bootstrap,report_only
deepfilternet3_peakminus3_wet0.5,identity_wet1,sigmos_discontinuity,160,8,0.020906242728233337,-0.005686359144747257,0.04755793754011392,2000,777,paired_within_source_bootstrap,report_only
deepfilternet3_peakminus3_wet0.5,identity_wet1,audiobox_pq,160,8,0.09389161616563797,0.08065370950847864,0.10770843032747507,2000,777,paired_within_source_bootstrap,report_only
deepfilternet3_peakminus3_wet0.5,identity_wet1,cer,160,8,0.003933230853587784,-0.0018375581161422393,0.01379341075645874,2000,777,paired_within_source_bootstrap,report_only
deepfilternet3_peakminus3_wet0.5,identity_wet1,wer,160,8,-0.0003933306277056278,-0.007262149959415584,0.007987816220238093,2000,777,paired_within_source_bootstrap,report_only
deepfilternet3_peakminus3_wet0.5,identity_wet1,parakeet_cer,160,8,-0.005162655248745379,-0.01068264980160631,-0.001271085949692946,2000,777,paired_within_source_bootstrap,report_only
deepfilternet3_peakminus3_wet0.5,identity_wet1,parakeet_wer,160,8,-0.005241026334776335,-0.010458998466810967,-0.0011363636363636367,2000,777,paired_within_source_bootstrap,report_only
deepfilternet3_peakminus3_wet0.5,identity_wet1,ecapa_similarity,160,8,-0.0015710018575191497,-0.0031259930972009895,8.788470178842522e-05,2000,777,paired_within_source_bootstrap,report_only
deepfilternet3_peakminus3_wet0.5,identity_wet1,hf_burst_count,160,8,0.0375,-0.04375,0.13125,2000,777,paired_within_source_bootstrap,report_only
deepfilternet3_peakminus3_wet0.5_lufsminus23,identity_wet1,sigmos_overall,160,8,0.08146951943635941,0.05066256385296583,0.11409356221556657,2000,777,paired_within_source_bootstrap,report_only
deepfilternet3_peakminus3_wet0.5_lufsminus23,identity_wet1,sigmos_speech,160,8,0.05618188977241516,0.023399143144488332,0.08923541419208045,2000,777,paired_within_source_bootstrap,report_only
deepfilternet3_peakminus3_wet0.5_lufsminus23,identity_wet1,sigmos_noise,160,8,0.07678040117025375,0.03324432402849197,0.12004987966269255,2000,777,paired_within_source_bootstrap,report_only
deepfilternet3_peakminus3_wet0.5_lufsminus23,identity_wet1,sigmos_coloration,160,8,0.05652245283126831,0.017033036202192306,0.09739687383174896,2000,777,paired_within_source_bootstrap,report_only
deepfilternet3_peakminus3_wet0.5_lufsminus23,identity_wet1,sigmos_discontinuity,160,8,0.036683158576488496,0.00078486192971468,0.07332872278988356,2000,777,paired_within_source_bootstrap,report_only
deepfilternet3_peakminus3_wet0.5_lufsminus23,identity_wet1,audiobox_pq,160,8,0.09156832993030548,0.07053252436220646,0.11235520955175161,2000,777,paired_within_source_bootstrap,report_only
deepfilternet3_peakminus3_wet0.5_lufsminus23,identity_wet1,cer,160,8,0.003259835094589622,-0.0030675609143009748,0.013405425952682464,2000,777,paired_within_source_bootstrap,report_only
deepfilternet3_peakminus3_wet0.5_lufsminus23,identity_wet1,wer,160,8,-0.0007839556277056278,-0.007943951231060606,0.008244157535173161,2000,777,paired_within_source_bootstrap,report_only
deepfilternet3_peakminus3_wet0.5_lufsminus23,identity_wet1,parakeet_cer,160,8,0.0008095254288647821,-0.008006323126275486,0.011563283902353396,2000,777,paired_within_source_bootstrap,report_only
deepfilternet3_peakminus3_wet0.5_lufsminus23,identity_wet1,parakeet_wer,160,8,0.0003427510577934303,-0.007137134912227603,0.008265138044335603,2000,777,paired_within_source_bootstrap,report_only
deepfilternet3_peakminus3_wet0.5_lufsminus23,identity_wet1,ecapa_similarity,160,8,-0.0015694063156843185,-0.0031225918512791393,8.98474082350729e-05,2000,777,paired_within_source_bootstrap,report_only
deepfilternet3_peakminus3_wet0.5_lufsminus23,identity_wet1,hf_burst_count,160,8,0.575,0.26875,0.9126562499999992,2000,777,paired_within_source_bootstrap,report_only
deepfilternet3_peakminus3_wet0.75,identity_wet1,sigmos_overall,160,8,0.10965279042720795,0.07774368561804294,0.141491419672966,2000,777,paired_within_source_bootstrap,report_only
deepfilternet3_peakminus3_wet0.75,identity_wet1,sigmos_speech,160,8,0.08116530776023864,0.04915754370391369,0.11257897067815063,2000,777,paired_within_source_bootstrap,report_only
deepfilternet3_peakminus3_wet0.75,identity_wet1,sigmos_noise,160,8,0.22990967333316803,0.18282052695751191,0.2765996908023952,2000,777,paired_within_source_bootstrap,report_only
deepfilternet3_peakminus3_wet0.75,identity_wet1,sigmos_coloration,160,8,0.07029185146093368,0.03856532648205757,0.10309621069580316,2000,777,paired_within_source_bootstrap,report_only
deepfilternet3_peakminus3_wet0.75,identity_wet1,sigmos_discontinuity,160,8,0.03908756375312805,0.004174966141581535,0.07542541563510893,2000,777,paired_within_source_bootstrap,report_only
deepfilternet3_peakminus3_wet0.75,identity_wet1,audiobox_pq,160,8,0.1591872364282608,0.1358198157697916,0.18323143050074575,2000,777,paired_within_source_bootstrap,report_only
deepfilternet3_peakminus3_wet0.75,identity_wet1,cer,160,8,0.0005863502065581803,-0.0022429681615333224,0.0033605093025096486,2000,777,paired_within_source_bootstrap,report_only
deepfilternet3_peakminus3_wet0.75,identity_wet1,wer,160,8,-0.0016611183954933953,-0.01239270607864358,0.009139510662948163,2000,777,paired_within_source_bootstrap,report_only
deepfilternet3_peakminus3_wet0.75,identity_wet1,parakeet_cer,160,8,-0.0003542505977000087,-0.00904570351573315,0.01083591767887012,2000,777,paired_within_source_bootstrap,report_only
deepfilternet3_peakminus3_wet0.75,identity_wet1,parakeet_wer,160,8,-0.0033808690720766995,-0.010499402793828112,0.004191721906565649,2000,777,paired_within_source_bootstrap,report_only
deepfilternet3_peakminus3_wet0.75,identity_wet1,ecapa_similarity,160,8,-0.006511899828910828,-0.009059059889987111,-0.004181307889521122,2000,777,paired_within_source_bootstrap,report_only
deepfilternet3_peakminus3_wet0.75,identity_wet1,hf_burst_count,160,8,0.1,-0.00625,0.2125,2000,777,paired_within_source_bootstrap,report_only
deepfilternet3_peakminus6_wet0.75,identity_wet1,sigmos_overall,160,8,0.11071017235517502,0.07899920117110014,0.14355501130223272,2000,777,paired_within_source_bootstrap,report_only
deepfilternet3_peakminus6_wet0.75,identity_wet1,sigmos_speech,160,8,0.08152772635221481,0.04869921859353781,0.11409500949084758,2000,777,paired_within_source_bootstrap,report_only
deepfilternet3_peakminus6_wet0.75,identity_wet1,sigmos_noise,160,8,0.22907043546438216,0.18123618550598622,0.2762053221836686,2000,777,paired_within_source_bootstrap,report_only
deepfilternet3_peakminus6_wet0.75,identity_wet1,sigmos_coloration,160,8,0.06892499029636383,0.03712913427501917,0.10192229192703961,2000,777,paired_within_source_bootstrap,report_only
deepfilternet3_peakminus6_wet0.75,identity_wet1,sigmos_discontinuity,160,8,0.04194553643465042,0.0069607247784733775,0.07832842137664556,2000,777,paired_within_source_bootstrap,report_only
deepfilternet3_peakminus6_wet0.75,identity_wet1,audiobox_pq,160,8,0.1578970655798912,0.13454791579395534,0.18194381184875963,2000,777,paired_within_source_bootstrap,report_only
deepfilternet3_peakminus6_wet0.75,identity_wet1,cer,160,8,-0.0008516563608793575,-0.0037859029935406107,0.0019857999523867752,2000,777,paired_within_source_bootstrap,report_only
deepfilternet3_peakminus6_wet0.75,identity_wet1,wer,160,8,0.0019125648656898662,-0.009266986225579974,0.013247240823412696,2000,777,paired_within_source_bootstrap,report_only
deepfilternet3_peakminus6_wet0.75,identity_wet1,parakeet_cer,160,8,-0.0007456290183967807,-0.008600142557501796,0.007679319363324292,2000,777,paired_within_source_bootstrap,report_only
deepfilternet3_peakminus6_wet0.75,identity_wet1,parakeet_wer,160,8,-0.0017315635165211442,-0.009044152462121213,0.005856716663456599,2000,777,paired_within_source_bootstrap,report_only
deepfilternet3_peakminus6_wet0.75,identity_wet1,ecapa_similarity,160,8,-0.006377934291958809,-0.009011923484504223,-0.004018735047429801,2000,777,paired_within_source_bootstrap,report_only
deepfilternet3_peakminus6_wet0.75,identity_wet1,hf_burst_count,160,8,0.09375,0.0,0.19390624999999914,2000,777,paired_within_source_bootstrap,report_only
deepfilternet3_peakminus6_wet1,identity_wet1,sigmos_overall,160,8,0.18938881009817124,0.1417537945508957,0.2357721997797489,2000,777,paired_within_source_bootstrap,report_only
deepfilternet3_peakminus6_wet1,identity_wet1,sigmos_speech,160,8,0.12624145448207855,0.08228188253939152,0.16862361237406728,2000,777,paired_within_source_bootstrap,report_only
deepfilternet3_peakminus6_wet1,identity_wet1,sigmos_noise,160,8,0.3853689610958099,0.3131569741293788,0.460206266194582,2000,777,paired_within_source_bootstrap,report_only
deepfilternet3_peakminus6_wet1,identity_wet1,sigmos_coloration,160,8,0.1051926538348198,0.06118293959647417,0.1480278182774782,2000,777,paired_within_source_bootstrap,report_only
deepfilternet3_peakminus6_wet1,identity_wet1,sigmos_discontinuity,160,8,0.04456045031547547,0.00017636429518461257,0.09151157535612578,2000,777,paired_within_source_bootstrap,report_only
deepfilternet3_peakminus6_wet1,identity_wet1,audiobox_pq,160,8,0.2650896117091179,0.21748208951205014,0.31338316909968855,2000,777,paired_within_source_bootstrap,report_only
deepfilternet3_peakminus6_wet1,identity_wet1,cer,160,8,0.003789763428415002,-0.00525118886359475,0.013867747628275442,2000,777,paired_within_source_bootstrap,report_only
deepfilternet3_peakminus6_wet1,identity_wet1,wer,160,8,0.01228401313598682,-0.0036786655185092674,0.03231374482608033,2000,777,paired_within_source_bootstrap,report_only
deepfilternet3_peakminus6_wet1,identity_wet1,parakeet_cer,160,8,0.007002758181653759,-0.002687847897797394,0.01908004012211998,2000,777,paired_within_source_bootstrap,report_only
deepfilternet3_peakminus6_wet1,identity_wet1,parakeet_wer,160,8,0.009100980675398048,-0.0010101294803360492,0.020104321055592227,2000,777,paired_within_source_bootstrap,report_only
deepfilternet3_peakminus6_wet1,identity_wet1,ecapa_similarity,160,8,-0.02695915587246418,-0.03583626457490027,-0.019149552695453174,2000,777,paired_within_source_bootstrap,report_only
deepfilternet3_peakminus6_wet1,identity_wet1,hf_burst_count,160,8,0.1,-0.00625,0.21875,2000,777,paired_within_source_bootstrap,report_only
identity_lufsminus23,identity_wet1,sigmos_overall,160,8,0.007578857243061066,-0.022011295706033707,0.03826614573597906,2000,777,paired_within_source_bootstrap,report_only
identity_lufsminus23,identity_wet1,sigmos_speech,160,8,-0.008769217133522033,-0.038762376345694065,0.021843025609850884,2000,777,paired_within_source_bootstrap,report_only
identity_lufsminus23,identity_wet1,sigmos_noise,160,8,-0.06486781537532807,-0.10401004634797573,-0.026674352660775204,2000,777,paired_within_source_bootstrap,report_only
identity_lufsminus23,identity_wet1,sigmos_coloration,160,8,-0.009963420033454896,-0.04724600519984961,0.025675233528017975,2000,777,paired_within_source_bootstrap,report_only
identity_lufsminus23,identity_wet1,sigmos_discontinuity,160,8,0.004143837094306946,-0.025412992238998414,0.03364529967308043,2000,777,paired_within_source_bootstrap,report_only
identity_lufsminus23,identity_wet1,audiobox_pq,160,8,-0.007882370054721833,-0.03042816702276468,0.011719028390944,2000,777,paired_within_source_bootstrap,report_only
identity_lufsminus23,identity_wet1,cer,160,8,-0.0012136196913651637,-0.0029031586707305677,0.00011708145447016041,2000,777,paired_within_source_bootstrap,report_only
identity_lufsminus23,identity_wet1,wer,160,8,-0.0012604166666666666,-0.004085069444444443,0.0014750868055555494,2000,777,paired_within_source_bootstrap,report_only
identity_lufsminus23,identity_wet1,parakeet_cer,160,8,0.000660835688955012,-0.001032393550063664,0.002765545340940277,2000,777,paired_within_source_bootstrap,report_only
identity_lufsminus23,identity_wet1,parakeet_wer,160,8,0.003949127320419693,-0.003281013544188862,0.01347477069040892,2000,777,paired_within_source_bootstrap,report_only
identity_lufsminus23,identity_wet1,ecapa_similarity,160,8,-5.470216274261475e-06,-1.623447984457016e-05,5.951616913080202e-07,2000,777,paired_within_source_bootstrap,report_only
identity_lufsminus23,identity_wet1,hf_burst_count,160,8,0.525,0.225,0.86875,2000,777,paired_within_source_bootstrap,report_only
