step,label,metric_value,train_mel,sigmos_10,sigmos_88
25000,25K,0.7021322846412659,45.502197265625,2.237205982208252,1.9661037921905518
50000,50K,0.6840920448303223,42.63134002685547,2.3567980527877808,2.359222650527954
75000,75K,0.6788291931152344,41.49159240722656,2.5460764169692993,2.4934855699539185
100000,100K,0.671245276927948,39.972877502441406,2.3617604970932007,2.5348758697509766
120000,120K,0.6732648611068726,39.38511276245117,2.597976326942444,2.5957366228103638
127000,127K,0.6650174856185913,39.24536895751953,2.7086492776870728,
131000,131K,0.6667690873146057,39.14529037475586,2.7092007398605347,
154000,154K,0.6723489165306091,38.44502639770508,2.561514377593994,
164000,164K,0.6620250940322876,38.193214416503906,2.9215214252471924,
170000,170K,0.6646908521652222,38.035484313964844,2.5611826181411743,
171000,171K,0.6608168482780457,38.040645599365234,2.701007604598999,
183000,183K,0.6610444188117981,37.79191207885742,2.90705406665802,
189000,189K,0.6591243147850037,37.65989685058594,2.683452010154724,
192000,192K,0.6654452681541443,37.50468444824219,2.6342592239379883,
