population,source_id,source,recordings,hours,median_sigmos,mean_sigmos,stddev_population,p05,p25,p75,p95,count_ge3_5,percent_ge3_5
full,all,All sources,80751,103.61171506944444,3.114254236221313,3.107545010027972,0.35369063373753656,2.5132287740707397,2.8760448694229126,3.3460339307785034,3.678889036178589,10608,13.136679421926663
full,opentts_mykyta,OpenTTS Mykyta,1417,1.3650763541666664,3.455081701278686,3.451214274808228,0.28946940322831516,2.9789942741394038,3.272170305252075,3.636079788208008,3.8953600883483888,603,42.55469301340861
full,opentts_tetiana,OpenTTS Tetiana,1568,1.8527107175925923,3.4069707393646236,3.3898245591898353,0.29966681155936825,2.8787796139717097,3.1843214631080627,3.5980905294418335,3.8579048275947563,583,37.18112244897959
full,fleurs_uk,FLEURS,1897,5.2709325462962955,3.206240177154541,3.1372170592837416,0.43037140540985397,2.334880495071411,2.874801635742187,3.440376996994018,3.7560818672180165,367,19.34633632050606
full,ukr_dialects,Ukrainian dialects,28335,47.927125439814816,3.166512727737426,3.156195868018739,0.3632439856985906,2.53846116065979,2.9222326278686523,3.401771783828735,3.7390647888183595,4858,17.14487383095112
full,tg_voices_uk,Telegram voices,618,0.5517352777777778,3.1413187980651847,3.1218440374510186,0.36864841295549167,2.526834285259247,2.875481069087982,3.3806760907173157,3.6994169950485225,93,15.048543689320388
full,common_voice_available_uk,Common Voice,41180,40.39029418981481,3.090529203414916,3.079047163312096,0.3310070204599231,2.5188181996345516,2.864450693130493,3.3033160567283626,3.6053569912910453,3980,9.664885866925692
full,ua_ser,UA SER,470,0.3298022800925926,2.9974948167800903,2.9860977847525416,0.3697949500406052,2.301300048828125,2.744893491268158,3.236182451248169,3.586459863185881,32,6.808510638297872
full,opentts_lada,OpenTTS Lada,5266,5.924038263888889,2.8924030065536495,2.890564589368224,0.28987142190061926,2.417774021625518,2.6974205374717712,3.0841774940490723,3.368711948394775,92,1.7470565894417016
train,all,All sources,10187,16.50494300925926,3.631656646728515,3.669990308434312,0.1470645403794612,3.511020565032959,3.5572893619537354,3.7452062368392944,3.955857753753662,10187,100.0
train,opentts_mykyta,OpenTTS Mykyta,581,0.6116004166666666,3.679002046585083,3.713391531354999,0.1727524538847061,3.515900611877441,3.583060503005981,3.809628963470459,4.023763656616211,581,100.0
train,opentts_tetiana,OpenTTS Tetiana,553,0.657820625,3.652073383331299,3.6906112585533375,0.14916099129484958,3.5143016338348385,3.573696374893188,3.779938697814941,3.959176540374756,553,100.0
train,fleurs_uk,FLEURS,352,1.0916808912037037,3.6484956741333003,3.6870188543742355,0.1429277120852023,3.512043750286102,3.5804184675216675,3.766123056411743,3.980425691604614,352,100.0
train,ukr_dialects,Ukrainian dialects,4670,9.727795254629628,3.6421089172363272,3.6801695872680535,0.15176045738727895,3.5113712549209595,3.5622482895851135,3.7643836736679073,3.973776710033417,4670,100.0
train,tg_voices_uk,Telegram voices,86,0.09985001157407407,3.625084519386291,3.684465469315995,0.1578364286513832,3.525148034095764,3.558800458908081,3.7434784173965454,4.000796258449554,86,100.0
train,common_voice_available_uk,Common Voice,3822,4.189514537037037,3.6124961376190186,3.647442523813073,0.13299573870283174,3.509559762477875,3.5480647683143616,3.708496332168579,3.903570747375488,3822,100.0
train,ua_ser,UA SER,32,0.023286666666666664,3.65444803237915,3.6865759268403053,0.16547239946990178,3.543721973896026,3.590116679668426,3.735125482082367,3.9092649698257445,32,100.0
train,opentts_lada,OpenTTS Lada,91,0.10339460648148148,3.567194700241089,3.606817263823289,0.10815881729615899,3.5024536848068237,3.53461217880249,3.6560479402542114,3.814396023750305,91,100.0
