batch_bins,batch_bins_per_second,batch_bins_per_training_second,checkpoint_valid,elapsed_seconds,maximum_check_interval_seconds,memory_reserve_gib,minimum_available_unified_memory_gib,minimum_free_disk_gib,nonfinite_model_tensors,optimizer_count,optimizer_steps,optimizer_steps_by_optimizer,power_max_watts,power_mean_watts,power_reference_watts,requested_steps,returncode,samples,steps_per_second,success,termination,training_seconds,training_steps_per_second,use_tf32,workers
2000000,1368063.2225939543,2208548.0704622245,True,146.19207409200317,5,,90.05016326904297,67.33263778686523,[],2,[100],"[[100], [100]]",53.89,45.69517241379311,100,100,0,30,0.6840316112969772,True,,90.557232,1.1042740352311122,False,4
2000000,1368548.2138565965,2227436.7258453174,True,146.14026599501085,5,,89.82981491088867,66.08799743652344,[],2,[100],"[[100], [100]]",54.16,45.505172413793105,100,100,0,30,0.6842741069282983,True,,89.789307,1.1137183629226586,True,4
2000000,1322903.5879394559,2200802.980573886,True,151.18259699599002,5,,88.61709213256836,64.83911514282227,[],2,[100],"[[100], [100]]",54.97,46.190666666666665,100,100,0,31,0.6614517939697279,True,,90.875922,1.100401490286943,False,8
2000000,1369150.5784739438,2228070.9828211605,True,146.07597085699672,5,,88.67652130126953,63.602760314941406,[],2,[100],"[[100], [100]]",54.43,45.62896551724138,100,100,0,30,0.6845752892369719,True,,89.763747,1.1140354914105803,True,8
4000000,1804338.2080389867,2456233.405495219,True,221.68792869200115,5,,63.554988861083984,62.35786056518555,[],2,[100],"[[100], [100]]",55.79,47.32704545454545,100,100,0,45,0.4510845520097467,True,,162.850973,0.6140583513738048,False,4
4000000,1845157.6032727903,2536564.4014582178,True,216.7836499660043,5,,63.6412353515625,61.11310577392578,[],2,[100],"[[100], [100]]",56.17,47.30046511627907,100,100,0,44,0.4612894008181976,True,,157.693611,0.6341411003645544,True,4
4000000,1845402.1787042893,2542712.5974557376,True,216.7549191260041,5,,63.070133209228516,59.867950439453125,[],2,[100],"[[100], [100]]",57.18,48.617209302325584,100,100,0,44,0.46135054467607234,True,,157.312313,0.6356781493639344,False,8
4000000,1845220.409669066,2539624.1041412484,True,216.7762712269905,5,,62.85573959350586,58.6231803894043,[],2,[100],"[[100], [100]]",56.62,47.2253488372093,100,100,0,44,0.4613051024172665,True,,157.503624,0.634906026035312,True,8
8000000,,,False,327.97555336900405,5,,0.0742645263671875,58.61705780029297,[],0,[],[],57.83,45.31775862068965,100,100,143,59,,False,,,,False,4
6000000,,,False,193.1261848550057,5,24.0,23.974620819091797,58.602882385253906,[],0,[],[],54.26,46.62973684210527,100,100,143,39,,False,"{""reason"": ""available_memory_below_reserve"", ""reserve_gib"": 24.0, ""available_gib"": 23.974620819091797}",,,False,4
