sample_id,source_id,original_sigmos_overall,processed_sigmos_overall,change
bd744dfcb13a4bc3,common_voice_available_uk,3.0931668281555176,3.102125406265259,0.008958578109741211
3629efade9dc9d0e,common_voice_available_uk,3.0878286361694336,3.27665638923645,0.1888277530670166
84647c0a102141c6,common_voice_available_uk,2.7286770343780518,3.223376512527466,0.49469947814941406
6c03301a3071c15b,common_voice_available_uk,3.1851558685302734,3.6276469230651855,0.4424910545349121
cbfd56eb3da1a4e8,common_voice_available_uk,3.0026283264160156,3.7340965270996094,0.7314682006835938
24ec86e44425eb2e,common_voice_available_uk,1.8856616020202637,3.0525290966033936,1.1668674945831299
0135d9e7c341b143,common_voice_available_uk,3.542668104171753,2.9339935779571533,-0.6086745262145996
6a5bd47b2ed86885,common_voice_available_uk,3.095689296722412,2.977206230163574,-0.11848306655883789
4ecfb59c39b134fc,common_voice_available_uk,3.3698861598968506,3.5653669834136963,0.1954808235168457
5133ff96c7655a6a,common_voice_available_uk,2.352478504180908,2.7050957679748535,0.3526172637939453
8533ec104c4a8f77,common_voice_available_uk,3.1190173625946045,3.7495031356811523,0.6304857730865479
5d364a6c2903e148,common_voice_available_uk,3.538736343383789,3.310652017593384,-0.22808432579040527
38fd6a3a807cdb79,common_voice_available_uk,2.739816904067993,3.1952033042907715,0.4553864002227783
ca34ec7922ab8b2d,common_voice_available_uk,3.1286566257476807,2.794985771179199,-0.33367085456848145
ab0e038430cc081c,common_voice_available_uk,3.2212727069854736,2.9228858947753906,-0.298386812210083
ff90f1ed5503526e,common_voice_available_uk,3.844521999359131,3.2916147708892822,-0.5529072284698486
7473140318a74b25,common_voice_available_uk,2.821192741394043,2.8278963565826416,0.006703615188598633
41d4e2df38c4b189,common_voice_available_uk,3.120582103729248,2.88665509223938,-0.23392701148986816
c3f9be4f84d2b726,common_voice_available_uk,3.189877510070801,3.296506643295288,0.1066291332244873
b09fe4f7cea768ec,common_voice_available_uk,3.0090134143829346,3.2858173847198486,0.27680397033691406
eb9c7a9c0d8f73a4,common_voice_available_uk,2.4284584522247314,2.5971899032592773,0.1687314510345459
1301ea43d77db291,common_voice_available_uk,2.9662766456604004,3.0173637866973877,0.051087141036987305
64d83204af96c39b,common_voice_available_uk,3.6897456645965576,3.4293065071105957,-0.2604391574859619
9674a4979706a3df,common_voice_available_uk,2.981020927429199,2.822066068649292,-0.15895485877990723
bf550da08426634d,common_voice_available_uk,3.1008403301239014,3.318108558654785,0.2172682285308838
578ab3ffd0615d7f,common_voice_available_uk,2.864337682723999,2.8412106037139893,-0.023127079010009766
3c96bcbce614c65c,common_voice_available_uk,2.3608953952789307,2.7699835300445557,0.409088134765625
0fe8215e64d6622c,common_voice_available_uk,3.0274248123168945,2.7190985679626465,-0.30832624435424805
cf94736feb4a459c,common_voice_available_uk,2.932988405227661,3.2364625930786133,0.30347418785095215
1f1d91b9f7e3fe0a,common_voice_available_uk,2.760632276535034,2.8479559421539307,0.08732366561889648
982c1557c707c37b,common_voice_available_uk,2.20271372795105,3.3276922702789307,1.1249785423278809
3c57bf263f27ea98,common_voice_available_uk,2.5665736198425293,2.901360511779785,0.33478689193725586
223134094e8e5ab0,common_voice_available_uk,3.3733437061309814,3.4236350059509277,0.05029129981994629
52add74227b0d21d,common_voice_available_uk,2.8577933311462402,3.235719680786133,0.3779263496398926
94a9ab653ca83902,common_voice_available_uk,3.7334742546081543,3.7127912044525146,-0.02068305015563965
fc6ff47c2e709833,common_voice_available_uk,2.2403934001922607,2.862722873687744,0.6223294734954834
347243982690b318,common_voice_available_uk,2.678581714630127,3.0640323162078857,0.3854506015777588
d8e32e33e5c1df29,common_voice_available_uk,2.6378865242004395,2.7730748653411865,0.13518834114074707
a6c984dd79145032,common_voice_available_uk,2.3827948570251465,2.683485269546509,0.3006904125213623
7670a5b617e193e2,common_voice_available_uk,3.5425729751586914,3.6245837211608887,0.08201074600219727
5079e636f7eeb344,common_voice_available_uk,2.532140016555786,3.1913199424743652,0.6591799259185791
b48e8f5f23dbf821,common_voice_available_uk,2.520066261291504,3.232203960418701,0.7121376991271973
49b0c44ecf616df0,common_voice_available_uk,2.2117838859558105,3.199737548828125,0.9879536628723145
2543d525814a0e4d,common_voice_available_uk,4.01768684387207,3.4385948181152344,-0.5790920257568359
459224798aad52a0,common_voice_available_uk,2.2897017002105713,3.2343854904174805,0.9446837902069092
1f390e8837ce18f9,common_voice_available_uk,2.35160756111145,2.819359064102173,0.46775150299072266
183485db68701b82,common_voice_available_uk,2.3483517169952393,3.141803741455078,0.7934520244598389
f83a422bcce4495a,common_voice_available_uk,3.2655954360961914,3.3460466861724854,0.08045125007629395
698677149661b1af,common_voice_available_uk,2.0131137371063232,3.1128153800964355,1.0997016429901123
a216b947907cd6e3,common_voice_available_uk,3.0349414348602295,2.9951999187469482,-0.03974151611328125
1958758f315c6fed,common_voice_available_uk,2.152219295501709,3.2104685306549072,1.0582492351531982
fbb09073bf2bc113,common_voice_available_uk,3.407184362411499,3.2113990783691406,-0.1957852840423584
8642f3af30e2913b,common_voice_available_uk,3.19860577583313,3.0658109188079834,-0.13279485702514648
e140008b97e6c254,common_voice_available_uk,2.990030527114868,2.8157575130462646,-0.17427301406860352
7e7f6a0e8e4dcbb7,common_voice_available_uk,2.899552583694458,3.0309112071990967,0.13135862350463867
3e1b6ee9cf5311cb,common_voice_available_uk,3.7803754806518555,3.0677125453948975,-0.712662935256958
d6416741c85c4c37,common_voice_available_uk,2.9720404148101807,3.607943296432495,0.6359028816223145
2604105ea068dbc6,common_voice_available_uk,3.425550937652588,2.8813042640686035,-0.5442466735839844
936349caad0d2f31,common_voice_available_uk,3.2888734340667725,3.0699522495269775,-0.21892118453979492
c5ba9a29d9559e4e,common_voice_available_uk,2.5307669639587402,2.6791234016418457,0.14835643768310547
92cf71770b640932,common_voice_available_uk,1.9272801876068115,3.2914276123046875,1.364147424697876
ee243b80f8d270bc,common_voice_available_uk,2.563239336013794,2.8865764141082764,0.3233370780944824
e65825d92c96e85c,common_voice_available_uk,3.1487138271331787,3.3678152561187744,0.2191014289855957
9d8a687bbf269efe,common_voice_available_uk,2.9526076316833496,2.984572649002075,0.031965017318725586
09f874e3e1198079,common_voice_available_uk,2.318509340286255,2.740845203399658,0.4223358631134033
7dbdb0f73921e411,common_voice_available_uk,2.584848403930664,3.196213960647583,0.611365556716919
e073bf83b39678d8,common_voice_available_uk,2.7532501220703125,3.109508752822876,0.3562586307525635
4b22ce3678eb514b,common_voice_available_uk,2.906561851501465,3.2170374393463135,0.31047558784484863
de07ff82ae6c5dc2,common_voice_available_uk,3.1519711017608643,3.116453170776367,-0.03551793098449707
f6c698e842cbe8fb,common_voice_available_uk,3.185530424118042,3.14963960647583,-0.035890817642211914
738b587122caeb66,common_voice_available_uk,3.5024147033691406,2.631688356399536,-0.8707263469696045
a540167ea41f6956,common_voice_available_uk,3.274965763092041,2.897660732269287,-0.3773050308227539
04ebfca283f7b979,common_voice_available_uk,3.1627280712127686,3.139207601547241,-0.023520469665527344
8600fde5ece1e1ce,common_voice_available_uk,2.5882821083068848,2.6179206371307373,0.02963852882385254
a2bc03280fea1efd,common_voice_available_uk,3.53585147857666,3.6192750930786133,0.08342361450195312
190cf023178e4b18,common_voice_available_uk,2.738523006439209,2.8939173221588135,0.1553943157196045
f2bf7d3764df7fd5,common_voice_available_uk,3.270273447036743,3.4299614429473877,0.15968799591064453
ff34d3911b4d2db0,common_voice_available_uk,2.622591257095337,2.3271725177764893,-0.29541873931884766
e27c556ac0c8b09a,common_voice_available_uk,3.6052138805389404,3.638676643371582,0.0334627628326416
3259a8bb7087bd10,common_voice_available_uk,2.587193727493286,2.738797187805176,0.15160346031188965
a8f8f18e9e73e8b1,common_voice_available_uk,3.1860198974609375,2.7597877979278564,-0.42623209953308105
cf62baa6bea3511c,common_voice_available_uk,2.909571886062622,3.5611720085144043,0.6516001224517822
24a43c098e24f6d3,common_voice_available_uk,2.8194761276245117,2.6691524982452393,-0.15032362937927246
ab87cc7022597587,common_voice_available_uk,3.242422580718994,3.404022216796875,0.16159963607788086
2bd6ff5c75a47b3c,common_voice_available_uk,2.844057083129883,2.865269422531128,0.021212339401245117
25e5c2a8d846a852,common_voice_available_uk,2.2977705001831055,2.9409120082855225,0.643141508102417
418a9b5fbccf4410,common_voice_available_uk,3.012345790863037,2.983415126800537,-0.0289306640625
ac78771565774557,common_voice_available_uk,3.119849681854248,2.740074872970581,-0.379774808883667
248a9b242b97ecd0,common_voice_available_uk,2.6930313110351562,2.7483744621276855,0.0553431510925293
9de8e4748ff30aa1,common_voice_available_uk,2.114504814147949,3.0835399627685547,0.9690351486206055
0ea058639601775d,common_voice_available_uk,2.9008641242980957,3.340249538421631,0.43938541412353516
8ff70b5855192e81,common_voice_available_uk,2.775181770324707,2.832874298095703,0.057692527770996094
97b30e2faa6675a7,common_voice_available_uk,3.0161240100860596,3.1074130535125732,0.09128904342651367
7b859444522a56d6,common_voice_available_uk,2.2956531047821045,2.81329345703125,0.5176403522491455
67984f788bbcdd8d,common_voice_available_uk,3.2924845218658447,2.5561349391937256,-0.7363495826721191
16ae0891ea877b7e,common_voice_available_uk,2.692415952682495,3.3718059062957764,0.6793899536132812
0f729ca38c51f5da,common_voice_available_uk,2.7875397205352783,3.448166608810425,0.6606268882751465
e5e3dcf80a7a02be,common_voice_available_uk,3.94094181060791,3.3839988708496094,-0.5569429397583008
911fb24b28518351,common_voice_available_uk,3.4520797729492188,2.8514277935028076,-0.6006519794464111
844aa12bcd11ccdb,common_voice_available_uk,3.3153164386749268,3.3500490188598633,0.03473258018493652
959a1c6cab14e4d4,fleurs_uk,3.3554751873016357,3.4692842960357666,0.11380910873413086
fefd0259ff637326,fleurs_uk,3.2513768672943115,3.0411736965179443,-0.2102031707763672
a381bc8d75f3eb60,fleurs_uk,3.0032799243927,2.880664825439453,-0.12261509895324707
5558b228f9fb7124,fleurs_uk,3.220578193664551,3.117220640182495,-0.10335755348205566
b30673863ffb037d,fleurs_uk,3.141678810119629,3.3534154891967773,0.21173667907714844
c5b7866904cce653,fleurs_uk,3.354055166244507,3.236530303955078,-0.11752486228942871
c832793e984ec4ad,fleurs_uk,3.648552894592285,3.3046886920928955,-0.34386420249938965
f74bd666161897df,fleurs_uk,3.244079113006592,3.6502203941345215,0.4061412811279297
a90e40527649a849,fleurs_uk,2.85858416557312,2.792879581451416,-0.0657045841217041
909d184fdcd7f465,fleurs_uk,3.367056131362915,3.2531659603118896,-0.11389017105102539
5037571598709644,fleurs_uk,2.301875114440918,3.478142261505127,1.176267147064209
899793d24bd70411,fleurs_uk,2.9302587509155273,2.9999852180480957,0.06972646713256836
715676cbceb6f9c3,fleurs_uk,2.753363609313965,3.750669002532959,0.9973053932189941
85ca359309837202,fleurs_uk,3.3359639644622803,3.3731844425201416,0.03722047805786133
2b1dd8402ce5d536,fleurs_uk,3.109419107437134,3.154853343963623,0.04543423652648926
2089464e1fd713a6,fleurs_uk,3.0381999015808105,3.325467824935913,0.28726792335510254
7079d2ab052b067c,fleurs_uk,3.430734395980835,3.3687033653259277,-0.06203103065490723
fa71a8a80791f4ab,fleurs_uk,2.884127616882324,3.289271354675293,0.40514373779296875
6df018bdc9ae9404,fleurs_uk,2.9078457355499268,3.3687314987182617,0.46088576316833496
bd9cfe27e08bb814,fleurs_uk,2.6649556159973145,2.917595386505127,0.2526397705078125
efd141fab8cb2a03,fleurs_uk,3.032992124557495,2.606428384780884,-0.42656373977661133
fa44e451a4684ec5,fleurs_uk,2.7544918060302734,3.2706451416015625,0.5161533355712891
cbf905fca130b00c,fleurs_uk,2.5053298473358154,2.4293596744537354,-0.07597017288208008
65bab893d591c920,fleurs_uk,2.9354755878448486,3.7037160396575928,0.7682404518127441
ab1b2261eb178b37,fleurs_uk,2.069657802581787,2.305098056793213,0.23544025421142578
15e1f33a590fa5d2,fleurs_uk,3.472278118133545,3.471301794052124,-0.0009763240814208984
caa96ffc8a50db0a,fleurs_uk,3.147279977798462,3.6028220653533936,0.45554208755493164
53e7cf21713ad2e1,fleurs_uk,3.827563524246216,3.3351855278015137,-0.49237799644470215
de98bdcd8fe80564,fleurs_uk,3.2776432037353516,3.3205647468566895,0.04292154312133789
6fa4a717622444f8,fleurs_uk,2.7632076740264893,3.690830707550049,0.9276230335235596
4a4d08bebc42b317,fleurs_uk,2.51828670501709,3.4831955432891846,0.9649088382720947
d01073aaf9fe19e1,fleurs_uk,3.0771515369415283,3.236633062362671,0.15948152542114258
22a1fd4042f42034,fleurs_uk,3.2263567447662354,3.599730968475342,0.37337422370910645
4738fc04a1e4189e,fleurs_uk,2.974071502685547,4.123654365539551,1.149582862854004
fe393cbcd4c75050,fleurs_uk,2.8478751182556152,3.36204195022583,0.5141668319702148
c3f42dd599b43df9,fleurs_uk,3.1567342281341553,3.1144988536834717,-0.042235374450683594
c990d6277b807d72,fleurs_uk,2.4870593547821045,2.165102005004883,-0.3219573497772217
ee5e4637dffa94a2,fleurs_uk,3.3033828735351562,3.4685699939727783,0.16518712043762207
eee1753076a7de8f,fleurs_uk,2.3970248699188232,3.5771687030792236,1.1801438331604004
f52f97e9d64af685,fleurs_uk,2.821031093597412,2.8963162899017334,0.07528519630432129
327108867eaaa2da,fleurs_uk,2.2570858001708984,3.6806466579437256,1.4235608577728271
83c307693927f61f,fleurs_uk,2.948049545288086,2.983079195022583,0.03502964973449707
e5bb518608bfdb7d,fleurs_uk,3.0710198879241943,3.5793795585632324,0.5083596706390381
5691f663ddaec5b5,fleurs_uk,3.4332971572875977,3.3849563598632812,-0.048340797424316406
55d68ad35312f5dd,fleurs_uk,2.858308792114258,3.2951998710632324,0.4368910789489746
a27cd8f0d418a777,fleurs_uk,3.53610897064209,3.0768418312072754,-0.45926713943481445
794cb4991dbc7609,fleurs_uk,3.9802489280700684,3.5588865280151367,-0.42136240005493164
f33621494d6e16b1,fleurs_uk,2.8817999362945557,2.7300543785095215,-0.15174555778503418
a5f851ef061a7203,fleurs_uk,3.1784276962280273,3.106006383895874,-0.07242131233215332
d090e200f4cc636c,fleurs_uk,3.9459471702575684,3.3671419620513916,-0.5788052082061768
e982fb32bb0b099e,fleurs_uk,3.2405030727386475,3.922909736633301,0.6824066638946533
1e7c62bd46d20f2f,fleurs_uk,2.4960293769836426,2.417160987854004,-0.07886838912963867
ca507cf5283e14fe,fleurs_uk,2.948080539703369,3.3042235374450684,0.3561429977416992
0467f502d836f78d,fleurs_uk,2.3969507217407227,3.1062681674957275,0.7093174457550049
333b67b57a0d2b71,fleurs_uk,3.2608118057250977,3.4064295291900635,0.14561772346496582
ca195eb9cde9d3c7,fleurs_uk,2.7757608890533447,3.305513858795166,0.5297529697418213
735df4c409f942b8,fleurs_uk,2.817854881286621,3.791593313217163,0.973738431930542
354818c76e7c2e34,fleurs_uk,2.3291211128234863,3.4467012882232666,1.1175801753997803
a6941dfe32692f98,fleurs_uk,3.49774432182312,3.2768149375915527,-0.22092938423156738
7b2374559c058ccb,fleurs_uk,3.844522714614868,3.156268835067749,-0.6882538795471191
4033a0a142097204,fleurs_uk,2.860983371734619,3.2340211868286133,0.37303781509399414
a52a91ca78ee3ab3,fleurs_uk,2.8491876125335693,3.17467999458313,0.32549238204956055
debdc6a4c5a4f3c6,fleurs_uk,2.644737720489502,2.923760414123535,0.2790226936340332
5eb6300304d1d12b,fleurs_uk,3.4038429260253906,4.039986610412598,0.636143684387207
868a3bdab88599ee,fleurs_uk,2.864945650100708,3.7265233993530273,0.8615777492523193
8698daf0e9701268,fleurs_uk,2.84867000579834,3.3911852836608887,0.5425152778625488
8d594f701ffd3ba4,fleurs_uk,3.148993492126465,3.420799493789673,0.271806001663208
33e0e64ffb911169,fleurs_uk,2.718790054321289,3.5213463306427,0.8025562763214111
cc3cbeb88a0ca00b,fleurs_uk,3.6527180671691895,3.7316737174987793,0.07895565032958984
8689b5eec74f2fff,fleurs_uk,3.2438106536865234,3.224628448486328,-0.019182205200195312
ac9151cf24a412e1,fleurs_uk,2.668008804321289,3.7435381412506104,1.0755293369293213
a45c10147c84d9f8,fleurs_uk,2.5824480056762695,2.5058486461639404,-0.0765993595123291
a8763d00c05c7270,fleurs_uk,3.311089277267456,3.507018804550171,0.19592952728271484
69aafe87d955ba4b,fleurs_uk,3.2850003242492676,3.1227574348449707,-0.16224288940429688
f654a2482168dbd9,fleurs_uk,2.6165339946746826,3.598345994949341,0.9818120002746582
f16b002601063e11,fleurs_uk,2.8387534618377686,3.238081693649292,0.39932823181152344
584722206ba5ea87,fleurs_uk,3.097309112548828,3.2893948554992676,0.19208574295043945
222a96e0d7dd0ce7,fleurs_uk,3.2197682857513428,3.6367027759552,0.4169344902038574
4046a6918cbc6198,fleurs_uk,2.811324119567871,2.288926601409912,-0.522397518157959
f0495e9522a7580f,fleurs_uk,2.69112491607666,2.6216249465942383,-0.06949996948242188
d3c65f60de08cc59,fleurs_uk,2.762763500213623,3.491530179977417,0.728766679763794
804a5cfa9e39d4c0,fleurs_uk,2.5662927627563477,3.1619396209716797,0.595646858215332
d9356cbfb7795081,fleurs_uk,2.5487112998962402,3.1578173637390137,0.6091060638427734
a137d8e70532b244,fleurs_uk,3.4546542167663574,3.4095346927642822,-0.045119524002075195
b47e47b723203d93,fleurs_uk,2.883901357650757,3.3020846843719482,0.4181833267211914
d4455526189dee42,fleurs_uk,2.7842864990234375,2.5895371437072754,-0.1947493553161621
e677a32e926ce1d5,fleurs_uk,3.1054816246032715,3.3757238388061523,0.27024221420288086
1c3410a58f3482b4,fleurs_uk,3.2631258964538574,3.7800803184509277,0.5169544219970703
88157b1754b1f7fc,fleurs_uk,3.2338409423828125,3.4643688201904297,0.2305278778076172
d60a45ed449aa919,fleurs_uk,3.3669121265411377,3.187321901321411,-0.17959022521972656
51a1f94f96449920,fleurs_uk,1.9867267608642578,3.4275190830230713,1.4407923221588135
4e3c5ab1819b3e25,fleurs_uk,3.1507720947265625,3.027984857559204,-0.1227872371673584
92ed791b24f80b91,fleurs_uk,3.098604202270508,4.03256893157959,0.933964729309082
9402e75a29af9903,fleurs_uk,2.352933883666992,2.6192779541015625,0.2663440704345703
079895761aba879c,fleurs_uk,3.366473913192749,2.6874077320098877,-0.6790661811828613
10cdf3773f922512,fleurs_uk,3.304365396499634,3.435532808303833,0.13116741180419922
8f3c95d98fcf2542,fleurs_uk,2.609689235687256,2.6694319248199463,0.05974268913269043
3c418e8b71f5cea6,fleurs_uk,3.6737823486328125,3.746286153793335,0.07250380516052246
21c35569bc050375,fleurs_uk,3.396800994873047,3.579033374786377,0.18223237991333008
cf89152cdd4870d0,fleurs_uk,3.241652011871338,3.1932148933410645,-0.04843711853027344
eb898a121f485b26,opentts_lada,3.069099187850952,2.760340452194214,-0.3087587356567383
e8449482430bafd8,opentts_lada,2.560267210006714,2.8284435272216797,0.2681763172149658
21bb6688a0a1113f,opentts_lada,2.489030122756958,2.5130326747894287,0.024002552032470703
0dd5f5a8f9a09cc5,opentts_lada,3.0023248195648193,2.183443546295166,-0.8188812732696533
a62f0a11f72e0935,opentts_lada,3.052204132080078,3.3215200901031494,0.2693159580230713
7a5dcfae51994d97,opentts_lada,2.9537060260772705,2.669315814971924,-0.2843902111053467
6a0d36c4b3017098,opentts_lada,2.8524258136749268,3.0233819484710693,0.17095613479614258
ed7746419b367042,opentts_lada,3.0183165073394775,2.951744556427002,-0.06657195091247559
14cfdbc496752bee,opentts_lada,3.243185520172119,3.032275915145874,-0.21090960502624512
b3a0725d52e4df4a,opentts_lada,3.3844237327575684,3.2548842430114746,-0.12953948974609375
2c77c8ce4c9a8e81,opentts_lada,3.122272253036499,2.735588312149048,-0.38668394088745117
13376eeaa2862f39,opentts_lada,2.654310703277588,3.1808412075042725,0.5265305042266846
fd0881c5cac462ed,opentts_lada,2.999587297439575,3.020115613937378,0.020528316497802734
8f098940e429bdf0,opentts_lada,2.9901087284088135,2.722778797149658,-0.2673299312591553
6883c011c9ab0f41,opentts_lada,2.5144197940826416,2.6837871074676514,0.16936731338500977
15c1b955fd45d0cb,opentts_lada,3.1425187587738037,3.1845595836639404,0.04204082489013672
d87767e09ae3c0a7,opentts_lada,2.9221365451812744,2.748380661010742,-0.17375588417053223
8de6fd86720527cf,opentts_lada,3.1476666927337646,2.634648084640503,-0.5130186080932617
0d420c948e3fca43,opentts_lada,2.9544951915740967,2.4836838245391846,-0.4708113670349121
b7c03ad16de492da,opentts_lada,3.1799557209014893,2.733757257461548,-0.4461984634399414
0f5525a960cd2733,opentts_lada,2.9668989181518555,3.0155296325683594,0.048630714416503906
faefb12a08a739b4,opentts_lada,2.801025629043579,2.9364774227142334,0.1354517936706543
c0cf2c236786cfe1,opentts_lada,3.218287706375122,3.119729518890381,-0.09855818748474121
a1cc283cf940e383,opentts_lada,2.7820088863372803,3.0992772579193115,0.31726837158203125
23c007617141ed90,opentts_lada,2.8034119606018066,2.6068098545074463,-0.19660210609436035
812f332833a170a3,opentts_lada,2.915781259536743,2.8730154037475586,-0.04276585578918457
fac6abf113898efb,opentts_lada,2.998107671737671,2.2765073776245117,-0.7216002941131592
e9a72a1613b465ae,opentts_lada,3.476891040802002,2.6880781650543213,-0.7888128757476807
3370cc314324afd0,opentts_lada,3.249415874481201,2.69852352142334,-0.5508923530578613
ec2af6a0a797fee2,opentts_lada,3.083216667175293,3.342473030090332,0.25925636291503906
5f9e3d1b5205c791,opentts_lada,3.1510775089263916,2.833198308944702,-0.31787919998168945
36d8c7ae4a7d8fcc,opentts_lada,2.601682186126709,2.1971874237060547,-0.4044947624206543
5d9cc95c0c3b48cb,opentts_lada,3.156080961227417,2.4235479831695557,-0.7325329780578613
a7cd21518394e414,opentts_lada,3.0629079341888428,2.6714060306549072,-0.39150190353393555
8398aa249a64e7dd,opentts_lada,2.811452865600586,3.2764041423797607,0.4649512767791748
8fe3928a78329cf5,opentts_lada,3.683563470840454,2.7617814540863037,-0.9217820167541504
89af8e11c37988c5,opentts_lada,2.746321678161621,3.335259199142456,0.588937520980835
37660310fa3b4d6d,opentts_lada,2.791022777557373,2.7916696071624756,0.0006468296051025391
ae86e1b727ab4994,opentts_lada,2.818969488143921,2.765676259994507,-0.05329322814941406
c23113a06a84767d,opentts_lada,2.809053897857666,2.934032678604126,0.12497878074645996
2e1312c52e3a30c1,opentts_lada,3.567786693572998,3.061220407485962,-0.5065662860870361
cb52983eab2b2756,opentts_lada,3.0969624519348145,3.1071674823760986,0.01020503044128418
c136c6d30b2df2ce,opentts_lada,2.970701217651367,2.7892069816589355,-0.18149423599243164
b4e8a408cefc180c,opentts_lada,2.8743679523468018,3.355015277862549,0.48064732551574707
63b846f0797232dd,opentts_lada,3.12748122215271,2.8284473419189453,-0.29903388023376465
8572e866f1dc645a,opentts_lada,2.7112696170806885,3.2101054191589355,0.49883580207824707
b47d33d39090f18c,opentts_lada,1.9715361595153809,2.841456651687622,0.8699204921722412
ae7464dd19369d7c,opentts_lada,3.383725643157959,2.5376803874969482,-0.8460452556610107
1392e9cab03d35ac,opentts_lada,3.0930418968200684,3.4885833263397217,0.3955414295196533
0d8baee843210a93,opentts_lada,3.21573543548584,2.5760231018066406,-0.6397123336791992
8ef25dfa5c938f24,opentts_lada,3.1653599739074707,2.8819782733917236,-0.28338170051574707
40ca8ab75d42caf5,opentts_lada,2.3184287548065186,2.976696491241455,0.6582677364349365
c3a385cebac82c87,opentts_lada,3.092108726501465,2.810495615005493,-0.2816131114959717
50b57b7a80c645f6,opentts_lada,3.1359732151031494,3.537775754928589,0.40180253982543945
8050544d45d48e02,opentts_lada,2.535951852798462,2.7881641387939453,0.2522122859954834
f1a3a5a7e7156e30,opentts_lada,2.7960832118988037,2.0824217796325684,-0.7136614322662354
367cf4190991df76,opentts_lada,2.697876453399658,2.6402158737182617,-0.057660579681396484
38f52c8e92c8c314,opentts_lada,3.364104986190796,3.3512587547302246,-0.012846231460571289
9563831fae486725,opentts_lada,2.780602216720581,2.8263115882873535,0.04570937156677246
500da6c2d85b4239,opentts_lada,3.006932497024536,2.8440439701080322,-0.1628885269165039
6d435c25ec88193a,opentts_lada,3.285524368286133,2.4938738346099854,-0.7916505336761475
754d3aa83fff6c31,opentts_lada,3.138582706451416,2.467341661453247,-0.671241044998169
c6033c8f5d1b61f0,opentts_lada,2.6547560691833496,2.9383888244628906,0.283632755279541
4115fa4f711a73c3,opentts_lada,2.916322946548462,3.051222324371338,0.13489937782287598
22aae211e4a9f6bb,opentts_lada,3.210618734359741,2.671402931213379,-0.5392158031463623
afcd21da27e9d366,opentts_lada,3.182661771774292,3.0283913612365723,-0.15427041053771973
2cfc2221e4930a13,opentts_lada,3.147832155227661,3.029299020767212,-0.11853313446044922
60a88bb5a86a6769,opentts_lada,3.1227946281433105,2.8751819133758545,-0.24761271476745605
993562ae800f5241,opentts_lada,2.8983633518218994,2.8048486709594727,-0.09351468086242676
1638d7672e185d8d,opentts_lada,3.343200445175171,3.863579750061035,0.5203793048858643
e54cb0321b792fb3,opentts_lada,3.121899366378784,3.1729347705841064,0.051035404205322266
d2ce58ca31ea83b0,opentts_lada,2.365121364593506,2.687138795852661,0.3220174312591553
5304f7031602317a,opentts_lada,3.1119041442871094,3.2559473514556885,0.1440432071685791
6631f5ca7fe6482d,opentts_lada,2.7742645740509033,2.391608953475952,-0.38265562057495117
3ffe87a8fbd2ba55,opentts_lada,2.732074737548828,3.294187068939209,0.5621123313903809
d97c3ffd13bab92d,opentts_lada,2.5315182209014893,2.976811647415161,0.4452934265136719
e9811b7c2ddd4e3b,opentts_lada,3.2774105072021484,3.074436664581299,-0.2029738426208496
db9a783efaeefc90,opentts_lada,2.9833157062530518,2.913318634033203,-0.06999707221984863
3faa153457aa9053,opentts_lada,3.0445451736450195,2.8148958683013916,-0.22964930534362793
0b791c8fee95553d,opentts_lada,3.4762673377990723,3.0505642890930176,-0.4257030487060547
e951bb2bb584ed3b,opentts_lada,3.4358909130096436,3.6838765144348145,0.2479856014251709
de17a05f28fba27d,opentts_lada,2.90989089012146,2.947248935699463,0.03735804557800293
a46c4e3dd06a9aaf,opentts_lada,2.8306756019592285,2.9983465671539307,0.16767096519470215
3239037655f3c62b,opentts_lada,3.097493886947632,2.8707761764526367,-0.22671771049499512
0926bee71f6de28a,opentts_lada,2.61250638961792,3.1638333797454834,0.5513269901275635
15216fcd52dfed59,opentts_lada,2.6489851474761963,2.8630292415618896,0.21404409408569336
b2d2f9b372cebb9a,opentts_lada,3.21006178855896,3.3544185161590576,0.14435672760009766
6a7781dfa09ea82e,opentts_lada,2.628197431564331,2.2261295318603516,-0.4020678997039795
1f0ad04adc6756b7,opentts_lada,2.866530418395996,2.9842052459716797,0.1176748275756836
e576487c8a8d17b7,opentts_lada,2.721649408340454,2.8461878299713135,0.12453842163085938
c38700278b6b82f4,opentts_lada,3.111786365509033,2.9646787643432617,-0.14710760116577148
d93fc4c98890ebf0,opentts_lada,2.920152187347412,2.6961212158203125,-0.2240309715270996
f7e215626f22d612,opentts_lada,3.3044559955596924,2.7117884159088135,-0.5926675796508789
f03f962b4c44f815,opentts_lada,2.979132890701294,3.142549514770508,0.16341662406921387
eb744d66547433cf,opentts_lada,3.060539960861206,2.4373724460601807,-0.6231675148010254
cc9834c73af666b8,opentts_lada,3.3044211864471436,3.0650811195373535,-0.23934006690979004
346d44fa77ff8baa,opentts_lada,2.8064463138580322,3.870335578918457,1.0638892650604248
fd4fada003f9d13c,opentts_lada,2.7889294624328613,3.321925640106201,0.5329961776733398
b77683880022388b,opentts_lada,3.106837511062622,2.7619965076446533,-0.34484100341796875
ceffff0097a3c337,opentts_lada,2.935009479522705,3.0331857204437256,0.09817624092102051
d9142a1825f6670e,opentts_mykyta,3.7003934383392334,3.4008145332336426,-0.2995789051055908
58a476fc30599f00,opentts_mykyta,2.8068807125091553,2.6248092651367188,-0.18207144737243652
a873e806b8130af9,opentts_mykyta,4.177424430847168,3.7117650508880615,-0.46565937995910645
46aa2e4062987a5d,opentts_mykyta,3.246403932571411,3.294949531555176,0.04854559898376465
3a2012d91c2c6df9,opentts_mykyta,3.695319414138794,3.4915740489959717,-0.20374536514282227
1853fc4b9f791b61,opentts_mykyta,3.8128113746643066,3.651214361190796,-0.16159701347351074
1f1ae89bb0ffb8b8,opentts_mykyta,3.1419968605041504,3.3765697479248047,0.2345728874206543
11a93ede4910d3dd,opentts_mykyta,3.503366708755493,3.736896514892578,0.23352980613708496
93bfc7f74dde98e1,opentts_mykyta,3.5142030715942383,3.7426555156707764,0.22845244407653809
c227e2b3fb38f248,opentts_mykyta,3.350313663482666,3.7673048973083496,0.4169912338256836
8e1d3dd1aac3927d,opentts_mykyta,3.943288564682007,3.828179359436035,-0.11510920524597168
26bdebf13abce380,opentts_mykyta,3.7122116088867188,3.4114904403686523,-0.3007211685180664
068c6b39972a03f6,opentts_mykyta,3.827002763748169,4.083901405334473,0.2568986415863037
33d5751b554e65c1,opentts_mykyta,3.592682123184204,3.2177085876464844,-0.3749735355377197
d411f0cb05023318,opentts_mykyta,3.96547269821167,3.6800482273101807,-0.28542447090148926
83e20366aa3cd58e,opentts_mykyta,3.731919288635254,3.990650177001953,0.2587308883666992
0fa020189e7c14d7,opentts_mykyta,4.22585391998291,3.723738670349121,-0.5021152496337891
b218e5f5481f2829,opentts_mykyta,3.9501774311065674,3.4016923904418945,-0.5484850406646729
893ac17a096d2adf,opentts_mykyta,3.4265286922454834,3.751340866088867,0.3248121738433838
8683742dfe90c138,opentts_mykyta,3.0272719860076904,3.4982824325561523,0.4710104465484619
cab9c4d164655544,opentts_mykyta,3.9552955627441406,3.594223976135254,-0.3610715866088867
71f0271b5dfe44f8,opentts_mykyta,3.6436779499053955,3.3563804626464844,-0.28729748725891113
d1b2cd8e8e3b9e91,opentts_mykyta,3.569424629211426,3.371976613998413,-0.1974480152130127
6057d3ad2ee84619,opentts_mykyta,3.347210645675659,3.3703720569610596,0.02316141128540039
e482532f1c169286,opentts_mykyta,3.251960515975952,3.3985583782196045,0.14659786224365234
b60e2ca45d3ebc8a,opentts_mykyta,3.0742082595825195,3.3284690380096436,0.254260778427124
af8eeb0bdaaf6faf,opentts_mykyta,4.159867286682129,3.624973773956299,-0.5348935127258301
38f2f5441396d96c,opentts_mykyta,3.7122507095336914,3.418276786804199,-0.2939739227294922
d944b26bf4c847b1,opentts_mykyta,3.543809652328491,3.7910830974578857,0.24727344512939453
bb95b943aaeb4c5e,opentts_mykyta,3.2546792030334473,3.6051807403564453,0.35050153732299805
ce673f8d30ab8f12,opentts_mykyta,3.7022907733917236,3.5469064712524414,-0.15538430213928223
eb7ee2068c5040e2,opentts_mykyta,4.031274795532227,3.5020627975463867,-0.5292119979858398
650a0b090c1c3aa2,opentts_mykyta,3.717782735824585,3.538174867630005,-0.17960786819458008
54128cb05339f5b0,opentts_mykyta,3.4920406341552734,3.754462242126465,0.2624216079711914
cc5d36cab9c23040,opentts_mykyta,3.5478110313415527,3.4181079864501953,-0.12970304489135742
89a174d7aca41048,opentts_mykyta,3.294743776321411,3.287977933883667,-0.006765842437744141
40710901d6cb8262,opentts_mykyta,3.7598466873168945,3.863839864730835,0.10399317741394043
ec6d1dbdf3184832,opentts_mykyta,3.68377423286438,3.632563829421997,-0.05121040344238281
9a04b60abe51ab96,opentts_mykyta,3.431676149368286,3.9344420433044434,0.5027658939361572
1020265fb84912cd,opentts_mykyta,4.0044097900390625,3.873263120651245,-0.13114666938781738
28cdbef953fe3a3d,opentts_mykyta,3.590174913406372,3.5502068996429443,-0.039968013763427734
816a74e16fd172b3,opentts_mykyta,3.3278238773345947,3.1681113243103027,-0.159712553024292
3ae6136844cf3860,opentts_mykyta,4.089045524597168,3.6068899631500244,-0.48215556144714355
45c74b66f4e52208,opentts_mykyta,3.4602267742156982,3.828733205795288,0.36850643157958984
24853fa87a94d515,opentts_mykyta,3.3643815517425537,3.4798076152801514,0.11542606353759766
ae9b420e7bff1109,opentts_mykyta,3.8125555515289307,3.7515087127685547,-0.06104683876037598
665b5819f3675c27,opentts_mykyta,3.6561524868011475,3.6902263164520264,0.034073829650878906
8d75b459ab38ab77,opentts_mykyta,3.303189277648926,3.389615535736084,0.0864262580871582
d9495281ebad598c,opentts_mykyta,3.951099395751953,4.004103183746338,0.053003787994384766
702d94d54b2de6ea,opentts_mykyta,3.919476270675659,3.739137649536133,-0.18033862113952637
759503caf060248e,opentts_mykyta,3.656785726547241,3.5028741359710693,-0.15391159057617188
9aa6e3a376121857,opentts_mykyta,3.8293473720550537,3.4819071292877197,-0.347440242767334
6eb6a11b059b40ed,opentts_mykyta,3.562629461288452,3.2915263175964355,-0.2711031436920166
c3d00006e0bfca7f,opentts_mykyta,4.6124372482299805,3.90923810005188,-0.7031991481781006
172b480844041235,opentts_mykyta,3.5046322345733643,3.5306098461151123,0.025977611541748047
3e5148008feaa9d6,opentts_mykyta,3.2829277515411377,4.06969690322876,0.7867691516876221
779b30fd4a6ef945,opentts_mykyta,4.193976879119873,3.613187313079834,-0.5807895660400391
c2022c0fb7fb3cbb,opentts_mykyta,3.8417391777038574,3.5650973320007324,-0.276641845703125
0e70b22afd9d6907,opentts_mykyta,3.6054983139038086,3.6831777095794678,0.07767939567565918
0b4fcd3172eb7286,opentts_mykyta,3.5029563903808594,3.571568489074707,0.06861209869384766
b341789359dce578,opentts_mykyta,3.428724527359009,3.3372862339019775,-0.09143829345703125
56af01b39e804540,opentts_mykyta,3.5824875831604004,3.603419065475464,0.020931482315063477
08cd68b8108e009a,opentts_mykyta,3.496098518371582,3.6880688667297363,0.1919703483581543
1225dbcf200ac14c,opentts_mykyta,3.6082117557525635,3.5480778217315674,-0.060133934020996094
7faeadec8c57496d,opentts_mykyta,3.414874315261841,3.6282804012298584,0.21340608596801758
fe82a6bad6876302,opentts_mykyta,3.527172327041626,3.744765281677246,0.21759295463562012
857380e9a1187eb1,opentts_mykyta,4.275016784667969,3.2590270042419434,-1.0159897804260254
460b4d2feca22ce8,opentts_mykyta,3.598358392715454,2.9898736476898193,-0.6084847450256348
b62f01cd9805b14d,opentts_mykyta,3.899083375930786,3.101228713989258,-0.7978546619415283
f4d8e81a756dff64,opentts_mykyta,4.161597728729248,3.5895168781280518,-0.5720808506011963
146cb3c3efe048dc,opentts_mykyta,3.5516650676727295,3.417909860610962,-0.13375520706176758
24653ff6f29be580,opentts_mykyta,3.5674543380737305,3.530210494995117,-0.03724384307861328
9a1b36f9c0d29651,opentts_mykyta,4.0789031982421875,3.4030532836914062,-0.6758499145507812
e60157d50f82490e,opentts_mykyta,3.7889788150787354,3.292839765548706,-0.4961390495300293
0ade7737eb81422c,opentts_mykyta,3.5454020500183105,4.024264812469482,0.4788627624511719
8ffb075bfd746701,opentts_mykyta,3.5226938724517822,3.764446496963501,0.24175262451171875
106e7c8fab0b530d,opentts_mykyta,3.6343491077423096,3.345341682434082,-0.28900742530822754
ce0ee1553b19271d,opentts_mykyta,3.346433162689209,3.935412645339966,0.5889794826507568
31d99722613515de,opentts_mykyta,3.8083527088165283,3.5075137615203857,-0.3008389472961426
165d7ac4539ea550,opentts_mykyta,3.456313133239746,2.8514389991760254,-0.6048741340637207
3e36471d7291de19,opentts_mykyta,3.2709741592407227,3.5305354595184326,0.25956130027770996
e939d57085d2c25f,opentts_mykyta,3.731001853942871,3.8786864280700684,0.14768457412719727
641f35120a841c0e,opentts_mykyta,3.3252553939819336,3.4207706451416016,0.09551525115966797
dc15931f26708709,opentts_mykyta,4.13332986831665,2.968451499938965,-1.1648783683776855
b464d316ca24d760,opentts_mykyta,3.7874486446380615,3.5583810806274414,-0.22906756401062012
4c8cc187ea79f48d,opentts_mykyta,3.549957036972046,3.121051549911499,-0.4289054870605469
b9915342e8142107,opentts_mykyta,3.471301555633545,3.2732300758361816,-0.19807147979736328
08e5267f9131bcc9,opentts_mykyta,3.3032851219177246,3.2963931560516357,-0.006891965866088867
6e78035caa846668,opentts_mykyta,4.074845790863037,3.402506113052368,-0.672339677810669
47ee75a2844099fb,opentts_mykyta,3.739684820175171,2.4052541255950928,-1.3344306945800781
c98198390609c516,opentts_mykyta,3.768599271774292,2.96783447265625,-0.800764799118042
e348d2067b490046,opentts_mykyta,4.161944389343262,3.477565050125122,-0.6843793392181396
9032257b1f1d3074,opentts_mykyta,3.627257823944092,3.576357364654541,-0.05090045928955078
b5f32e27533dab40,opentts_mykyta,3.4630706310272217,3.5526344776153564,0.08956384658813477
f023cbba44d138eb,opentts_mykyta,3.0358266830444336,3.819838523864746,0.7840118408203125
62bb8e5a39453ae3,opentts_mykyta,3.432344675064087,3.212148427963257,-0.22019624710083008
e68afd9ed334cd51,opentts_mykyta,3.8618860244750977,3.5108330249786377,-0.35105299949645996
9c159ddda6fb6cb7,opentts_mykyta,3.373486042022705,3.454115867614746,0.08062982559204102
1e9806d17e5573c9,opentts_mykyta,3.13470196723938,3.608628273010254,0.473926305770874
d4352057d9d22eb1,opentts_mykyta,3.640995740890503,3.5479681491851807,-0.09302759170532227
69aa62f12d1bb5a3,opentts_tetiana,3.2372915744781494,3.689074754714966,0.4517831802368164
2fddf33762c8114f,opentts_tetiana,3.740126848220825,3.827544689178467,0.0874178409576416
4013357b3fe2c12f,opentts_tetiana,3.3849103450775146,2.4888181686401367,-0.8960921764373779
fe953367bcd1e8e7,opentts_tetiana,3.251906156539917,3.1167356967926025,-0.13517045974731445
2358d7481f29ecb9,opentts_tetiana,3.6205523014068604,3.442694664001465,-0.1778576374053955
bc4220dedb2b39a0,opentts_tetiana,3.5591349601745605,3.1602542400360107,-0.3988807201385498
7f83c375a3ce348d,opentts_tetiana,3.110083818435669,3.356989860534668,0.24690604209899902
b1ea5292bccd0671,opentts_tetiana,3.4455041885375977,3.833780288696289,0.3882761001586914
88dd01cd49ab14d9,opentts_tetiana,3.4261531829833984,3.297499656677246,-0.12865352630615234
6c92f017a55d40e3,opentts_tetiana,3.772115707397461,3.5475893020629883,-0.22452640533447266
bf443762b49ae701,opentts_tetiana,3.5681426525115967,3.306077718734741,-0.26206493377685547
7b166b9d0dc1973a,opentts_tetiana,2.9942684173583984,3.50087571144104,0.5066072940826416
5416fd85919c0a15,opentts_tetiana,3.416233777999878,3.0372326374053955,-0.3790011405944824
fee4ee249024ec1e,opentts_tetiana,3.127687931060791,3.0915884971618652,-0.03609943389892578
db66d78beb3f1e12,opentts_tetiana,3.4920597076416016,3.54036283493042,0.04830312728881836
a4d20c904d039c3c,opentts_tetiana,3.5272669792175293,3.6720454692840576,0.14477849006652832
e1efaab5dc0d3951,opentts_tetiana,3.323094367980957,3.6224772930145264,0.29938292503356934
459946afe3d52514,opentts_tetiana,3.4780707359313965,3.701521635055542,0.2234508991241455
3ff7e27f7339a49d,opentts_tetiana,3.435959577560425,3.4628641605377197,0.026904582977294922
499279273b190180,opentts_tetiana,3.65086030960083,3.5202767848968506,-0.1305835247039795
61fc9fdf75d88c36,opentts_tetiana,3.696368932723999,3.2544872760772705,-0.4418816566467285
b64ca386085e5daa,opentts_tetiana,3.5659940242767334,3.3278110027313232,-0.23818302154541016
946d8018677820ed,opentts_tetiana,3.9748144149780273,3.8586130142211914,-0.11620140075683594
859e40bc01bb7b75,opentts_tetiana,3.6205413341522217,3.9425406455993652,0.32199931144714355
68193da121bd8ff3,opentts_tetiana,3.5110487937927246,3.6265790462493896,0.11553025245666504
8295344a595567ca,opentts_tetiana,3.400480031967163,3.6904263496398926,0.2899463176727295
9e2468dbf1c72078,opentts_tetiana,3.39445424079895,3.785710334777832,0.39125609397888184
6097f5f5350b6e17,opentts_tetiana,4.090019702911377,3.157395362854004,-0.932624340057373
e9238b21c870beaa,opentts_tetiana,3.119387626647949,3.1195108890533447,0.0001232624053955078
9379781954c6f1d8,opentts_tetiana,3.598247766494751,3.364320755004883,-0.23392701148986816
2a3c80b50e3009f0,opentts_tetiana,3.083203077316284,3.4716689586639404,0.38846588134765625
8604fdddfe4c48dd,opentts_tetiana,3.7166383266448975,3.259087562561035,-0.4575507640838623
69d1cc2407bc6c03,opentts_tetiana,3.3970136642456055,3.087181806564331,-0.3098318576812744
0143eb9645fe77e0,opentts_tetiana,3.775827407836914,3.6457202434539795,-0.13010716438293457
1b7ca199d0cb0e62,opentts_tetiana,4.06514835357666,3.3833770751953125,-0.6817712783813477
89ae889a44d5c4a2,opentts_tetiana,3.702751636505127,3.8412628173828125,0.13851118087768555
193ee9ae8fe3bbfb,opentts_tetiana,3.6907832622528076,3.87227463722229,0.18149137496948242
02749462d9239370,opentts_tetiana,3.589210271835327,3.332206964492798,-0.2570033073425293
19050e6fd81455e8,opentts_tetiana,3.050908327102661,2.557973861694336,-0.4929344654083252
c1b469d85d055d45,opentts_tetiana,3.2543909549713135,3.505242109298706,0.2508511543273926
1e1b5cdab1a0dcfd,opentts_tetiana,3.647306203842163,3.031890630722046,-0.6154155731201172
e116b5fec3fc501a,opentts_tetiana,3.520848035812378,3.388303756713867,-0.13254427909851074
e8ecb91a8db5f101,opentts_tetiana,3.8612172603607178,3.761476755142212,-0.09974050521850586
1c1b3c40bdff7da4,opentts_tetiana,3.4740545749664307,2.861952543258667,-0.6121020317077637
989d0e13d74863b2,opentts_tetiana,3.3650782108306885,3.4197747707366943,0.05469655990600586
f6d754017472b88b,opentts_tetiana,3.23513126373291,3.26973295211792,0.034601688385009766
b3539b2152304982,opentts_tetiana,3.7094242572784424,3.036958694458008,-0.6724655628204346
bcbc8ecf63883fb5,opentts_tetiana,3.1498122215270996,3.4138591289520264,0.26404690742492676
52633a8fe28a5f7e,opentts_tetiana,3.3175621032714844,3.24263072013855,-0.07493138313293457
248453bd3d5bc9d6,opentts_tetiana,3.436284303665161,3.569514751434326,0.13323044776916504
6c1b26cdb98675eb,opentts_tetiana,3.697639226913452,3.6762895584106445,-0.021349668502807617
cd37b0cdc57fb83a,opentts_tetiana,3.4553496837615967,3.4703385829925537,0.014988899230957031
56b3dcf62366b901,opentts_tetiana,3.9367194175720215,3.745290756225586,-0.19142866134643555
5567c17d1664afde,opentts_tetiana,3.7781450748443604,3.862227201461792,0.08408212661743164
42e09cdd9bd73577,opentts_tetiana,3.1425533294677734,3.3355114459991455,0.19295811653137207
93a34b9e6a293a63,opentts_tetiana,3.773566246032715,3.69155216217041,-0.08201408386230469
a436afe8019dd6e6,opentts_tetiana,4.01313591003418,3.634282112121582,-0.37885379791259766
5d09e242043295b6,opentts_tetiana,3.4256796836853027,3.0601704120635986,-0.3655092716217041
8b41685a32cf90a7,opentts_tetiana,3.707038402557373,3.237152099609375,-0.46988630294799805
91240b7e497809fb,opentts_tetiana,3.93984055519104,3.477525472640991,-0.46231508255004883
0e2d7d05aa72dde7,opentts_tetiana,3.55883526802063,3.259202003479004,-0.299633264541626
a8406d897e716af5,opentts_tetiana,4.036011219024658,3.4689197540283203,-0.5670914649963379
77b50dee243d0c2d,opentts_tetiana,3.472113847732544,3.3047683238983154,-0.16734552383422852
dd0092ad2a86266e,opentts_tetiana,4.018953323364258,3.4299519062042236,-0.5890014171600342
76df0f4029032371,opentts_tetiana,3.3791115283966064,3.2471723556518555,-0.13193917274475098
3262642bc54e60b2,opentts_tetiana,3.6610987186431885,3.432241201400757,-0.22885751724243164
f0f1e00645a9ae0c,opentts_tetiana,3.3069212436676025,3.5095837116241455,0.20266246795654297
6b7e760c05f10343,opentts_tetiana,3.473020553588867,3.4029746055603027,-0.07004594802856445
3212b7cac1a07f62,opentts_tetiana,3.8367087841033936,3.600306510925293,-0.23640227317810059
ddb4b0992794a754,opentts_tetiana,3.266831636428833,3.2287709712982178,-0.038060665130615234
5fc38e14b23a74a7,opentts_tetiana,3.166041612625122,3.5147783756256104,0.3487367630004883
e726cd177b517677,opentts_tetiana,3.2155630588531494,3.2794065475463867,0.0638434886932373
d15f0fed2f188d89,opentts_tetiana,3.9665703773498535,3.616109609603882,-0.3504607677459717
c3a5d2ccdd8f047d,opentts_tetiana,3.7725753784179688,3.754145860671997,-0.01842951774597168
c6dad82b12822296,opentts_tetiana,3.3904902935028076,3.717674732208252,0.32718443870544434
d92a7ba054aef551,opentts_tetiana,3.792093515396118,2.9798190593719482,-0.8122744560241699
404e82ff92d09c49,opentts_tetiana,3.3965609073638916,3.382511615753174,-0.014049291610717773
928ef336870c1d95,opentts_tetiana,3.5260701179504395,3.3224868774414062,-0.2035832405090332
320ccf7987bbf476,opentts_tetiana,3.841768741607666,3.255741596221924,-0.5860271453857422
d63cfac7a758aa49,opentts_tetiana,3.5179014205932617,3.8678455352783203,0.3499441146850586
6eecc0d6fd16d1ba,opentts_tetiana,3.545647144317627,3.3247697353363037,-0.22087740898132324
fabd7d8790334054,opentts_tetiana,3.528721332550049,3.1365232467651367,-0.3921980857849121
27c7bdd1a2d0ea4d,opentts_tetiana,3.39436411857605,3.339914321899414,-0.05444979667663574
f950c22fb87d55d6,opentts_tetiana,3.9057669639587402,3.316627025604248,-0.5891399383544922
dda6c4b2479d2318,opentts_tetiana,3.4646565914154053,3.298691511154175,-0.16596508026123047
1ddfcc4fb227a7e9,opentts_tetiana,3.541776657104492,3.2524783611297607,-0.28929829597473145
642a0b4005aa2e95,opentts_tetiana,3.8974339962005615,3.6830363273620605,-0.21439766883850098
53094efed47fb1df,opentts_tetiana,3.1856822967529297,2.797895669937134,-0.3877866268157959
8f871c64da1f9b76,opentts_tetiana,3.5030815601348877,3.6933929920196533,0.19031143188476562
32cc8406425d69b5,opentts_tetiana,3.794987678527832,3.6226491928100586,-0.17233848571777344
436fd629fef8f0ae,opentts_tetiana,3.7068252563476562,3.641911506652832,-0.06491374969482422
135ed3c3ae5837f8,opentts_tetiana,3.8011739253997803,3.447014093399048,-0.3541598320007324
b60ea5a3487fd1ae,opentts_tetiana,3.846066474914551,3.736391544342041,-0.10967493057250977
720ee61b33ce69b4,opentts_tetiana,3.262573003768921,3.0751912593841553,-0.18738174438476562
4c9f5813ca9056a2,opentts_tetiana,3.2611076831817627,3.2876603603363037,0.026552677154541016
8679673b1593264e,opentts_tetiana,3.3802902698516846,3.0758984088897705,-0.30439186096191406
2731484c2e7f95be,opentts_tetiana,3.128530502319336,3.067166566848755,-0.061363935470581055
ad6b911003f52646,opentts_tetiana,4.205113410949707,3.5001373291015625,-0.7049760818481445
7f676601dcced195,opentts_tetiana,3.337434768676758,3.4405972957611084,0.10316252708435059
378359aa39452278,opentts_tetiana,3.361783742904663,3.5979702472686768,0.23618650436401367
59ade686dfc9f541,tg_voices_uk,2.551100730895996,2.788029670715332,0.23692893981933594
5a30e97954c5364f,tg_voices_uk,3.5683419704437256,3.1341845989227295,-0.4341573715209961
4ba9fb21ee3f5893,tg_voices_uk,2.730865240097046,3.353665828704834,0.6228005886077881
2c82d3133d9b1bf7,tg_voices_uk,3.455576181411743,3.189204692840576,-0.266371488571167
ae14f41f9aeea63a,tg_voices_uk,2.2119810581207275,3.7235803604125977,1.5115993022918701
3060dfb5ad8622fe,tg_voices_uk,2.5180039405822754,3.044276237487793,0.5262722969055176
437115bddff90aac,tg_voices_uk,3.8033432960510254,3.3410463333129883,-0.4622969627380371
2bf8f4ca350a8335,tg_voices_uk,3.2076303958892822,3.268063545227051,0.060433149337768555
ae2089eb986e145a,tg_voices_uk,2.7112131118774414,3.4778311252593994,0.766618013381958
201c870f2e07fc7a,tg_voices_uk,3.0005030632019043,2.458270311355591,-0.5422327518463135
1573392baf542b95,tg_voices_uk,3.0917062759399414,3.074552297592163,-0.01715397834777832
a343c3b60397f081,tg_voices_uk,3.693509340286255,3.162090301513672,-0.531419038772583
dd4dfdc4d7d9cd0c,tg_voices_uk,2.736931800842285,3.0236170291900635,0.2866852283477783
453f4ba9b461f99f,tg_voices_uk,2.6416802406311035,3.1637985706329346,0.522118330001831
8f9bd30121a7c414,tg_voices_uk,2.235872268676758,3.71417236328125,1.4783000946044922
55126c0808de1dca,tg_voices_uk,2.652219772338867,3.921107769012451,1.268887996673584
1f5c4d9d94584166,tg_voices_uk,3.001253604888916,3.522068500518799,0.5208148956298828
7e635aa19e714fce,tg_voices_uk,3.200226068496704,3.2193448543548584,0.019118785858154297
8430672c813e7b8f,tg_voices_uk,2.9246222972869873,3.6353039741516113,0.710681676864624
7d520c9452cdfc46,tg_voices_uk,2.1202425956726074,2.957542657852173,0.8373000621795654
3e685b190ba45f40,tg_voices_uk,3.422837972640991,3.1333553791046143,-0.28948259353637695
0da85bf49f563322,tg_voices_uk,2.553098201751709,3.406257390975952,0.8531591892242432
7771c2336bd98b36,tg_voices_uk,2.7611265182495117,2.951730251312256,0.19060373306274414
80d1e80731f94de5,tg_voices_uk,3.6054956912994385,3.2684736251831055,-0.337022066116333
55de86debdfa6538,tg_voices_uk,2.8915178775787354,3.299290180206299,0.4077723026275635
92161c225505cef3,tg_voices_uk,2.5117454528808594,2.636582136154175,0.12483668327331543
c32331f6933db117,tg_voices_uk,3.264531373977661,3.074418544769287,-0.19011282920837402
dff69328d8d33467,tg_voices_uk,3.458705186843872,3.506612777709961,0.04790759086608887
b077e47d42dcdaa2,tg_voices_uk,2.6316423416137695,3.253854990005493,0.6222126483917236
e9b78993f1c0e88e,tg_voices_uk,2.2064032554626465,2.3370745182037354,0.13067126274108887
7849f87d6989d8de,tg_voices_uk,3.299546957015991,3.684943437576294,0.38539648056030273
ac936925e682db33,tg_voices_uk,2.327322006225586,2.9268696308135986,0.5995476245880127
f8d46eb306eedb2a,tg_voices_uk,1.8818778991699219,3.553821563720703,1.6719436645507812
99dfde6bbdae21df,tg_voices_uk,2.7080159187316895,3.555283308029175,0.8472673892974854
e63ca37142e403df,tg_voices_uk,2.383967161178589,3.00168514251709,0.617717981338501
3459e9ecf4a5ab88,tg_voices_uk,2.468693971633911,3.187148332595825,0.7184543609619141
5ef8bb577dfc820f,tg_voices_uk,3.1844558715820312,3.4010040760040283,0.21654820442199707
4f17bca587d2ff0d,tg_voices_uk,3.104207754135132,2.8186771869659424,-0.28553056716918945
4d7b9e5933acc2cc,tg_voices_uk,2.8962483406066895,3.125333547592163,0.22908520698547363
d0f08e189a6a5ff2,tg_voices_uk,1.9249629974365234,3.238182306289673,1.3132193088531494
35e7a78e78b39a8a,tg_voices_uk,3.6275746822357178,3.723356008529663,0.09578132629394531
a8dc57ce6c88a19d,tg_voices_uk,2.4733176231384277,3.0706534385681152,0.5973358154296875
942dc23a4f307676,tg_voices_uk,3.5797131061553955,3.588259220123291,0.008546113967895508
9ad058e84a7cee1a,tg_voices_uk,4.357548713684082,3.0691163539886475,-1.2884323596954346
34109ff078e8ebbc,tg_voices_uk,2.6520917415618896,3.611116647720337,0.9590249061584473
9a834c7b2a4361d9,tg_voices_uk,3.0239365100860596,3.0231332778930664,-0.0008032321929931641
8c76532e76531c31,tg_voices_uk,2.7228810787200928,3.315826177597046,0.5929450988769531
0f11cf153c9d4cf0,tg_voices_uk,1.9082608222961426,3.0064408779144287,1.0981800556182861
e1304f2e88eab378,tg_voices_uk,2.762939214706421,3.28206205368042,0.519122838973999
49a0f944677d8954,tg_voices_uk,3.0465171337127686,3.8302156925201416,0.783698558807373
f82c3035011a7926,tg_voices_uk,2.6967644691467285,3.050187349319458,0.3534228801727295
c3843c5f27f25bc9,tg_voices_uk,2.0923047065734863,3.502533197402954,1.4102284908294678
20b69eec04f09874,tg_voices_uk,2.3209872245788574,3.4127838611602783,1.091796636581421
416b4bec03137c4c,tg_voices_uk,4.188442230224609,3.9204277992248535,-0.26801443099975586
2e6bf590e008cf51,tg_voices_uk,2.1344008445739746,2.8324832916259766,0.698082447052002
d3754eb4100330cb,tg_voices_uk,2.1379408836364746,3.4338912963867188,1.2959504127502441
827fe93c88e27b5b,tg_voices_uk,2.5989725589752197,2.982578754425049,0.3836061954498291
86a39f7f2712239b,tg_voices_uk,3.0817878246307373,2.964588165283203,-0.11719965934753418
568b4a5c107767da,tg_voices_uk,3.1222147941589355,3.7662839889526367,0.6440691947937012
69241b4e5656715f,tg_voices_uk,2.286449909210205,3.304241895675659,1.017791986465454
803122a38c01d1fb,tg_voices_uk,2.3084075450897217,2.8951542377471924,0.5867466926574707
e8ae32ee9004fd33,tg_voices_uk,2.265002489089966,2.8059256076812744,0.5409231185913086
27789ef0611f2091,tg_voices_uk,3.1954126358032227,3.5602145195007324,0.36480188369750977
88bd598f008ff157,tg_voices_uk,2.3642730712890625,2.9933643341064453,0.6290912628173828
f823e7681f9fe225,tg_voices_uk,2.953751802444458,3.703838586807251,0.750086784362793
62cc7bd36f68a298,tg_voices_uk,2.2693068981170654,2.983062744140625,0.7137558460235596
2f3cba8d9f5c9c25,tg_voices_uk,3.0788464546203613,3.1512768268585205,0.07243037223815918
a38f4072312baa2e,tg_voices_uk,2.733579158782959,3.079655170440674,0.34607601165771484
9f0cc5c4c74e219b,tg_voices_uk,2.8722589015960693,2.8660755157470703,-0.0061833858489990234
31ece5d3b9b634c7,tg_voices_uk,3.447181224822998,3.493297815322876,0.04611659049987793
448c7cee04bfa8cd,tg_voices_uk,2.5773396492004395,2.9992265701293945,0.4218869209289551
593b1c8c69e1b8ce,tg_voices_uk,3.128744602203369,3.3045780658721924,0.17583346366882324
51d1c15b3e70b3a4,tg_voices_uk,2.4926419258117676,3.441636085510254,0.9489941596984863
bfba3cb5e21bbd3a,tg_voices_uk,2.5311107635498047,2.416720151901245,-0.11439061164855957
962c90bf6df6db11,tg_voices_uk,2.5842175483703613,3.1263203620910645,0.5421028137207031
4a499ff6ee15bc09,tg_voices_uk,3.4434218406677246,3.6612751483917236,0.21785330772399902
1bb191727cf865aa,tg_voices_uk,2.4905669689178467,2.9313931465148926,0.4408261775970459
7afbfeda4a1943d5,tg_voices_uk,3.6034300327301025,3.5620739459991455,-0.04135608673095703
5b3899af8f752319,tg_voices_uk,3.854177236557007,3.1385557651519775,-0.7156214714050293
6e233d493552ff0e,tg_voices_uk,3.4325692653656006,2.9632575511932373,-0.4693117141723633
874ee0fbe04650eb,tg_voices_uk,2.724118232727051,3.5608127117156982,0.8366944789886475
a65b7736466b6639,tg_voices_uk,2.694096803665161,2.7895052433013916,0.09540843963623047
71c2601a98290420,tg_voices_uk,1.7829842567443848,2.9036715030670166,1.1206872463226318
ee1bcfca55685f89,tg_voices_uk,2.7728092670440674,3.708209276199341,0.9354000091552734
688ca135f008a4bb,tg_voices_uk,2.795346975326538,3.0469226837158203,0.2515757083892822
3dce096c4a44842f,tg_voices_uk,2.254199743270874,3.311289072036743,1.0570893287658691
f6175f23c57e2bd0,tg_voices_uk,2.994628429412842,3.332149028778076,0.3375205993652344
fae330cef3ec5625,tg_voices_uk,3.1722874641418457,3.703134536743164,0.5308470726013184
68560aaf280b0585,tg_voices_uk,3.550752878189087,3.700507879257202,0.14975500106811523
4558986978112bdc,tg_voices_uk,2.3661298751831055,3.405768394470215,1.0396385192871094
015ce2877dca09b6,tg_voices_uk,2.368664026260376,2.9343318939208984,0.5656678676605225
0494a2a8da2ae831,tg_voices_uk,2.4855780601501465,3.515394926071167,1.0298168659210205
1d1a2eb127fef6c1,tg_voices_uk,2.783277988433838,2.960742235183716,0.17746424674987793
b1147de288dda47b,tg_voices_uk,3.170111656188965,3.033618927001953,-0.13649272918701172
c5bc392fbdf84ad7,tg_voices_uk,3.195937395095825,3.0395524501800537,-0.15638494491577148
91e27cdcc0bb2033,tg_voices_uk,2.8039004802703857,3.314828395843506,0.5109279155731201
ad387df59a236c45,tg_voices_uk,2.6857497692108154,2.527006149291992,-0.15874361991882324
69a34776de65ca8e,tg_voices_uk,3.589625358581543,3.4423046112060547,-0.14732074737548828
34a7195683ba3c42,tg_voices_uk,2.739776849746704,3.1361162662506104,0.39633941650390625
b1b5312393f01c46,tg_voices_uk,3.4128470420837402,3.1915762424468994,-0.22127079963684082
3d266a831e90d335,ua_ser,2.636232376098633,2.7481529712677,0.11192059516906738
9f745e229d10784b,ua_ser,2.707334041595459,3.06230092048645,0.3549668788909912
a78886575d348f74,ua_ser,2.2559919357299805,2.654374837875366,0.39838290214538574
b4ee8d66216948ee,ua_ser,1.8331539630889893,3.0724198818206787,1.2392659187316895
18087c3a908cfea9,ua_ser,2.1830883026123047,3.1499292850494385,0.9668409824371338
836387254fd4ca1a,ua_ser,2.547844648361206,3.068336248397827,0.5204916000366211
0593e655648ddfad,ua_ser,2.870454788208008,3.0844779014587402,0.21402311325073242
ca4f931206a8a29c,ua_ser,2.5410654544830322,3.3520917892456055,0.8110263347625732
a86527ce460d5853,ua_ser,2.171492576599121,3.3390965461730957,1.1676039695739746
d34fe67295b53ab3,ua_ser,2.3620941638946533,3.076430320739746,0.7143361568450928
6781c55f86ce67a0,ua_ser,2.8204946517944336,2.8165600299835205,-0.003934621810913086
9abe21701d8300f2,ua_ser,3.000243902206421,2.9805045127868652,-0.019739389419555664
5bdc248dbac9a5b6,ua_ser,2.9105865955352783,3.3731677532196045,0.46258115768432617
70a9b8589969bf9e,ua_ser,2.342902660369873,2.659687042236328,0.3167843818664551
ef6f31ec38e2ba31,ua_ser,1.8649044036865234,2.8794031143188477,1.0144987106323242
58b5f26093b11b52,ua_ser,2.7343413829803467,2.7717018127441406,0.037360429763793945
aac5ba3d4c7f0b02,ua_ser,2.249216318130493,2.462193012237549,0.21297669410705566
58eee0eb0e5d10fd,ua_ser,2.8073008060455322,3.38637375831604,0.5790729522705078
3114b59a1dddc877,ua_ser,3.287795066833496,3.649561643600464,0.3617665767669678
d5dd48a9b47cae15,ua_ser,2.186971664428711,2.938494920730591,0.7515232563018799
0782b89dc09f07ca,ua_ser,2.2662200927734375,2.890255928039551,0.6240358352661133
4fa0c8aa9fbd58a8,ua_ser,2.3128600120544434,2.596331834793091,0.28347182273864746
7ca79417ff847026,ua_ser,2.2070422172546387,3.1482086181640625,0.9411664009094238
9b49305c687397b4,ua_ser,2.502542018890381,2.565776824951172,0.06323480606079102
c0ff44009f1d582b,ua_ser,2.7986578941345215,3.5009071826934814,0.70224928855896
bd8ee5e7d31ae146,ua_ser,2.3396477699279785,2.9459280967712402,0.6062803268432617
e4ea07bd6ff3d635,ua_ser,2.155818462371826,3.083693265914917,0.9278748035430908
8bc611ba615a4311,ua_ser,2.3124184608459473,3.086357831954956,0.7739393711090088
e333b6260ad8a588,ua_ser,2.5775887966156006,3.1556735038757324,0.5780847072601318
7d10601c621333fb,ua_ser,3.009380340576172,3.298203945159912,0.28882360458374023
43d91fefabe96223,ua_ser,1.5982997417449951,2.101386308670044,0.5030865669250488
b22923f08cac12d4,ua_ser,2.7777698040008545,3.2489562034606934,0.47118639945983887
5b6269d4fed7ccdd,ua_ser,1.7845263481140137,2.6028199195861816,0.818293571472168
a70ab834f6ce953d,ua_ser,2.5141358375549316,2.967087984085083,0.45295214653015137
541577e82eaed72c,ua_ser,3.282970905303955,2.7989039421081543,-0.4840669631958008
d39f374b06904f0f,ua_ser,2.8891735076904297,3.0194435119628906,0.13027000427246094
19ffee07e35a6234,ua_ser,2.963970899581909,3.500889778137207,0.5369188785552979
3ec62c9173577600,ua_ser,2.175722122192383,2.6704349517822266,0.49471282958984375
757812da0cf15f8e,ua_ser,3.0077555179595947,2.1045587062835693,-0.9031968116760254
04c4c7dc06b94da8,ua_ser,2.1581242084503174,2.7584848403930664,0.600360631942749
e801b3f088696656,ua_ser,2.3058993816375732,2.792051315307617,0.48615193367004395
15b2d2eaa7874652,ua_ser,1.780491590499878,2.862966299057007,1.082474708557129
695662ccff496a1d,ua_ser,2.2963690757751465,2.536205530166626,0.2398364543914795
b906c61e2ad5a262,ua_ser,2.280879497528076,2.8171133995056152,0.5362339019775391
0ef7f42f655f2a11,ua_ser,2.8955867290496826,3.350499391555786,0.4549126625061035
00d2f52a40fc6586,ua_ser,2.8978142738342285,2.6930835247039795,-0.20473074913024902
568dab3a2129f2cf,ua_ser,2.9504947662353516,3.2005534172058105,0.250058650970459
2d9cbb4700b84c4a,ua_ser,2.9836535453796387,3.025832414627075,0.04217886924743652
93864d5cb7bd8791,ua_ser,2.5158064365386963,3.1751723289489746,0.6593658924102783
7f35bf53f2cbccc0,ua_ser,1.8355803489685059,1.7946522235870361,-0.04092812538146973
2b5a0a4398f05eb9,ua_ser,1.2662022113800049,3.1091248989105225,1.8429226875305176
6c5a196b3a1dcb26,ua_ser,2.2067790031433105,2.897590160369873,0.6908111572265625
f7753b7ddb38c36d,ua_ser,2.3240103721618652,3.6996161937713623,1.375605821609497
a602cf7755b3964f,ua_ser,1.9527747631072998,2.8770573139190674,0.9242825508117676
47dc0a795c5ad36f,ua_ser,2.8040568828582764,3.555680274963379,0.7516233921051025
74e1ee12f1f05863,ua_ser,2.770357131958008,2.888528347015381,0.11817121505737305
e57fa4bf7f28ac8d,ua_ser,2.548581123352051,3.9131970405578613,1.3646159172058105
ff3f4fed8815497a,ua_ser,1.5638742446899414,3.7358038425445557,2.1719295978546143
1f4aff1ea7c9e835,ua_ser,2.7627344131469727,2.4483745098114014,-0.3143599033355713
53c06bfa319664c0,ua_ser,2.6008145809173584,2.993800163269043,0.39298558235168457
57872d6abf3e8e0a,ua_ser,2.0509493350982666,2.9655275344848633,0.9145781993865967
32aaf7503b6cd3df,ua_ser,2.0719244480133057,1.96000337600708,-0.11192107200622559
8a11f9741aa8e2f1,ua_ser,1.7940869331359863,2.776110887527466,0.9820239543914795
fa3f4e9b373fa1f7,ua_ser,2.257660388946533,3.236056089401245,0.9783957004547119
28420ad22b688e99,ua_ser,2.5458312034606934,3.1592137813568115,0.6133825778961182
729cc5141afe01f8,ua_ser,2.08146595954895,2.298464059829712,0.21699810028076172
6d16d28a433f5eed,ua_ser,2.1000757217407227,2.7940618991851807,0.693986177444458
01ffd913ca35a85a,ua_ser,2.6023201942443848,3.0311293601989746,0.42880916595458984
01acdc595005cacc,ua_ser,1.914985179901123,2.6737027168273926,0.7587175369262695
c3d00b149ec47080,ua_ser,1.4804584980010986,2.4750843048095703,0.9946258068084717
edf503cc844ba0d3,ua_ser,1.9640512466430664,3.008784055709839,1.0447328090667725
87d83788cc6a7e28,ua_ser,2.3041725158691406,2.736737012863159,0.43256449699401855
509bccd5148742ca,ua_ser,1.5808045864105225,3.0359928607940674,1.455188274383545
2b49bc0c5d89e67a,ua_ser,2.6835975646972656,3.0301387310028076,0.346541166305542
a6213b90c70f0ff3,ua_ser,3.0840039253234863,3.570868968963623,0.4868650436401367
1331cdba582b5a20,ua_ser,2.3885085582733154,3.079713821411133,0.6912052631378174
9359e4f30d603a21,ua_ser,2.1034481525421143,2.162752389907837,0.059304237365722656
679966d55e8e6024,ua_ser,1.8935494422912598,3.8126776218414307,1.919128179550171
966bcf69ce24929e,ua_ser,2.6732168197631836,3.6471705436706543,0.9739537239074707
157355cf2bf9948d,ua_ser,2.1506965160369873,3.4473414421081543,1.296644926071167
05376696eff3f338,ua_ser,2.6443064212799072,3.2675583362579346,0.6232519149780273
a9c3ed1fe6845469,ua_ser,2.813760995864868,3.401399850845337,0.5876388549804688
b529b739bf077d08,ua_ser,2.4008331298828125,2.7697200775146484,0.36888694763183594
d68511dc1fc2bdcb,ua_ser,1.9749078750610352,2.8739395141601562,0.8990316390991211
69310569deb34f07,ua_ser,2.1148438453674316,3.179811477661133,1.0649676322937012
852b72f0266145ba,ua_ser,1.4356911182403564,3.118549108505249,1.6828579902648926
60a290aaf923919a,ua_ser,2.155794858932495,3.119795560836792,0.9640007019042969
b5d1f05c0444e84e,ua_ser,2.4086554050445557,3.194866895675659,0.7862114906311035
2a4bc72c4adcaf1f,ua_ser,2.3695790767669678,2.9835526943206787,0.6139736175537109
6a0b75596ff7a4da,ua_ser,3.0873804092407227,2.889531373977661,-0.19784903526306152
686bb112f920104c,ua_ser,2.1283297538757324,2.1629717350006104,0.03464198112487793
babb3ecc4f6decd1,ua_ser,1.2020809650421143,2.649430513381958,1.4473495483398438
95066237ea583bc3,ua_ser,2.4729361534118652,3.312302589416504,0.8393664360046387
0c528ab86210ee04,ua_ser,2.1980648040771484,3.125128746032715,0.9270639419555664
caea7fd720cfc08e,ua_ser,1.798335075378418,2.9987850189208984,1.2004499435424805
d02b08892d93f141,ua_ser,2.401740074157715,2.9945359230041504,0.5927958488464355
993fa09da2be2867,ua_ser,2.1142144203186035,2.7483389377593994,0.6341245174407959
79c7278ac03ee9f0,ua_ser,2.501115560531616,2.365029811859131,-0.13608574867248535
5b18ec06d2865d22,ua_ser,2.775954008102417,3.0648984909057617,0.2889444828033447
7b37a173fad7b143,ua_ser,2.6620657444000244,3.4222373962402344,0.76017165184021
a73071d89696b39a,ukr_dialects,2.1401476860046387,3.0850346088409424,0.9448869228363037
0d903a219416e592,ukr_dialects,3.420788049697876,3.446812152862549,0.02602410316467285
a237faa0e9bc87dd,ukr_dialects,2.5544517040252686,3.697197914123535,1.1427462100982666
54eeef47799137c1,ukr_dialects,3.1336615085601807,3.282201051712036,0.14853954315185547
9bab0aa3a629938d,ukr_dialects,2.742824077606201,2.9732918739318848,0.2304677963256836
41159136ebf7f7a3,ukr_dialects,2.758347988128662,2.899322271347046,0.1409742832183838
8e7ec197983fb8d3,ukr_dialects,2.8820228576660156,2.6553473472595215,-0.22667551040649414
7b15981516e06ca9,ukr_dialects,3.006397008895874,3.1269993782043457,0.12060236930847168
ecccb25e97188c6c,ukr_dialects,2.4294557571411133,2.6115777492523193,0.18212199211120605
2f668652e951fd93,ukr_dialects,2.19244122505188,3.7106964588165283,1.5182552337646484
86fbe1ea16af07cd,ukr_dialects,2.1923930644989014,3.390899896621704,1.1985068321228027
242bb56bb37571ba,ukr_dialects,2.0664539337158203,3.6469388008117676,1.5804848670959473
e50d0d4b1c00b856,ukr_dialects,3.222242832183838,3.1274702548980713,-0.0947725772857666
4acb82bc34643fb8,ukr_dialects,1.8197720050811768,3.503666639328003,1.6838946342468262
840ba85823240964,ukr_dialects,2.542288303375244,2.6512205600738525,0.1089322566986084
c9d0a1f87abc187b,ukr_dialects,2.586073637008667,3.6951839923858643,1.1091103553771973
6a64ff4852a96de3,ukr_dialects,2.821763753890991,3.0601322650909424,0.23836851119995117
558e902c5d7d46f3,ukr_dialects,3.321573495864868,3.2662971019744873,-0.05527639389038086
41e58a4191de07bd,ukr_dialects,3.0609281063079834,3.0264036655426025,-0.03452444076538086
7f3e8a5402a396c8,ukr_dialects,2.089001417160034,3.665127992630005,1.5761265754699707
314b92c52c435e0b,ukr_dialects,2.7685201168060303,3.161792755126953,0.39327263832092285
29d771f7f65c7f6d,ukr_dialects,2.8445892333984375,2.929086208343506,0.08449697494506836
f372269ffe3275c2,ukr_dialects,1.546004295349121,2.904974937438965,1.3589706420898438
0e63f6ac4d9ba2b0,ukr_dialects,3.318617105484009,3.4768528938293457,0.15823578834533691
3e2faddd06d54425,ukr_dialects,2.1662988662719727,3.721857786178589,1.5555589199066162
702561049f1f39e2,ukr_dialects,2.753934144973755,3.7457125186920166,0.9917783737182617
e4864d2df79bd445,ukr_dialects,3.530318021774292,3.7730374336242676,0.24271941184997559
9a53543d89606468,ukr_dialects,2.3054192066192627,2.248039722442627,-0.05737948417663574
97c99077b7b8cd1f,ukr_dialects,3.2659993171691895,3.7186248302459717,0.4526255130767822
9a08bccb686a9cfc,ukr_dialects,2.8158960342407227,2.8379828929901123,0.02208685874938965
4347bf5310942834,ukr_dialects,2.762646436691284,3.4679675102233887,0.7053210735321045
f8bdfd7bd77fa1ce,ukr_dialects,3.0456130504608154,2.756467342376709,-0.28914570808410645
822f0bcd4cb98b92,ukr_dialects,2.3378124237060547,3.501262903213501,1.1634504795074463
296ccfb816eeed83,ukr_dialects,2.975879430770874,3.390566110610962,0.4146866798400879
dadb51e263de4b43,ukr_dialects,2.3462467193603516,2.9409866333007812,0.5947399139404297
c264aef7ef14b160,ukr_dialects,2.4153807163238525,3.2037153244018555,0.7883346080780029
ed75e77294c340d0,ukr_dialects,3.3301682472229004,3.2780818939208984,-0.05208635330200195
bfe785bdf79df31a,ukr_dialects,2.7895960807800293,2.6765007972717285,-0.11309528350830078
e1e1d5db68276240,ukr_dialects,2.793475866317749,2.142890214920044,-0.6505856513977051
6bb7fe1dda248aff,ukr_dialects,2.8009824752807617,2.862509250640869,0.06152677536010742
5652df24fa209a85,ukr_dialects,2.1150400638580322,2.8259687423706055,0.7109286785125732
263bbe5a83c21022,ukr_dialects,2.686762809753418,2.547098159790039,-0.1396646499633789
8994f61724e32836,ukr_dialects,2.40970778465271,3.088974714279175,0.6792669296264648
1eb21ddca0218ac0,ukr_dialects,3.5092122554779053,3.398064136505127,-0.11114811897277832
64f7dfc385fd0332,ukr_dialects,1.8400497436523438,3.3723137378692627,1.532263994216919
0839ab4db381da1e,ukr_dialects,2.6952593326568604,3.2290048599243164,0.533745527267456
bf7fa24b56a90ac9,ukr_dialects,3.2493529319763184,3.2556915283203125,0.006338596343994141
9d313dc5c2894ba2,ukr_dialects,2.156693696975708,3.5840747356414795,1.4273810386657715
8a3949ca3cf2196f,ukr_dialects,2.4697258472442627,2.4157087802886963,-0.054017066955566406
f22b87646ba1578f,ukr_dialects,2.93371319770813,3.0564427375793457,0.12272953987121582
694cc49500f2b87c,ukr_dialects,2.397261619567871,3.8951618671417236,1.4979002475738525
6a258d45765bd4c5,ukr_dialects,2.6231298446655273,2.845972776412964,0.22284293174743652
4353235c5f194455,ukr_dialects,2.8105900287628174,3.11040997505188,0.2998199462890625
154537938649b4f0,ukr_dialects,2.367610454559326,3.0772929191589355,0.7096824645996094
a2da8be2193fa216,ukr_dialects,2.774724006652832,2.741403818130493,-0.03332018852233887
f962b3769de914d2,ukr_dialects,2.762169599533081,3.1181273460388184,0.3559577465057373
f0d2b87d5ba3b68e,ukr_dialects,3.154186725616455,3.0751638412475586,-0.07902288436889648
f9b84ffab9cfe5dd,ukr_dialects,2.8243680000305176,3.076636552810669,0.25226855278015137
30942657994cb72e,ukr_dialects,2.34873628616333,2.8745133876800537,0.5257771015167236
566c39695cadae26,ukr_dialects,2.499267101287842,3.116514205932617,0.6172471046447754
c43b6871fb7abcf7,ukr_dialects,2.215646505355835,2.986191511154175,0.7705450057983398
2c57b228b9d2349e,ukr_dialects,2.211089849472046,3.753805637359619,1.5427157878875732
2a6e18b3e07e2956,ukr_dialects,3.040407657623291,3.615649938583374,0.575242280960083
64326990b57264c9,ukr_dialects,2.7102630138397217,2.963527202606201,0.2532641887664795
ab089df50f15fd9b,ukr_dialects,2.9193615913391113,3.495303153991699,0.5759415626525879
258401e9b5844ceb,ukr_dialects,2.277695655822754,2.2517998218536377,-0.02589583396911621
c1b3bd09e07db289,ukr_dialects,2.484238862991333,2.793800115585327,0.30956125259399414
316f532261a9d135,ukr_dialects,2.462099313735962,3.3818342685699463,0.9197349548339844
3eaea0949e59c63c,ukr_dialects,2.3365743160247803,2.919215202331543,0.5826408863067627
e825ef3a856b4735,ukr_dialects,2.6719791889190674,2.8174662590026855,0.14548707008361816
c4bd25a3e37e2f75,ukr_dialects,3.064394474029541,3.1724541187286377,0.10805964469909668
626a1b5a7d4f1be6,ukr_dialects,2.546581506729126,3.1882317066192627,0.6416501998901367
0778c18cc75cdb00,ukr_dialects,2.2981951236724854,3.1799988746643066,0.8818037509918213
9586770df2d8998d,ukr_dialects,1.837496042251587,3.7287654876708984,1.8912694454193115
bc994a1816813eb6,ukr_dialects,3.2476749420166016,3.4374465942382812,0.1897716522216797
aabdb6483bfd2e33,ukr_dialects,2.1537327766418457,3.6251697540283203,1.4714369773864746
9eb5785631635bcc,ukr_dialects,2.415741205215454,3.768773317337036,1.353032112121582
d1aaed43c3f470c7,ukr_dialects,2.7187740802764893,3.6406216621398926,0.9218475818634033
6fe0c19b1687d9fd,ukr_dialects,2.825988292694092,3.2215144634246826,0.3955261707305908
ebbb475ae0b3b99d,ukr_dialects,3.268812894821167,3.2834622859954834,0.014649391174316406
0b4b8c379f2776ff,ukr_dialects,2.4063544273376465,2.6090621948242188,0.20270776748657227
d493e655c444f5ff,ukr_dialects,2.1200249195098877,2.9207358360290527,0.800710916519165
ad367fcec6fcb05a,ukr_dialects,2.8886051177978516,3.066753625869751,0.17814850807189941
ac39b8868249abce,ukr_dialects,2.5414888858795166,2.9852652549743652,0.44377636909484863
bc7742c907d24d2f,ukr_dialects,2.871095895767212,3.1340391635894775,0.2629432678222656
4d7035ab3ea935bb,ukr_dialects,2.466123580932617,3.4891135692596436,1.0229899883270264
1dae50f6c705d197,ukr_dialects,1.7773573398590088,2.898414134979248,1.1210567951202393
549386c09d2fcf4a,ukr_dialects,3.274916410446167,3.004328966140747,-0.2705874443054199
0d5acbee36e35f4b,ukr_dialects,3.0114383697509766,2.1342592239379883,-0.8771791458129883
a6390ea60fa8955f,ukr_dialects,2.6814510822296143,2.8475759029388428,0.16612482070922852
1de226ddd11f1191,ukr_dialects,3.319178342819214,3.6005213260650635,0.2813429832458496
04413a02ee61f031,ukr_dialects,2.2629990577697754,3.422166109085083,1.1591670513153076
afb0639f8533a96a,ukr_dialects,2.922647714614868,3.0165109634399414,0.09386324882507324
7265b848bca4d28e,ukr_dialects,2.9072601795196533,3.384202480316162,0.4769423007965088
2890141f6247d55f,ukr_dialects,2.858733892440796,2.887667655944824,0.02893376350402832
a95bca27330ef230,ukr_dialects,2.884286403656006,3.4378092288970947,0.5535228252410889
858792926bd04b40,ukr_dialects,2.342381000518799,3.267385959625244,0.9250049591064453
34298b8fbc78f285,ukr_dialects,2.966249942779541,3.779881715774536,0.8136317729949951
5a9e8cef3dac3395,ukr_dialects,2.459867477416992,3.164644718170166,0.7047772407531738
b9787bd603a6f2a2,ukr_dialects,3.339076280593872,2.6802027225494385,-0.6588735580444336
