profile,source_id,metric,count,expected_count,mean,median,p05,p95
original,all,sigmos_overall,800,800,2.9970223990082743,3.0142349004745483,2.099687170982361,3.8612506985664368
original,all,sigmos_speech,800,800,3.4568220248818395,3.4904706478118896,2.4807275772094726,4.368060755729675
original,all,sigmos_noise,800,800,3.7653212866187094,3.938693642616272,2.2829752802848815,4.670220255851746
original,all,sigmos_coloration,800,800,3.5276985058188437,3.564349412918091,2.68711861371994,4.311894941329956
original,all,sigmos_discontinuity,800,800,3.9600167936086654,4.002864360809326,3.149201142787933,4.634529113769531
original,all,audiobox_pq,800,800,6.785858193337917,7.016283273696899,4.785825800895691,7.874431395530701
original,all,cer,800,800,0.061225434792569165,0.0,0.0,0.2916666666666667
original,all,wer,800,800,0.16142012765014363,0.06066176470588235,0.0,0.6666666666666666
original,all,parakeet_cer,800,800,0.05455601023435487,0.0,0.0,0.2571645021645021
original,all,parakeet_wer,800,800,0.1337035946758011,0.0,0.0,0.5799999999999991
original,all,ecapa_similarity,800,800,0.9999999766796828,1.0,0.9999998807907104,1.0
original,all,clipping_fraction,800,800,8.889790701179358e-07,0.0,0.0,0.0
original,all,duration_ratio,800,800,1.0,1.0,1.0,1.0
original,all,hf_burst_count,800,800,2.0475,1.0,0.0,7.0
original,all,corpus_cer,37217,,0.05451809656877234,,,
original,all,corpus_wer,7566,,0.15239228125826065,,,
original,all,corpus_parakeet_cer,37217,,0.04465701158072924,,,
original,all,corpus_parakeet_wer,7566,,0.12873380914618027,,,
original,common_voice_available_uk,sigmos_overall,100,100,2.927236657142639,2.9691585302352905,2.200189006328583,3.691932094097137
original,common_voice_available_uk,sigmos_speech,100,100,3.3599067997932432,3.3613728284835815,2.5358811020851135,4.080715584754944
original,common_voice_available_uk,sigmos_noise,100,100,3.8666829752922056,3.9663044214248657,2.8984164357185365,4.5326361656188965
original,common_voice_available_uk,sigmos_coloration,100,100,3.2482297348976137,3.319142460823059,2.330826830863953,4.121970891952515
original,common_voice_available_uk,sigmos_discontinuity,100,100,4.038454358577728,4.009509563446045,3.376376187801361,4.695081186294556
original,common_voice_available_uk,audiobox_pq,100,100,5.838667867183685,6.041866302490234,3.818796682357788,6.995209980010986
original,common_voice_available_uk,cer,100,100,0.03433206179781852,0.0,0.0,0.1888833499501494
original,common_voice_available_uk,wer,100,100,0.141514763014763,0.03571428571428571,0.0,0.5083333333333329
original,common_voice_available_uk,parakeet_cer,100,100,0.004456742614795431,0.0,0.0,0.032497013142174416
original,common_voice_available_uk,parakeet_wer,100,100,0.02352092352092352,0.0,0.0,0.16666666666666666
original,common_voice_available_uk,ecapa_similarity,100,100,0.9999999749660492,1.0,0.9999998807907104,1.0
original,common_voice_available_uk,clipping_fraction,100,100,1.286008230452675e-07,0.0,0.0,0.0
original,common_voice_available_uk,duration_ratio,100,100,1.0,1.0,1.0,1.0
original,common_voice_available_uk,hf_burst_count,100,100,0.62,0.0,0.0,3.0
original,common_voice_available_uk,corpus_cer,3629,,0.030586938550564893,,,
original,common_voice_available_uk,corpus_wer,747,,0.12583668005354753,,,
original,common_voice_available_uk,corpus_parakeet_cer,3629,,0.004960044089280794,,,
original,common_voice_available_uk,corpus_parakeet_wer,747,,0.02677376171352075,,,
original,fleurs_uk,sigmos_overall,100,100,3.016038382053375,3.035596013069153,2.351743245124817,3.6537712812423706
original,fleurs_uk,sigmos_speech,100,100,3.4301925611495974,3.4200475215911865,2.7720189929008483,4.093879008293151
original,fleurs_uk,sigmos_noise,100,100,3.7820151591300966,3.8937448263168335,2.729883050918579,4.368990898132324
original,fleurs_uk,sigmos_coloration,100,100,3.638849768638611,3.61588454246521,3.0651588916778563,4.2282659053802485
original,fleurs_uk,sigmos_discontinuity,100,100,3.719111077785492,3.7340328693389893,3.0386958599090574,4.254493474960327
original,fleurs_uk,audiobox_pq,100,100,6.704057464599609,6.711446046829224,5.944143128395081,7.470280003547669
original,fleurs_uk,cer,100,100,0.0174080804783218,0.0,0.0,0.08060268646164717
original,fleurs_uk,wer,100,100,0.05761159318040861,0.016666666666666666,0.0,0.19458874458874434
original,fleurs_uk,parakeet_cer,100,100,0.0127094119518623,0.0,0.0,0.06294642857142854
original,fleurs_uk,parakeet_wer,100,100,0.03827165401001805,0.0,0.0,0.15921052631578939
original,fleurs_uk,ecapa_similarity,100,100,0.9999999773502349,1.0,0.9999998807907104,1.0
original,fleurs_uk,clipping_fraction,100,100,1.2703252032520324e-07,0.0,0.0,0.0
original,fleurs_uk,duration_ratio,100,100,1.0,1.0,1.0,1.0
original,fleurs_uk,hf_burst_count,100,100,4.24,1.0,0.0,13.0
original,fleurs_uk,corpus_cer,10464,,0.01815749235474006,,,
original,fleurs_uk,corpus_wer,1746,,0.056128293241695305,,,
original,fleurs_uk,corpus_parakeet_cer,10464,,0.014143730886850153,,,
original,fleurs_uk,corpus_parakeet_wer,1746,,0.044673539518900345,,,
original,opentts_lada,sigmos_overall,100,100,2.976842348575592,2.998847484588623,2.5306632995605467,3.386997091770172
original,opentts_lada,sigmos_speech,100,100,3.491037652492523,3.510963797569275,3.0009109735488892,3.995234751701355
original,opentts_lada,sigmos_noise,100,100,3.9731652688980104,3.9921677112579346,3.3436280131340026,4.450546884536743
original,opentts_lada,sigmos_coloration,100,100,3.6552325797080996,3.679430842399597,3.1584641337394714,4.1518481254577635
original,opentts_lada,sigmos_discontinuity,100,100,4.100620748996735,4.068866729736328,3.6775739192962646,4.59281358718872
original,opentts_lada,audiobox_pq,100,100,7.484705018997192,7.476276159286499,7.26594910621643,7.701482152938842
original,opentts_lada,cer,100,100,0.025543064865072407,0.0,0.0,0.10026315789473683
original,opentts_lada,wer,100,100,0.09906118881118882,0.0,0.0,0.40499999999999975
original,opentts_lada,parakeet_cer,100,100,0.021391845551662653,0.0,0.0,0.08442982456140344
original,opentts_lada,parakeet_wer,100,100,0.09368781218781219,0.0,0.0,0.43896103896103833
original,opentts_lada,ecapa_similarity,100,100,0.9999999779462815,1.0,0.9999999403953552,1.0
original,opentts_lada,clipping_fraction,100,100,4.77517054679238e-06,0.0,0.0,0.0
original,opentts_lada,duration_ratio,100,100,1.0,1.0,1.0,1.0
original,opentts_lada,hf_burst_count,100,100,2.66,2.0,0.0,5.049999999999997
original,opentts_lada,corpus_cer,3781,,0.027241470510446973,,,
original,opentts_lada,corpus_wer,788,,0.08756345177664974,,,
original,opentts_lada,corpus_parakeet_cer,3781,,0.02089394340121661,,,
original,opentts_lada,corpus_parakeet_wer,788,,0.08375634517766498,,,
original,opentts_mykyta,sigmos_overall,100,100,3.6377598214149476,3.6019283533096313,3.141632115840912,4.162718391418457
original,opentts_mykyta,sigmos_speech,100,100,4.09399245262146,4.104534387588501,3.5818708300590516,4.548473596572876
original,opentts_mykyta,sigmos_noise,100,100,4.332830586433411,4.336764097213745,3.930809426307678,4.715639615058899
original,opentts_mykyta,sigmos_coloration,100,100,3.8890147471427916,3.9275490045547485,3.194681429862976,4.398529982566833
original,opentts_mykyta,sigmos_discontinuity,100,100,4.324137921333313,4.289810657501221,3.8999051213264466,4.751649022102356
original,opentts_mykyta,audiobox_pq,100,100,7.763233222961426,7.778995990753174,7.483814668655396,7.969035243988037
original,opentts_mykyta,cer,100,100,0.016493938768512087,0.0,0.0,0.06666666666666667
original,opentts_mykyta,wer,100,100,0.09872990897990898,0.0,0.0,0.3416666666666662
original,opentts_mykyta,parakeet_cer,100,100,0.014341959435028357,0.0,0.0,0.07421652421652421
original,opentts_mykyta,parakeet_wer,100,100,0.07267929292929293,0.0,0.0,0.40499999999999975
original,opentts_mykyta,ecapa_similarity,100,100,0.9999999719858169,1.0,0.9999998807907104,1.0
original,opentts_mykyta,clipping_fraction,100,100,6.677350427350428e-08,0.0,0.0,0.0
original,opentts_mykyta,duration_ratio,100,100,1.0,1.0,1.0,1.0
original,opentts_mykyta,hf_burst_count,100,100,2.18,2.0,0.0,5.0
original,opentts_mykyta,corpus_cer,3078,,0.01397011046133853,,,
original,opentts_mykyta,corpus_wer,659,,0.07132018209408195,,,
original,opentts_mykyta,corpus_parakeet_cer,3078,,0.011371020142949967,,,
original,opentts_mykyta,corpus_parakeet_wer,659,,0.051593323216995446,,,
original,opentts_tetiana,sigmos_overall,100,100,3.540933005809784,3.51937472820282,3.127272915840149,4.013426780700684
original,opentts_tetiana,sigmos_speech,100,100,4.021220965385437,4.0234456062316895,3.5356137990951537,4.481360697746277
original,opentts_tetiana,sigmos_noise,100,100,4.468383085727692,4.499156475067139,4.054687213897705,4.8078330755233765
original,opentts_tetiana,sigmos_coloration,100,100,3.9011575865745542,3.8612653017044067,3.4461856365203856,4.380150508880615
original,opentts_tetiana,sigmos_discontinuity,100,100,4.191970932483673,4.200751781463623,3.7684309244155885,4.63001697063446
original,opentts_tetiana,audiobox_pq,100,100,7.684712262153625,7.685872793197632,7.487890076637268,7.911698794364929
original,opentts_tetiana,cer,100,100,0.02173534175367022,0.0,0.0,0.08076190476190472
original,opentts_tetiana,wer,100,100,0.1214516872016872,0.0,0.0,0.5
original,opentts_tetiana,parakeet_cer,100,100,0.020345607218141933,0.0,0.0,0.0673333333333333
original,opentts_tetiana,parakeet_wer,100,100,0.10121783771783771,0.0,0.0,0.40142857142857136
original,opentts_tetiana,ecapa_similarity,100,100,0.9999999821186065,1.0,0.9999999374151229,1.0
original,opentts_tetiana,clipping_fraction,100,100,0.0,0.0,0.0,0.0
original,opentts_tetiana,duration_ratio,100,100,1.0,1.0,1.0,1.0
original,opentts_tetiana,hf_burst_count,100,100,2.73,3.0,0.0,6.0
original,opentts_tetiana,corpus_cer,3675,,0.021496598639455782,,,
original,opentts_tetiana,corpus_wer,791,,0.11125158027812895,,,
original,opentts_tetiana,corpus_parakeet_cer,3675,,0.02095238095238095,,,
original,opentts_tetiana,corpus_parakeet_wer,791,,0.09608091024020228,,,
original,tg_voices_uk,sigmos_overall,100,100,2.8432733464241027,2.750451683998108,2.1188457012176514,3.6308714151382446
original,tg_voices_uk,sigmos_speech,100,100,3.3410614633560183,3.315225601196289,2.5262901425361632,4.209563732147217
original,tg_voices_uk,sigmos_noise,100,100,3.558762276172638,3.669959783554077,2.531028485298157,4.3981647968292235
original,tg_voices_uk,sigmos_coloration,100,100,3.429439706802368,3.4459599256515503,2.7230939984321596,4.148026609420777
original,tg_voices_uk,sigmos_discontinuity,100,100,3.9891981983184817,3.9494189023971558,3.3410834670066833,4.643011546134948
original,tg_voices_uk,audiobox_pq,100,100,6.367372345924378,6.474417686462402,5.063311839103699,7.3415539264678955
original,tg_voices_uk,cer,100,100,0.04919827922718617,0.01847457627118644,0.0,0.20041666666666666
original,tg_voices_uk,wer,100,100,0.16568702131202126,0.09090909090909091,0.0,0.6018181818181817
original,tg_voices_uk,parakeet_cer,100,100,0.037817100610924276,0.0,0.0,0.15448717948717947
original,tg_voices_uk,parakeet_wer,100,100,0.13415773115773116,0.0,0.0,0.5577777777777777
original,tg_voices_uk,ecapa_similarity,100,100,0.9999999815225601,1.0,0.9999998807907104,1.0
original,tg_voices_uk,clipping_fraction,100,100,1.3794310827779387e-06,0.0,0.0,0.0
original,tg_voices_uk,duration_ratio,100,100,1.0,1.0,1.0,1.0
original,tg_voices_uk,hf_burst_count,100,100,1.54,1.0,0.0,4.049999999999997
original,tg_voices_uk,corpus_cer,3386,,0.04725339633786178,,,
original,tg_voices_uk,corpus_wer,696,,0.15660919540229884,,,
original,tg_voices_uk,corpus_parakeet_cer,3386,,0.03898405197873597,,,
original,tg_voices_uk,corpus_parakeet_wer,696,,0.13793103448275862,,,
original,ua_ser,sigmos_overall,100,100,2.368772919178009,2.341275215148926,1.5799580693244935,3.0078367590904236
original,ua_ser,sigmos_speech,100,100,2.8196221208572387,2.874626040458679,2.098844826221466,3.5068665742874146
original,ua_ser,sigmos_noise,100,100,2.921991002559662,3.0128451585769653,1.7572957158088685,4.007952547073364
original,ua_ser,sigmos_coloration,100,100,3.1294721817970275,3.145674228668213,2.5775392293930053,3.671902632713318
original,ua_ser,sigmos_discontinuity,100,100,3.5167048001289367,3.5431727170944214,2.527153432369232,4.292359638214111
original,ua_ser,audiobox_pq,100,100,6.140309493541718,6.441272020339966,4.3729346752166744,7.260637617111206
original,ua_ser,cer,100,100,0.1438248506602,0.06559139784946236,0.0,0.6410052910052904
original,ua_ser,wer,100,100,0.23992094017094015,0.16666666666666666,0.0,0.8416666666666662
original,ua_ser,parakeet_cer,100,100,0.1606980938487761,0.058823529411764705,0.0,1.0
original,ua_ser,parakeet_wer,100,100,0.27419536019536017,0.16666666666666666,0.0,1.0
original,ua_ser,ecapa_similarity,100,100,0.9999999725818634,1.0,0.9999998807907104,1.0
original,ua_ser,clipping_fraction,100,100,0.0,0.0,0.0,0.0
original,ua_ser,duration_ratio,100,100,1.0,1.0,1.0,1.0
original,ua_ser,hf_burst_count,100,100,1.29,1.0,0.0,4.0
original,ua_ser,corpus_cer,3117,,0.12768687840872633,,,
original,ua_ser,corpus_wer,691,,0.21852387843704776,,,
original,ua_ser,corpus_parakeet_cer,3117,,0.11036252807186397,,,
original,ua_ser,corpus_parakeet_wer,691,,0.2141823444283647,,,
original,ukr_dialects,sigmos_overall,100,100,2.665322711467743,2.7145185470581055,2.0551337242126464,3.3220032334327696
original,ukr_dialects,sigmos_speech,100,100,3.0975421833992005,3.0317776203155518,2.4794878721237184,3.9086532831192016
original,ukr_dialects,sigmos_noise,100,100,3.218739938735962,3.2212469577789307,2.1121867656707765,4.3801830291748045
original,ukr_dialects,sigmos_coloration,100,100,3.330191740989685,3.292376399040222,2.56846227645874,4.242487525939941
original,ukr_dialects,sigmos_discontinuity,100,100,3.7999363112449647,3.8279948234558105,3.1117149353027345,4.487009644508362
original,ukr_dialects,audiobox_pq,100,100,6.303807871341705,6.32636022567749,4.531775736808777,7.6426757097244264
original,ukr_dialects,cer,100,100,0.18126786078977206,0.13333333333333333,0.0,0.6009523809523809
original,ukr_dialects,wer,100,100,0.367383918530231,0.327683615819209,0.0,0.8210227272727272
original,ukr_dialects,parakeet_cer,100,100,0.16468732064364794,0.1,0.0,0.4921245421245412
original,ukr_dialects,parakeet_wer,100,100,0.3318981456874331,0.2727272727272727,0.0,1.0
original,ukr_dialects,ecapa_similarity,100,100,0.9999999749660492,1.0,0.9999998807907104,1.0
original,ukr_dialects,clipping_fraction,100,100,6.348240837291933e-07,0.0,0.0,0.0
original,ukr_dialects,duration_ratio,100,100,1.0,1.0,1.0,1.0
original,ukr_dialects,hf_burst_count,100,100,1.12,0.0,0.0,5.049999999999997
original,ukr_dialects,corpus_cer,6087,,0.15524889107934944,,,
original,ukr_dialects,corpus_wer,1448,,0.343232044198895,,,
original,ukr_dialects,corpus_parakeet_cer,6087,,0.13619188434368326,,,
original,ukr_dialects,corpus_parakeet_wer,1448,,0.3149171270718232,,,
original,source_macro,sigmos_overall,8,,2.9970223990082743,,,
original,source_macro,sigmos_speech,8,,3.4568220248818395,,,
original,source_macro,sigmos_noise,8,,3.7653212866187094,,,
original,source_macro,sigmos_coloration,8,,3.5276985058188437,,,
original,source_macro,sigmos_discontinuity,8,,3.9600167936086654,,,
original,source_macro,audiobox_pq,8,,6.785858193337917,,,
original,source_macro,cer,8,,0.06122543479256916,,,
original,source_macro,wer,8,,0.16142012765014363,,,
original,source_macro,parakeet_cer,8,,0.05455601023435488,,,
original,source_macro,parakeet_wer,8,,0.1337035946758011,,,
original,source_macro,ecapa_similarity,8,,0.9999999766796828,,,
original,source_macro,clipping_fraction,8,,8.889790701179359e-07,,,
original,source_macro,duration_ratio,8,,1.0,,,
original,source_macro,hf_burst_count,8,,2.0475,,,
deepfilternet3_wet0.5,all,sigmos_overall,800,800,2.977584135234356,2.978423833847046,2.1999175429344175,3.7926568984985347
deepfilternet3_wet0.5,all,sigmos_speech,800,800,3.516441251933575,3.5201581716537476,2.6828122615814207,4.284148788452148
deepfilternet3_wet0.5,all,sigmos_noise,800,800,3.850879024863243,3.9655141830444336,2.5575560688972474,4.643870186805725
deepfilternet3_wet0.5,all,sigmos_coloration,800,800,3.4812536817789077,3.4876426458358765,2.6798046231269836,4.239693951606751
deepfilternet3_wet0.5,all,sigmos_discontinuity,800,800,4.10248242944479,4.123841285705566,3.4192617535591125,4.7353565931320185
deepfilternet3_wet0.5,all,audiobox_pq,800,800,6.784296064674854,7.006058692932129,4.796067523956299,7.835073113441467
deepfilternet3_wet0.5,all,cer,800,800,0.06026974050143588,0.0,0.0,0.28601190476190447
deepfilternet3_wet0.5,all,wer,800,800,0.1593136772259978,0.0625,0.0,0.6666666666666666
deepfilternet3_wet0.5,all,parakeet_cer,800,800,0.05510377774387978,0.0,0.0,0.2355872844827575
deepfilternet3_wet0.5,all,parakeet_wer,800,800,0.13549173468173412,0.0,0.0,0.6
deepfilternet3_wet0.5,all,ecapa_similarity,800,800,0.9510755672305823,0.9840005934238434,0.7974692136049271,0.9989063501358032
deepfilternet3_wet0.5,all,clipping_fraction,800,800,0.0,0.0,0.0,0.0
deepfilternet3_wet0.5,all,duration_ratio,800,800,0.8239811629349828,0.8830696034456846,0.4888262910798122,1.0
deepfilternet3_wet0.5,all,hf_burst_count,800,800,1.92625,1.0,0.0,7.0
deepfilternet3_wet0.5,all,corpus_cer,37217,,0.05443748824461939,,,
deepfilternet3_wet0.5,all,corpus_wer,7566,,0.1522601110229976,,,
deepfilternet3_wet0.5,all,corpus_parakeet_cer,37217,,0.04422710051858022,,,
deepfilternet3_wet0.5,all,corpus_parakeet_wer,7566,,0.12913031985196935,,,
deepfilternet3_wet0.5,common_voice_available_uk,sigmos_overall,100,100,2.9372417187690734,2.91634202003479,2.318805480003357,3.661212205886841
deepfilternet3_wet0.5,common_voice_available_uk,sigmos_speech,100,100,3.35616361618042,3.3478024005889893,2.59636766910553,4.176068305969238
deepfilternet3_wet0.5,common_voice_available_uk,sigmos_noise,100,100,3.9128798842430115,3.9547282457351685,3.066550052165985,4.589416217803955
deepfilternet3_wet0.5,common_voice_available_uk,sigmos_coloration,100,100,3.321694800853729,3.3355811834335327,2.4458375811576842,4.168829488754272
deepfilternet3_wet0.5,common_voice_available_uk,sigmos_discontinuity,100,100,4.067006759643554,4.100249767303467,3.4173651933670044,4.70269546508789
deepfilternet3_wet0.5,common_voice_available_uk,audiobox_pq,100,100,5.942914447784424,6.235050201416016,3.9458297371864317,7.1359313249588014
deepfilternet3_wet0.5,common_voice_available_uk,cer,100,100,0.03363197549332717,0.0,0.0,0.18783292978208224
deepfilternet3_wet0.5,common_voice_available_uk,wer,100,100,0.1365111555111555,0.03571428571428571,0.0,0.5083333333333329
deepfilternet3_wet0.5,common_voice_available_uk,parakeet_cer,100,100,0.007504930602031201,0.0,0.0,0.04911924119241191
deepfilternet3_wet0.5,common_voice_available_uk,parakeet_wer,100,100,0.03641414141414141,0.0,0.0,0.223611111111111
deepfilternet3_wet0.5,common_voice_available_uk,ecapa_similarity,100,100,0.9672106146812439,0.9751974642276764,0.9073853731155396,0.9962182432413101
deepfilternet3_wet0.5,common_voice_available_uk,clipping_fraction,100,100,0.0,0.0,0.0,0.0
deepfilternet3_wet0.5,common_voice_available_uk,duration_ratio,100,100,0.813752336809151,0.7917801352138629,0.6461808044603743,1.0
deepfilternet3_wet0.5,common_voice_available_uk,hf_burst_count,100,100,0.65,0.0,0.0,3.049999999999997
deepfilternet3_wet0.5,common_voice_available_uk,corpus_cer,3629,,0.02893359052080463,,,
deepfilternet3_wet0.5,common_voice_available_uk,corpus_wer,747,,0.11914323962516733,,,
deepfilternet3_wet0.5,common_voice_available_uk,corpus_parakeet_cer,3629,,0.006888950124001102,,,
deepfilternet3_wet0.5,common_voice_available_uk,corpus_parakeet_wer,747,,0.03480589022757698,,,
deepfilternet3_wet0.5,fleurs_uk,sigmos_overall,100,100,2.939535229206085,2.9759541749954224,2.3533349990844727,3.400861883163452
deepfilternet3_wet0.5,fleurs_uk,sigmos_speech,100,100,3.36738285779953,3.3784842491149902,2.739114010334015,3.901791036128998
deepfilternet3_wet0.5,fleurs_uk,sigmos_noise,100,100,3.775326406955719,3.854964852333069,3.0356921195983886,4.399505066871643
deepfilternet3_wet0.5,fleurs_uk,sigmos_coloration,100,100,3.5910841369628907,3.5958797931671143,3.098075604438782,4.177632999420166
deepfilternet3_wet0.5,fleurs_uk,sigmos_discontinuity,100,100,3.7511704564094543,3.739442229270935,3.2082867860794066,4.2244775772094725
deepfilternet3_wet0.5,fleurs_uk,audiobox_pq,100,100,6.763030905723571,6.745134592056274,5.981479597091675,7.441171288490295
deepfilternet3_wet0.5,fleurs_uk,cer,100,100,0.017672299547361686,0.0,0.0,0.0976829268292683
deepfilternet3_wet0.5,fleurs_uk,wer,100,100,0.05696141003022546,0.0,0.0,0.19458874458874434
deepfilternet3_wet0.5,fleurs_uk,parakeet_cer,100,100,0.010630230566896513,0.0,0.0,0.05284090909090908
deepfilternet3_wet0.5,fleurs_uk,parakeet_wer,100,100,0.038340797744493595,0.0,0.0,0.158695652173913
deepfilternet3_wet0.5,fleurs_uk,ecapa_similarity,100,100,0.9930222845077514,0.9949104189872742,0.9819522470235824,0.9980664551258087
deepfilternet3_wet0.5,fleurs_uk,clipping_fraction,100,100,0.0,0.0,0.0,0.0
deepfilternet3_wet0.5,fleurs_uk,duration_ratio,100,100,0.9391234847113958,0.9671437080355207,0.8385276885711983,1.0
deepfilternet3_wet0.5,fleurs_uk,hf_burst_count,100,100,4.06,1.0,0.0,13.0
deepfilternet3_wet0.5,fleurs_uk,corpus_cer,10464,,0.018444189602446485,,,
deepfilternet3_wet0.5,fleurs_uk,corpus_wer,1746,,0.054982817869415807,,,
deepfilternet3_wet0.5,fleurs_uk,corpus_parakeet_cer,10464,,0.011850152905198776,,,
deepfilternet3_wet0.5,fleurs_uk,corpus_parakeet_wer,1746,,0.04524627720504009,,,
deepfilternet3_wet0.5,opentts_lada,sigmos_overall,100,100,2.7926594114303587,2.8318417072296143,2.2942981004714964,3.2828808307647703
deepfilternet3_wet0.5,opentts_lada,sigmos_speech,100,100,3.6565587759017943,3.6550042629241943,3.1681962847709655,4.1943350553512575
deepfilternet3_wet0.5,opentts_lada,sigmos_noise,100,100,3.875590078830719,3.9559653997421265,3.0349616765975953,4.5409259557723995
deepfilternet3_wet0.5,opentts_lada,sigmos_coloration,100,100,3.398201060295105,3.413806438446045,2.675317633152008,3.957709538936615
deepfilternet3_wet0.5,opentts_lada,sigmos_discontinuity,100,100,4.217669479846954,4.246537923812866,3.7305617451667787,4.660312151908874
deepfilternet3_wet0.5,opentts_lada,audiobox_pq,100,100,7.2372662496566775,7.269205093383789,6.776589560508728,7.570964503288269
deepfilternet3_wet0.5,opentts_lada,cer,100,100,0.024226540091891784,0.0,0.0,0.10026315789473683
deepfilternet3_wet0.5,opentts_lada,wer,100,100,0.10385989010989011,0.0,0.0,0.5049999999999997
deepfilternet3_wet0.5,opentts_lada,parakeet_cer,100,100,0.01964218189699952,0.0,0.0,0.07977296181630539
deepfilternet3_wet0.5,opentts_lada,parakeet_wer,100,100,0.08886638361638362,0.0,0.0,0.40499999999999975
deepfilternet3_wet0.5,opentts_lada,ecapa_similarity,100,100,0.8603797388076783,0.8624078035354614,0.7654026985168457,0.9555462509393692
deepfilternet3_wet0.5,opentts_lada,clipping_fraction,100,100,0.0,0.0,0.0,0.0
deepfilternet3_wet0.5,opentts_lada,duration_ratio,100,100,0.5558124697578688,0.5507753357753358,0.42121739371739364,0.6850349406009781
deepfilternet3_wet0.5,opentts_lada,hf_burst_count,100,100,2.28,2.0,0.0,5.0
deepfilternet3_wet0.5,opentts_lada,corpus_cer,3781,,0.026712509918011107,,,
deepfilternet3_wet0.5,opentts_lada,corpus_wer,788,,0.09517766497461928,,,
deepfilternet3_wet0.5,opentts_lada,corpus_parakeet_cer,3781,,0.02221634488230627,,,
deepfilternet3_wet0.5,opentts_lada,corpus_parakeet_wer,788,,0.08375634517766498,,,
deepfilternet3_wet0.5,opentts_mykyta,sigmos_overall,100,100,3.512043869495392,3.534076690673828,2.950078773498535,4.0168036937713625
deepfilternet3_wet0.5,opentts_mykyta,sigmos_speech,100,100,3.9837151980400085,4.034591197967529,3.396677827835083,4.443286108970642
deepfilternet3_wet0.5,opentts_mykyta,sigmos_noise,100,100,4.339667718410492,4.366320610046387,3.816779911518097,4.710656356811524
deepfilternet3_wet0.5,opentts_mykyta,sigmos_coloration,100,100,3.7558198499679567,3.7888160943984985,3.0183464169502257,4.386146783828735
deepfilternet3_wet0.5,opentts_mykyta,sigmos_discontinuity,100,100,4.345538961887359,4.324831962585449,3.9143554091453554,4.7518648386001585
deepfilternet3_wet0.5,opentts_mykyta,audiobox_pq,100,100,7.70516881942749,7.736684083938599,7.409282898902893,7.901577949523926
deepfilternet3_wet0.5,opentts_mykyta,cer,100,100,0.01495442822745356,0.0,0.0,0.06270833333333332
deepfilternet3_wet0.5,opentts_mykyta,wer,100,100,0.09295213120213118,0.0,0.0,0.3416666666666662
deepfilternet3_wet0.5,opentts_mykyta,parakeet_cer,100,100,0.017068323836833862,0.0,0.0,0.1767379679144385
deepfilternet3_wet0.5,opentts_mykyta,parakeet_wer,100,100,0.05965151515151515,0.0,0.0,0.4
deepfilternet3_wet0.5,opentts_mykyta,ecapa_similarity,100,100,0.9553867590427398,0.9661109447479248,0.8643661171197892,0.9923790842294693
deepfilternet3_wet0.5,opentts_mykyta,clipping_fraction,100,100,0.0,0.0,0.0,0.0
deepfilternet3_wet0.5,opentts_mykyta,duration_ratio,100,100,0.7587402106312803,0.775834453405018,0.6081562039493074,0.89015625
deepfilternet3_wet0.5,opentts_mykyta,hf_burst_count,100,100,1.99,1.0,0.0,5.0
deepfilternet3_wet0.5,opentts_mykyta,corpus_cer,3078,,0.01332033788174139,,,
deepfilternet3_wet0.5,opentts_mykyta,corpus_wer,659,,0.06525037936267071,,,
deepfilternet3_wet0.5,opentts_mykyta,corpus_parakeet_cer,3078,,0.012020792722547108,,,
deepfilternet3_wet0.5,opentts_mykyta,corpus_parakeet_wer,659,,0.048558421851289835,,,
deepfilternet3_wet0.5,opentts_tetiana,sigmos_overall,100,100,3.354951283931732,3.35799241065979,2.836329984664917,3.8358332991600035
deepfilternet3_wet0.5,opentts_tetiana,sigmos_speech,100,100,3.9220632839202882,3.9292818307876587,3.424838602542877,4.414655923843384
deepfilternet3_wet0.5,opentts_tetiana,sigmos_noise,100,100,4.359715042114257,4.380812406539917,3.9232935547828673,4.717571711540222
deepfilternet3_wet0.5,opentts_tetiana,sigmos_coloration,100,100,3.589860939979553,3.552950620651245,3.0665429711341856,4.214866352081299
deepfilternet3_wet0.5,opentts_tetiana,sigmos_discontinuity,100,100,4.215610370635987,4.232912063598633,3.691012918949127,4.723989391326905
deepfilternet3_wet0.5,opentts_tetiana,audiobox_pq,100,100,7.658449773788452,7.667554616928101,7.35534827709198,7.925453543663025
deepfilternet3_wet0.5,opentts_tetiana,cer,100,100,0.021571246589575054,0.0,0.0,0.08076190476190472
deepfilternet3_wet0.5,opentts_tetiana,wer,100,100,0.12414216339216338,0.0,0.0,0.5
deepfilternet3_wet0.5,opentts_tetiana,parakeet_cer,100,100,0.020685267342556924,0.0,0.0,0.07791563275434238
deepfilternet3_wet0.5,opentts_tetiana,parakeet_wer,100,100,0.10624716949716947,0.0,0.0,0.5
deepfilternet3_wet0.5,opentts_tetiana,ecapa_similarity,100,100,0.8591200685501099,0.8684868216514587,0.7263504654169083,0.9587444990873337
deepfilternet3_wet0.5,opentts_tetiana,clipping_fraction,100,100,0.0,0.0,0.0,0.0
deepfilternet3_wet0.5,opentts_tetiana,duration_ratio,100,100,0.5955128672488754,0.6082577972709552,0.43754349698535744,0.7318952721275426
deepfilternet3_wet0.5,opentts_tetiana,hf_burst_count,100,100,2.48,2.0,0.0,6.0
deepfilternet3_wet0.5,opentts_tetiana,corpus_cer,3675,,0.02095238095238095,,,
deepfilternet3_wet0.5,opentts_tetiana,corpus_wer,791,,0.11125158027812895,,,
deepfilternet3_wet0.5,opentts_tetiana,corpus_parakeet_cer,3675,,0.020680272108843538,,,
deepfilternet3_wet0.5,opentts_tetiana,corpus_parakeet_wer,791,,0.0986093552465234,,,
deepfilternet3_wet0.5,tg_voices_uk,sigmos_overall,100,100,2.9714796566963195,2.924805164337158,2.4156792163848877,3.5639580011367795
deepfilternet3_wet0.5,tg_voices_uk,sigmos_speech,100,100,3.497526698112488,3.4814075231552124,2.8388742327690126,4.218183135986328
deepfilternet3_wet0.5,tg_voices_uk,sigmos_noise,100,100,3.8152049160003663,3.8417025804519653,3.0667508959770204,4.539424777030945
deepfilternet3_wet0.5,tg_voices_uk,sigmos_coloration,100,100,3.479743092060089,3.46263587474823,2.6886661648750305,4.342016410827637
deepfilternet3_wet0.5,tg_voices_uk,sigmos_discontinuity,100,100,4.192398433685303,4.18696928024292,3.669268560409546,4.7952807426452635
deepfilternet3_wet0.5,tg_voices_uk,audiobox_pq,100,100,6.512847924232483,6.612902641296387,5.472148966789246,7.295742821693421
deepfilternet3_wet0.5,tg_voices_uk,cer,100,100,0.044184150096709604,0.02020408163265306,0.0,0.18774038461538461
deepfilternet3_wet0.5,tg_voices_uk,wer,100,100,0.15111029248529248,0.09090909090909091,0.0,0.5555555555555556
deepfilternet3_wet0.5,tg_voices_uk,parakeet_cer,100,100,0.041733788910878096,0.0,0.0,0.1767379679144385
deepfilternet3_wet0.5,tg_voices_uk,parakeet_wer,100,100,0.14648222610722608,0.03125,0.0,0.6033333333333332
deepfilternet3_wet0.5,tg_voices_uk,ecapa_similarity,100,100,0.9890258175134659,0.9931037127971649,0.9638690322637558,0.9992897838354111
deepfilternet3_wet0.5,tg_voices_uk,clipping_fraction,100,100,0.0,0.0,0.0,0.0
deepfilternet3_wet0.5,tg_voices_uk,duration_ratio,100,100,0.9425454862526509,0.9789140558153105,0.7636187604870477,1.0
deepfilternet3_wet0.5,tg_voices_uk,hf_burst_count,100,100,1.43,1.0,0.0,4.049999999999997
deepfilternet3_wet0.5,tg_voices_uk,corpus_cer,3386,,0.0457767277023036,,,
deepfilternet3_wet0.5,tg_voices_uk,corpus_wer,696,,0.15229885057471265,,,
deepfilternet3_wet0.5,tg_voices_uk,corpus_parakeet_cer,3386,,0.041642055522740695,,,
deepfilternet3_wet0.5,tg_voices_uk,corpus_parakeet_wer,696,,0.14367816091954022,,,
deepfilternet3_wet0.5,ua_ser,sigmos_overall,100,100,2.509253511428833,2.522255539894104,1.7336192369461059,3.1817981481552122
deepfilternet3_wet0.5,ua_ser,sigmos_speech,100,100,3.0400620555877684,3.1081572771072388,2.1849480509757995,3.754648268222809
deepfilternet3_wet0.5,ua_ser,sigmos_noise,100,100,3.1775160360336305,3.2728261947631836,2.031322979927063,4.293951249122619
deepfilternet3_wet0.5,ua_ser,sigmos_coloration,100,100,3.2698610281944274,3.268950939178467,2.6800118565559385,3.838709783554077
deepfilternet3_wet0.5,ua_ser,sigmos_discontinuity,100,100,3.90534930229187,3.9202977418899536,2.9920848965644837,4.654246139526367
deepfilternet3_wet0.5,ua_ser,audiobox_pq,100,100,6.140544321537018,6.37508225440979,4.353778529167175,7.340479326248169
deepfilternet3_wet0.5,ua_ser,cer,100,100,0.14065280048672665,0.07037037037037036,0.0,0.5101851851851846
deepfilternet3_wet0.5,ua_ser,wer,100,100,0.23457173382173382,0.16666666666666666,0.0,0.7541666666666664
deepfilternet3_wet0.5,ua_ser,parakeet_cer,100,100,0.16451786994000112,0.05718954248366013,0.0,1.0
deepfilternet3_wet0.5,ua_ser,parakeet_wer,100,100,0.2804453601953602,0.16666666666666666,0.0,1.0
deepfilternet3_wet0.5,ua_ser,ecapa_similarity,100,100,0.9925773406028747,0.9947735667228699,0.9782629936933518,0.9991082727909089
deepfilternet3_wet0.5,ua_ser,clipping_fraction,100,100,0.0,0.0,0.0,0.0
deepfilternet3_wet0.5,ua_ser,duration_ratio,100,100,0.998714078956415,1.0,1.0,1.0000089867094535
deepfilternet3_wet0.5,ua_ser,hf_burst_count,100,100,1.39,1.0,0.0,4.0
deepfilternet3_wet0.5,ua_ser,corpus_cer,3117,,0.1260827718960539,,,
deepfilternet3_wet0.5,ua_ser,corpus_wer,691,,0.2141823444283647,,,
deepfilternet3_wet0.5,ua_ser,corpus_parakeet_cer,3117,,0.11421238370227783,,,
deepfilternet3_wet0.5,ua_ser,corpus_parakeet_wer,691,,0.2170767004341534,,,
deepfilternet3_wet0.5,ukr_dialects,sigmos_overall,100,100,2.8035084009170532,2.822596549987793,2.1273972034454345,3.4986833930015564
deepfilternet3_wet0.5,ukr_dialects,sigmos_speech,100,100,3.3080575299263,3.323006510734558,2.6161566376686096,4.034147119522094
deepfilternet3_wet0.5,ukr_dialects,sigmos_noise,100,100,3.551132116317749,3.6028071641921997,2.2019221067428587,4.504511070251465
deepfilternet3_wet0.5,ukr_dialects,sigmos_coloration,100,100,3.443764545917511,3.5205246210098267,2.5343574404716493,4.272546315193176
deepfilternet3_wet0.5,ukr_dialects,sigmos_discontinuity,100,100,4.125115671157837,4.196163892745972,3.3993341445922853,4.768394422531128
deepfilternet3_wet0.5,ukr_dialects,audiobox_pq,100,100,6.314146075248718,6.392066478729248,4.57860164642334,7.631092929840088
deepfilternet3_wet0.5,ukr_dialects,cer,100,100,0.18526448347844146,0.13333333333333333,0.0,0.5658974358974358
deepfilternet3_wet0.5,ukr_dialects,wer,100,100,0.37440064125539024,0.3333333333333333,0.0,0.8767045454545453
deepfilternet3_wet0.5,ukr_dialects,parakeet_cer,100,100,0.15904762885484097,0.09901960784313726,0.0,0.448168498168497
deepfilternet3_wet0.5,ukr_dialects,parakeet_wer,100,100,0.3274862837275835,0.26666666666666666,0.0,1.0
deepfilternet3_wet0.5,ukr_dialects,ecapa_similarity,100,100,0.9918819141387939,0.9946828484535217,0.9775433510541915,0.9993789047002792
deepfilternet3_wet0.5,ukr_dialects,clipping_fraction,100,100,0.0,0.0,0.0,0.0
deepfilternet3_wet0.5,ukr_dialects,duration_ratio,100,100,0.9876483691122258,1.0,0.9200796146550865,1.0
deepfilternet3_wet0.5,ukr_dialects,hf_burst_count,100,100,1.13,0.0,0.0,5.049999999999997
deepfilternet3_wet0.5,ukr_dialects,corpus_cer,6087,,0.15787744373254478,,,
deepfilternet3_wet0.5,ukr_dialects,corpus_wer,1448,,0.35013812154696133,,,
deepfilternet3_wet0.5,ukr_dialects,corpus_parakeet_cer,6087,,0.13192048628224085,,,
deepfilternet3_wet0.5,ukr_dialects,corpus_parakeet_wer,1448,,0.3080110497237569,,,
deepfilternet3_wet0.5,source_macro,sigmos_overall,8,,2.977584135234356,,,
deepfilternet3_wet0.5,source_macro,sigmos_speech,8,,3.516441251933575,,,
deepfilternet3_wet0.5,source_macro,sigmos_noise,8,,3.850879024863243,,,
deepfilternet3_wet0.5,source_macro,sigmos_coloration,8,,3.4812536817789077,,,
deepfilternet3_wet0.5,source_macro,sigmos_discontinuity,8,,4.102482429444789,,,
deepfilternet3_wet0.5,source_macro,audiobox_pq,8,,6.784296064674854,,,
deepfilternet3_wet0.5,source_macro,cer,8,,0.060269740501435874,,,
deepfilternet3_wet0.5,source_macro,wer,8,,0.15931367722599776,,,
deepfilternet3_wet0.5,source_macro,parakeet_cer,8,,0.05510377774387978,,,
deepfilternet3_wet0.5,source_macro,parakeet_wer,8,,0.13549173468173412,,,
deepfilternet3_wet0.5,source_macro,ecapa_similarity,8,,0.9510755672305822,,,
deepfilternet3_wet0.5,source_macro,clipping_fraction,8,,0.0,,,
deepfilternet3_wet0.5,source_macro,duration_ratio,8,,0.8239811629349828,,,
deepfilternet3_wet0.5,source_macro,hf_burst_count,8,,1.92625,,,
deepfilternet3_wet1,all,sigmos_overall,800,800,3.1079406678676604,3.106109142303467,2.368744158744812,3.8309958219528197
deepfilternet3_wet1,all,sigmos_speech,800,800,3.624089640676975,3.640404224395752,2.8388391852378847,4.312494683265686
deepfilternet3_wet1,all,sigmos_noise,800,800,4.120651805400849,4.18071985244751,3.3956498503684998,4.6624630928039545
deepfilternet3_wet1,all,sigmos_coloration,800,800,3.5259799191355707,3.5410118103027344,2.727229988574982,4.251514506340027
deepfilternet3_wet1,all,sigmos_discontinuity,800,800,4.121114455759526,4.131678581237793,3.4962626695632935,4.713124561309814
deepfilternet3_wet1,all,audiobox_pq,800,800,6.952762903571129,7.191089630126953,4.95243980884552,7.858808660507202
deepfilternet3_wet1,all,cer,800,800,0.09575026596534598,0.016530054644808743,0.0,0.5
deepfilternet3_wet1,all,wer,800,800,0.20234198466337985,0.09090909090909091,0.0,1.0
deepfilternet3_wet1,all,parakeet_cer,800,800,0.07696882911479354,0.0,0.0,0.3853846153846147
deepfilternet3_wet1,all,parakeet_wer,800,800,0.15296687466066003,0.0,0.0,0.75
deepfilternet3_wet1,all,ecapa_similarity,800,800,0.9046844958269503,0.9481906890869141,0.7309239089488984,0.9961641550064086
deepfilternet3_wet1,all,clipping_fraction,800,800,0.0,0.0,0.0,0.0
deepfilternet3_wet1,all,duration_ratio,800,800,0.8239811629349828,0.8830696034456846,0.4888262910798122,1.0
deepfilternet3_wet1,all,hf_burst_count,800,800,1.93625,1.0,0.0,7.0
deepfilternet3_wet1,all,corpus_cer,37217,,0.10527447134374077,,,
deepfilternet3_wet1,all,corpus_wer,7566,,0.204335183716627,,,
deepfilternet3_wet1,all,corpus_parakeet_cer,37217,,0.08966332589945455,,,
deepfilternet3_wet1,all,corpus_parakeet_wer,7566,,0.16494845360824742,,,
deepfilternet3_wet1,common_voice_available_uk,sigmos_overall,100,100,3.0634507656097414,3.070686936378479,2.48449946641922,3.6692835450172425
deepfilternet3_wet1,common_voice_available_uk,sigmos_speech,100,100,3.4870910048484802,3.4538631439208984,2.8157724261283876,4.24581515789032
deepfilternet3_wet1,common_voice_available_uk,sigmos_noise,100,100,4.185374553203583,4.219897747039795,3.6730644345283507,4.574794435501099
deepfilternet3_wet1,common_voice_available_uk,sigmos_coloration,100,100,3.3403894472122193,3.3768762350082397,2.3008801698684693,4.182445907592774
deepfilternet3_wet1,common_voice_available_uk,sigmos_discontinuity,100,100,4.054296536445618,4.054012775421143,3.446245789527893,4.715210771560669
deepfilternet3_wet1,common_voice_available_uk,audiobox_pq,100,100,6.11958076953888,6.401514768600464,4.0715722918510435,7.122927856445313
deepfilternet3_wet1,common_voice_available_uk,cer,100,100,0.05514469154374371,0.005747126436781609,0.0,0.23931888544891616
deepfilternet3_wet1,common_voice_available_uk,wer,100,100,0.198237345987346,0.10555555555555556,0.0,0.6708333333333331
deepfilternet3_wet1,common_voice_available_uk,parakeet_cer,100,100,0.012950565044715067,0.0,0.0,0.06674242424242424
deepfilternet3_wet1,common_voice_available_uk,parakeet_wer,100,100,0.050251443001443,0.0,0.0,0.2896103896103894
deepfilternet3_wet1,common_voice_available_uk,ecapa_similarity,100,100,0.9398934704065323,0.9572130739688873,0.8418266326189041,0.9888151079416275
deepfilternet3_wet1,common_voice_available_uk,clipping_fraction,100,100,0.0,0.0,0.0,0.0
deepfilternet3_wet1,common_voice_available_uk,duration_ratio,100,100,0.813752336809151,0.7917801352138629,0.6461808044603743,1.0
deepfilternet3_wet1,common_voice_available_uk,hf_burst_count,100,100,0.66,0.0,0.0,3.0
deepfilternet3_wet1,common_voice_available_uk,corpus_cer,3629,,0.04739597685312758,,,
deepfilternet3_wet1,common_voice_available_uk,corpus_wer,747,,0.1686746987951807,,,
deepfilternet3_wet1,common_voice_available_uk,corpus_parakeet_cer,3629,,0.01074676219344172,,,
deepfilternet3_wet1,common_voice_available_uk,corpus_parakeet_wer,747,,0.04685408299866131,,,
deepfilternet3_wet1,fleurs_uk,sigmos_overall,100,100,3.008867597579956,3.080394983291626,2.0631425976753235,3.6757431030273438
deepfilternet3_wet1,fleurs_uk,sigmos_speech,100,100,3.4668934988975524,3.5285520553588867,2.4544958114624023,4.066951441764831
deepfilternet3_wet1,fleurs_uk,sigmos_noise,100,100,4.03173531293869,4.035085439682007,3.4913040161132813,4.494407510757446
deepfilternet3_wet1,fleurs_uk,sigmos_coloration,100,100,3.6524163460731507,3.6817984580993652,2.799304187297821,4.361565399169922
deepfilternet3_wet1,fleurs_uk,sigmos_discontinuity,100,100,3.8243736624717712,3.84213924407959,3.3017054557800294,4.381896734237671
deepfilternet3_wet1,fleurs_uk,audiobox_pq,100,100,7.042857084274292,7.050668001174927,6.384209251403808,7.589683842658997
deepfilternet3_wet1,fleurs_uk,cer,100,100,0.15570550324859367,0.01801948051948052,0.0,0.9623261258779783
deepfilternet3_wet1,fleurs_uk,wer,100,100,0.20716625079713719,0.07417582417582418,0.0,1.0
deepfilternet3_wet1,fleurs_uk,parakeet_cer,100,100,0.15326310121745035,0.00811965811965812,0.0,1.0
deepfilternet3_wet1,fleurs_uk,parakeet_wer,100,100,0.1807878083212996,0.043560606060606064,0.0,1.0
deepfilternet3_wet1,fleurs_uk,ecapa_similarity,100,100,0.8587130522262305,0.9847152531147003,0.07156392335891724,0.9942963749170304
deepfilternet3_wet1,fleurs_uk,clipping_fraction,100,100,0.0,0.0,0.0,0.0
deepfilternet3_wet1,fleurs_uk,duration_ratio,100,100,0.9391234847113958,0.9671437080355207,0.8385276885711983,1.0
deepfilternet3_wet1,fleurs_uk,hf_burst_count,100,100,3.93,1.0,0.0,13.0
deepfilternet3_wet1,fleurs_uk,corpus_cer,10464,,0.1638952599388379,,,
deepfilternet3_wet1,fleurs_uk,corpus_wer,1746,,0.20618556701030927,,,
deepfilternet3_wet1,fleurs_uk,corpus_parakeet_cer,10464,,0.16169724770642202,,,
deepfilternet3_wet1,fleurs_uk,corpus_parakeet_wer,1746,,0.18957617411225658,,,
deepfilternet3_wet1,opentts_lada,sigmos_overall,100,100,2.840971975326538,2.8394455909729004,2.367334485054016,3.312082350254059
deepfilternet3_wet1,opentts_lada,sigmos_speech,100,100,3.687767732143402,3.696052074432373,3.2111082673072815,4.214648771286011
deepfilternet3_wet1,opentts_lada,sigmos_noise,100,100,3.926543459892273,3.98886239528656,3.1635660529136658,4.612778425216675
deepfilternet3_wet1,opentts_lada,sigmos_coloration,100,100,3.3799316811561586,3.4205609560012817,2.6933068513870237,3.894847273826599
deepfilternet3_wet1,opentts_lada,sigmos_discontinuity,100,100,4.234767084121704,4.219561576843262,3.8010868549346926,4.673923277854919
deepfilternet3_wet1,opentts_lada,audiobox_pq,100,100,7.294998903274536,7.332005023956299,6.881916499137878,7.573439431190491
deepfilternet3_wet1,opentts_lada,cer,100,100,0.024597138413053304,0.0,0.0,0.10026315789473683
deepfilternet3_wet1,opentts_lada,wer,100,100,0.10037504162504161,0.0,0.0,0.40499999999999975
deepfilternet3_wet1,opentts_lada,parakeet_cer,100,100,0.01601329296656639,0.0,0.0,0.07699849170437406
deepfilternet3_wet1,opentts_lada,parakeet_wer,100,100,0.07543781218781218,0.0,0.0,0.4
deepfilternet3_wet1,opentts_lada,ecapa_similarity,100,100,0.8577211856842041,0.8608997762203217,0.7686860144138337,0.950131019949913
deepfilternet3_wet1,opentts_lada,clipping_fraction,100,100,0.0,0.0,0.0,0.0
deepfilternet3_wet1,opentts_lada,duration_ratio,100,100,0.5558124697578688,0.5507753357753358,0.42121739371739364,0.6850349406009781
deepfilternet3_wet1,opentts_lada,hf_burst_count,100,100,2.21,2.0,0.0,5.0
deepfilternet3_wet1,opentts_lada,corpus_cer,3781,,0.026712509918011107,,,
deepfilternet3_wet1,opentts_lada,corpus_wer,788,,0.09263959390862944,,,
deepfilternet3_wet1,opentts_lada,corpus_parakeet_cer,3781,,0.01930706162390902,,,
deepfilternet3_wet1,opentts_lada,corpus_parakeet_wer,788,,0.07360406091370558,,,
deepfilternet3_wet1,opentts_mykyta,sigmos_overall,100,100,3.5455210757255555,3.5309534072875977,3.0052242398262026,4.103066873550415
deepfilternet3_wet1,opentts_mykyta,sigmos_speech,100,100,3.9873625469207763,4.06897234916687,3.4125938773155213,4.482614517211914
deepfilternet3_wet1,opentts_mykyta,sigmos_noise,100,100,4.35705441236496,4.3909831047058105,3.8698114156723022,4.701593112945557
deepfilternet3_wet1,opentts_mykyta,sigmos_coloration,100,100,3.752767403125763,3.7436951398849487,3.06183180809021,4.401126480102539
deepfilternet3_wet1,opentts_mykyta,sigmos_discontinuity,100,100,4.311460635662079,4.32388162612915,3.784339988231659,4.748704671859741
deepfilternet3_wet1,opentts_mykyta,audiobox_pq,100,100,7.756031131744384,7.7826621532440186,7.496308469772339,7.94898898601532
deepfilternet3_wet1,opentts_mykyta,cer,100,100,0.015669423262210262,0.0,0.0,0.06270833333333332
deepfilternet3_wet1,opentts_mykyta,wer,100,100,0.09722136197136194,0.0,0.0,0.3416666666666662
deepfilternet3_wet1,opentts_mykyta,parakeet_cer,100,100,0.01726440226820641,0.0,0.0,0.1767379679144385
deepfilternet3_wet1,opentts_mykyta,parakeet_wer,100,100,0.05531818181818182,0.0,0.0,0.33666666666666645
deepfilternet3_wet1,opentts_mykyta,ecapa_similarity,100,100,0.9511301815509796,0.9617637395858765,0.8609451174736023,0.9888659030199051
deepfilternet3_wet1,opentts_mykyta,clipping_fraction,100,100,0.0,0.0,0.0,0.0
deepfilternet3_wet1,opentts_mykyta,duration_ratio,100,100,0.7587402106312803,0.775834453405018,0.6081562039493074,0.89015625
deepfilternet3_wet1,opentts_mykyta,hf_burst_count,100,100,1.96,2.0,0.0,5.0
deepfilternet3_wet1,opentts_mykyta,corpus_cer,3078,,0.01397011046133853,,,
deepfilternet3_wet1,opentts_mykyta,corpus_wer,659,,0.06980273141122914,,,
deepfilternet3_wet1,opentts_mykyta,corpus_parakeet_cer,3078,,0.012345679012345678,,,
deepfilternet3_wet1,opentts_mykyta,corpus_parakeet_wer,659,,0.04552352048558422,,,
deepfilternet3_wet1,opentts_tetiana,sigmos_overall,100,100,3.377903988361359,3.353448748588562,2.903582525253296,3.9633563637733458
deepfilternet3_wet1,opentts_tetiana,sigmos_speech,100,100,3.8877163457870485,3.858087658882141,3.3927523255348206,4.393792176246643
deepfilternet3_wet1,opentts_tetiana,sigmos_noise,100,100,4.394925274848938,4.410706996917725,3.9991149067878724,4.74962887763977
deepfilternet3_wet1,opentts_tetiana,sigmos_coloration,100,100,3.590020470619202,3.5896672010421753,3.0846142768859863,4.193093109130859
deepfilternet3_wet1,opentts_tetiana,sigmos_discontinuity,100,100,4.2027708077430725,4.19795036315918,3.6771774649620057,4.691385269165039
deepfilternet3_wet1,opentts_tetiana,audiobox_pq,100,100,7.691775250434875,7.704420566558838,7.416192746162414,7.956603264808654
deepfilternet3_wet1,opentts_tetiana,cer,100,100,0.021571246589575054,0.0,0.0,0.08076190476190472
deepfilternet3_wet1,opentts_tetiana,wer,100,100,0.12128502053502052,0.0,0.0,0.5
deepfilternet3_wet1,opentts_tetiana,parakeet_cer,100,100,0.020685267342556924,0.0,0.0,0.07791563275434238
deepfilternet3_wet1,opentts_tetiana,parakeet_wer,100,100,0.10124716949716948,0.0,0.0,0.5
deepfilternet3_wet1,opentts_tetiana,ecapa_similarity,100,100,0.8607519942522049,0.8698883652687073,0.7472472727298737,0.9577145874500275
deepfilternet3_wet1,opentts_tetiana,clipping_fraction,100,100,0.0,0.0,0.0,0.0
deepfilternet3_wet1,opentts_tetiana,duration_ratio,100,100,0.5955128672488754,0.6082577972709552,0.43754349698535744,0.7318952721275426
deepfilternet3_wet1,opentts_tetiana,hf_burst_count,100,100,2.45,2.0,0.0,6.0
deepfilternet3_wet1,opentts_tetiana,corpus_cer,3675,,0.02095238095238095,,,
deepfilternet3_wet1,opentts_tetiana,corpus_wer,791,,0.10872313527180784,,,
deepfilternet3_wet1,opentts_tetiana,corpus_parakeet_cer,3675,,0.020680272108843538,,,
deepfilternet3_wet1,opentts_tetiana,corpus_parakeet_wer,791,,0.09608091024020228,,,
deepfilternet3_wet1,tg_voices_uk,sigmos_overall,100,100,3.125662384033203,3.076066732406616,2.5169397950172425,3.7713323354721067
deepfilternet3_wet1,tg_voices_uk,sigmos_speech,100,100,3.5946522545814514,3.5550215244293213,2.9418723940849305,4.30534291267395
deepfilternet3_wet1,tg_voices_uk,sigmos_noise,100,100,4.157889783382416,4.17078971862793,3.5480961561203004,4.627074766159057
deepfilternet3_wet1,tg_voices_uk,sigmos_coloration,100,100,3.5061814737319947,3.490054130554199,2.634975552558899,4.306744909286499
deepfilternet3_wet1,tg_voices_uk,sigmos_discontinuity,100,100,4.132846496105194,4.099154949188232,3.522626543045044,4.780707240104675
deepfilternet3_wet1,tg_voices_uk,audiobox_pq,100,100,6.831806778907776,6.9113218784332275,6.036002445220947,7.549673795700073
deepfilternet3_wet1,tg_voices_uk,cer,100,100,0.05097471145778834,0.021567717996289426,0.0,0.21249999999999988
deepfilternet3_wet1,tg_voices_uk,wer,100,100,0.16395469807969806,0.09090909090909091,0.0,0.5563492063492064
deepfilternet3_wet1,tg_voices_uk,parakeet_cer,100,100,0.03831312965485731,0.0,0.0,0.1671052631578947
deepfilternet3_wet1,tg_voices_uk,parakeet_wer,100,100,0.12401855089355088,0.0,0.0,0.5577777777777777
deepfilternet3_wet1,tg_voices_uk,ecapa_similarity,100,100,0.9587946790456772,0.9744155704975128,0.8588122367858887,0.9964205592870712
deepfilternet3_wet1,tg_voices_uk,clipping_fraction,100,100,0.0,0.0,0.0,0.0
deepfilternet3_wet1,tg_voices_uk,duration_ratio,100,100,0.9425454862526509,0.9789140558153105,0.7636187604870477,1.0
deepfilternet3_wet1,tg_voices_uk,hf_burst_count,100,100,1.45,1.0,0.0,5.0
deepfilternet3_wet1,tg_voices_uk,corpus_cer,3386,,0.05197873597164796,,,
deepfilternet3_wet1,tg_voices_uk,corpus_wer,696,,0.16379310344827586,,,
deepfilternet3_wet1,tg_voices_uk,corpus_parakeet_cer,3386,,0.03927938570584761,,,
deepfilternet3_wet1,tg_voices_uk,corpus_parakeet_wer,696,,0.12643678160919541,,,
deepfilternet3_wet1,ua_ser,sigmos_overall,100,100,2.856548590660095,2.887503981590271,2.050509452819824,3.5433950781822205
deepfilternet3_wet1,ua_ser,sigmos_speech,100,100,3.3024214935302734,3.3892751932144165,2.339781391620636,3.987775194644928
deepfilternet3_wet1,ua_ser,sigmos_noise,100,100,3.8326167011260988,3.8826953172683716,2.949995195865631,4.49222240447998
deepfilternet3_wet1,ua_ser,sigmos_coloration,100,100,3.430526440143585,3.4822808504104614,2.724190521240234,3.933035838603973
deepfilternet3_wet1,ua_ser,sigmos_discontinuity,100,100,3.9909095001220702,4.015386581420898,3.088140642642975,4.634391808509826
deepfilternet3_wet1,ua_ser,audiobox_pq,100,100,6.333588058948517,6.684937953948975,4.058935797214508,7.434664273262023
deepfilternet3_wet1,ua_ser,cer,100,100,0.21159448061315125,0.093841642228739,0.0,0.9683333333333333
deepfilternet3_wet1,ua_ser,wer,100,100,0.2981358363858364,0.2,0.0,1.0
deepfilternet3_wet1,ua_ser,parakeet_cer,100,100,0.18601327887492622,0.06458333333333333,0.0,1.0
deepfilternet3_wet1,ua_ser,parakeet_wer,100,100,0.2940525030525031,0.16666666666666666,0.0,1.0
deepfilternet3_wet1,ua_ser,ecapa_similarity,100,100,0.8944415947794915,0.9486488103866577,0.558879154920578,0.9974913120269775
deepfilternet3_wet1,ua_ser,clipping_fraction,100,100,0.0,0.0,0.0,0.0
deepfilternet3_wet1,ua_ser,duration_ratio,100,100,0.998714078956415,1.0,1.0,1.0000089867094535
deepfilternet3_wet1,ua_ser,hf_burst_count,100,100,1.55,1.0,0.0,4.0
deepfilternet3_wet1,ua_ser,corpus_cer,3117,,0.16554379210779596,,,
deepfilternet3_wet1,ua_ser,corpus_wer,691,,0.2532561505065123,,,
deepfilternet3_wet1,ua_ser,corpus_parakeet_cer,3117,,0.13314084055181263,,,
deepfilternet3_wet1,ua_ser,corpus_parakeet_wer,691,,0.23878437047756873,,,
deepfilternet3_wet1,ukr_dialects,sigmos_overall,100,100,3.0445989656448362,3.0641379356384277,2.4053630948066713,3.7367134928703307
deepfilternet3_wet1,ukr_dialects,sigmos_speech,100,100,3.5788122487068175,3.5504252910614014,2.947502863407135,4.196833372116089
deepfilternet3_wet1,ukr_dialects,sigmos_noise,100,100,4.079074945449829,4.133227586746216,3.3483842253684997,4.670433974266052
deepfilternet3_wet1,ukr_dialects,sigmos_coloration,100,100,3.5556060910224914,3.631980061531067,2.7575743079185484,4.32244644165039
deepfilternet3_wet1,ukr_dialects,sigmos_discontinuity,100,100,4.217490923404694,4.254969120025635,3.6046080350875855,4.74570095539093
deepfilternet3_wet1,ukr_dialects,audiobox_pq,100,100,6.55146525144577,6.839656591415405,4.541641569137573,7.669979977607727
deepfilternet3_wet1,ukr_dialects,cer,100,100,0.23074493259465234,0.1478062338693667,0.0,0.7955128205128205
deepfilternet3_wet1,ukr_dialects,wer,100,100,0.43236032192559726,0.39642857142857146,0.0,1.0
deepfilternet3_wet1,ukr_dialects,parakeet_cer,100,100,0.1712475955490696,0.09901960784313726,0.0,0.6647214854111401
deepfilternet3_wet1,ukr_dialects,parakeet_wer,100,100,0.3426215285133203,0.2857142857142857,0.0,0.9406249999999998
deepfilternet3_wet1,ukr_dialects,ecapa_similarity,100,100,0.9160298086702824,0.9675034880638123,0.7404076665639877,0.9986593276262283
deepfilternet3_wet1,ukr_dialects,clipping_fraction,100,100,0.0,0.0,0.0,0.0
deepfilternet3_wet1,ukr_dialects,duration_ratio,100,100,0.9876483691122258,1.0,0.9200796146550865,1.0
deepfilternet3_wet1,ukr_dialects,hf_burst_count,100,100,1.28,0.0,0.0,6.0
deepfilternet3_wet1,ukr_dialects,corpus_cer,6087,,0.18367011664202398,,,
deepfilternet3_wet1,ukr_dialects,corpus_wer,1448,,0.39088397790055246,,,
deepfilternet3_wet1,ukr_dialects,corpus_parakeet_cer,6087,,0.14309183505832102,,,
deepfilternet3_wet1,ukr_dialects,corpus_parakeet_wer,1448,,0.32113259668508287,,,
deepfilternet3_wet1,source_macro,sigmos_overall,8,,3.107940667867661,,,
deepfilternet3_wet1,source_macro,sigmos_speech,8,,3.624089640676975,,,
deepfilternet3_wet1,source_macro,sigmos_noise,8,,4.120651805400849,,,
deepfilternet3_wet1,source_macro,sigmos_coloration,8,,3.5259799191355707,,,
deepfilternet3_wet1,source_macro,sigmos_discontinuity,8,,4.121114455759525,,,
deepfilternet3_wet1,source_macro,audiobox_pq,8,,6.952762903571129,,,
deepfilternet3_wet1,source_macro,cer,8,,0.095750265965346,,,
deepfilternet3_wet1,source_macro,wer,8,,0.20234198466337988,,,
deepfilternet3_wet1,source_macro,parakeet_cer,8,,0.07696882911479352,,,
deepfilternet3_wet1,source_macro,parakeet_wer,8,,0.15296687466066003,,,
deepfilternet3_wet1,source_macro,ecapa_similarity,8,,0.9046844958269503,,,
deepfilternet3_wet1,source_macro,clipping_fraction,8,,0.0,,,
deepfilternet3_wet1,source_macro,duration_ratio,8,,0.8239811629349828,,,
deepfilternet3_wet1,source_macro,hf_burst_count,8,,1.93625,,,
identity_wet1,all,sigmos_overall,800,800,2.922730892598629,2.921891689300537,2.0829283118247988,3.782582116127014
identity_wet1,all,sigmos_speech,800,800,3.478310461640358,3.483459949493408,2.5818936824798584,4.305505681037903
identity_wet1,all,sigmos_noise,800,800,3.7216031736135484,3.848869204521179,2.240491032600403,4.606117463111877
identity_wet1,all,sigmos_coloration,800,800,3.454847092926502,3.4636642932891846,2.63443261384964,4.208709192276001
identity_wet1,all,sigmos_discontinuity,800,800,4.085296558439731,4.124903917312622,3.3508416652679442,4.73913300037384
identity_wet1,all,audiobox_pq,800,800,6.704573724269867,6.884810924530029,4.659940123558044,7.823632979393005
identity_wet1,all,cer,800,800,0.06166335052785028,0.0,0.0,0.3079326923076921
identity_wet1,all,wer,800,800,0.16108051134324794,0.0625,0.0,0.6666666666666666
identity_wet1,all,parakeet_cer,800,800,0.054805959665752385,0.0,0.0,0.2609408410548823
identity_wet1,all,parakeet_wer,800,800,0.13438199714115293,0.0,0.0,0.5791666666666665
identity_wet1,all,ecapa_similarity,800,800,0.9535169544070959,0.9895481765270233,0.7980844557285309,0.9999848008155823
identity_wet1,all,clipping_fraction,800,800,1.1202424730407276e-06,0.0,0.0,0.0
identity_wet1,all,duration_ratio,800,800,0.8239811629349828,0.8830696034456846,0.4888262910798122,1.0
identity_wet1,all,hf_burst_count,800,800,1.94,1.0,0.0,7.0
identity_wet1,all,corpus_cer,37217,,0.05467931321707822,,,
identity_wet1,all,corpus_wer,7566,,0.1526566217287867,,,
identity_wet1,all,corpus_parakeet_cer,37217,,0.04409275331165865,,,
identity_wet1,all,corpus_parakeet_wer,7566,,0.1293946603224954,,,
identity_wet1,common_voice_available_uk,sigmos_overall,100,100,2.8550301790237427,2.9121495485305786,2.003813588619232,3.5908303618431088
identity_wet1,common_voice_available_uk,sigmos_speech,100,100,3.2892565441131594,3.258244752883911,2.501481628417969,4.12941083908081
identity_wet1,common_voice_available_uk,sigmos_noise,100,100,3.7655016684532168,3.8460683822631836,2.5797129392623903,4.545757579803467
identity_wet1,common_voice_available_uk,sigmos_coloration,100,100,3.2596873807907105,3.287610411643982,2.220230448246002,4.132975625991821
identity_wet1,common_voice_available_uk,sigmos_discontinuity,100,100,4.040408356189728,4.041830062866211,3.353117513656616,4.730087161064148
identity_wet1,common_voice_available_uk,audiobox_pq,100,100,5.838726079463958,6.116966724395752,3.86933718919754,7.057375907897949
identity_wet1,common_voice_available_uk,cer,100,100,0.03504026124943902,0.0,0.0,0.18783292978208224
identity_wet1,common_voice_available_uk,wer,100,100,0.14293972693972695,0.07142857142857142,0.0,0.5083333333333329
identity_wet1,common_voice_available_uk,parakeet_cer,100,100,0.010439512820288708,0.0,0.0,0.05590277777777775
identity_wet1,common_voice_available_uk,parakeet_wer,100,100,0.04240162615162615,0.0,0.0,0.2896103896103894
identity_wet1,common_voice_available_uk,ecapa_similarity,100,100,0.9693913143873215,0.9779484570026398,0.9124078810214996,0.9999836683273315
identity_wet1,common_voice_available_uk,clipping_fraction,100,100,2.0586297760210804e-07,0.0,0.0,0.0
identity_wet1,common_voice_available_uk,duration_ratio,100,100,0.813752336809151,0.7917801352138629,0.6461808044603743,1.0
identity_wet1,common_voice_available_uk,hf_burst_count,100,100,0.62,0.0,0.0,3.0
identity_wet1,common_voice_available_uk,corpus_cer,3629,,0.030035822540644807,,,
identity_wet1,common_voice_available_uk,corpus_wer,747,,0.12449799196787148,,,
identity_wet1,common_voice_available_uk,corpus_parakeet_cer,3629,,0.010195646183521631,,,
identity_wet1,common_voice_available_uk,corpus_parakeet_wer,747,,0.040160642570281124,,,
identity_wet1,fleurs_uk,sigmos_overall,100,100,2.86510169506073,2.903213381767273,2.280546510219574,3.319852304458618
identity_wet1,fleurs_uk,sigmos_speech,100,100,3.289348723888397,3.3041268587112427,2.627924692630768,3.8344159245491025
identity_wet1,fleurs_uk,sigmos_noise,100,100,3.636540992259979,3.705971360206604,2.7617146968841553,4.306689310073852
identity_wet1,fleurs_uk,sigmos_coloration,100,100,3.5618731117248537,3.5746161937713623,3.0374206423759462,4.19457597732544
identity_wet1,fleurs_uk,sigmos_discontinuity,100,100,3.6877196288108824,3.69684100151062,3.1639739751815794,4.151567840576172
identity_wet1,fleurs_uk,audiobox_pq,100,100,6.638538608551025,6.586326837539673,5.8774179220199585,7.3775842666625975
identity_wet1,fleurs_uk,cer,100,100,0.017768219716301655,0.0,0.0,0.0976829268292683
identity_wet1,fleurs_uk,wer,100,100,0.05912807669689212,0.016666666666666666,0.0,0.27337662337662333
identity_wet1,fleurs_uk,parakeet_cer,100,100,0.011209766304572731,0.0,0.0,0.05697727272727272
identity_wet1,fleurs_uk,parakeet_wer,100,100,0.038003496157192,0.0,0.0,0.158695652173913
identity_wet1,fleurs_uk,ecapa_similarity,100,100,0.9941834408044815,0.995873361825943,0.983957827091217,0.9997885078191757
identity_wet1,fleurs_uk,clipping_fraction,100,100,0.0,0.0,0.0,0.0
identity_wet1,fleurs_uk,duration_ratio,100,100,0.9391234847113958,0.9671437080355207,0.8385276885711983,1.0
identity_wet1,fleurs_uk,hf_burst_count,100,100,4.14,1.0,0.0,12.049999999999997
identity_wet1,fleurs_uk,corpus_cer,10464,,0.018539755351681956,,,
identity_wet1,fleurs_uk,corpus_wer,1746,,0.05670103092783505,,,
identity_wet1,fleurs_uk,corpus_parakeet_cer,10464,,0.013092507645259939,,,
identity_wet1,fleurs_uk,corpus_parakeet_wer,1746,,0.04524627720504009,,,
identity_wet1,opentts_lada,sigmos_overall,100,100,2.7768834447860717,2.8227216005325317,2.314581739902496,3.256846570968628
identity_wet1,opentts_lada,sigmos_speech,100,100,3.6602721571922303,3.6917988061904907,3.136479341983795,4.185134744644165
identity_wet1,opentts_lada,sigmos_noise,100,100,3.8242172241210937,3.8796242475509644,2.9299523711204527,4.529277348518372
identity_wet1,opentts_lada,sigmos_coloration,100,100,3.3998258972167967,3.4004108905792236,2.6821827411651613,4.0078037023544315
identity_wet1,opentts_lada,sigmos_discontinuity,100,100,4.194999916553497,4.2121124267578125,3.728363263607025,4.660817980766296
identity_wet1,opentts_lada,audiobox_pq,100,100,7.213479113578797,7.2534401416778564,6.743313908576965,7.5285907745361325
identity_wet1,opentts_lada,cer,100,100,0.024179167137542087,0.0,0.0,0.10026315789473683
identity_wet1,opentts_lada,wer,100,100,0.10269322344322344,0.0,0.0,0.5049999999999997
identity_wet1,opentts_lada,parakeet_cer,100,100,0.019309669581728587,0.0,0.0,0.07977296181630539
identity_wet1,opentts_lada,parakeet_wer,100,100,0.0858663836163836,0.0,0.0,0.40499999999999975
identity_wet1,opentts_lada,ecapa_similarity,100,100,0.86015187561512,0.8614482283592224,0.7623028755187988,0.9571970611810684
identity_wet1,opentts_lada,clipping_fraction,100,100,5.279807910432317e-06,0.0,0.0,0.0
identity_wet1,opentts_lada,duration_ratio,100,100,0.5558124697578688,0.5507753357753358,0.42121739371739364,0.6850349406009781
identity_wet1,opentts_lada,hf_burst_count,100,100,2.37,2.0,0.0,5.0
identity_wet1,opentts_lada,corpus_cer,3781,,0.026712509918011107,,,
identity_wet1,opentts_lada,corpus_wer,788,,0.09263959390862944,,,
identity_wet1,opentts_lada,corpus_parakeet_cer,3781,,0.021951864586088336,,,
identity_wet1,opentts_lada,corpus_parakeet_wer,788,,0.08121827411167512,,,
identity_wet1,opentts_mykyta,sigmos_overall,100,100,3.5090866088867188,3.5360841751098633,2.90773948431015,3.98224014043808
identity_wet1,opentts_mykyta,sigmos_speech,100,100,4.003521506786346,4.102919578552246,3.40366872549057,4.485804033279419
identity_wet1,opentts_mykyta,sigmos_noise,100,100,4.314934415817261,4.3415915966033936,3.8048876762390136,4.731532955169678
identity_wet1,opentts_mykyta,sigmos_coloration,100,100,3.7667491126060484,3.795994758605957,3.0808756351470947,4.343797039985657
identity_wet1,opentts_mykyta,sigmos_discontinuity,100,100,4.349838404655457,4.343713283538818,3.930777072906494,4.767456746101379
identity_wet1,opentts_mykyta,audiobox_pq,100,100,7.688066034317017,7.707107067108154,7.3861897706985475,7.902052474021912
identity_wet1,opentts_mykyta,cer,100,100,0.01520905785708319,0.0,0.0,0.06270833333333332
identity_wet1,opentts_mykyta,wer,100,100,0.08995213120213119,0.0,0.0,0.3333333333333333
identity_wet1,opentts_mykyta,parakeet_cer,100,100,0.017068323836833862,0.0,0.0,0.1767379679144385
identity_wet1,opentts_mykyta,parakeet_wer,100,100,0.05965151515151515,0.0,0.0,0.4
identity_wet1,opentts_mykyta,ecapa_similarity,100,100,0.9569689130783081,0.9707385003566742,0.8650314778089523,0.993866291642189
identity_wet1,opentts_mykyta,clipping_fraction,100,100,0.0,0.0,0.0,0.0
identity_wet1,opentts_mykyta,duration_ratio,100,100,0.7587402106312803,0.775834453405018,0.6081562039493074,0.89015625
identity_wet1,opentts_mykyta,hf_burst_count,100,100,2.12,2.0,0.0,5.0
identity_wet1,opentts_mykyta,corpus_cer,3078,,0.01332033788174139,,,
identity_wet1,opentts_mykyta,corpus_wer,659,,0.0637329286798179,,,
identity_wet1,opentts_mykyta,corpus_parakeet_cer,3078,,0.012020792722547108,,,
identity_wet1,opentts_mykyta,corpus_parakeet_wer,659,,0.048558421851289835,,,
identity_wet1,opentts_tetiana,sigmos_overall,100,100,3.343295178413391,3.3551082611083984,2.7882124185562134,3.800326597690582
identity_wet1,opentts_tetiana,sigmos_speech,100,100,3.9449675488471985,3.972938299179077,3.4646483659744263,4.440552377700806
identity_wet1,opentts_tetiana,sigmos_noise,100,100,4.323756766319275,4.353959083557129,3.8380812406539917,4.720217657089234
identity_wet1,opentts_tetiana,sigmos_coloration,100,100,3.5848575472831725,3.566789388656616,3.0450775742530825,4.171962738037109
identity_wet1,opentts_tetiana,sigmos_discontinuity,100,100,4.226157932281494,4.247532606124878,3.7236880540847777,4.724240398406982
identity_wet1,opentts_tetiana,audiobox_pq,100,100,7.634259805679322,7.646099805831909,7.297778940200805,7.914866471290589
identity_wet1,opentts_tetiana,cer,100,100,0.022047437065765535,0.0,0.0,0.08076190476190472
identity_wet1,opentts_tetiana,wer,100,100,0.12514216339216339,0.0,0.0,0.5
identity_wet1,opentts_tetiana,parakeet_cer,100,100,0.021144547645587233,0.0,0.0,0.07791563275434238
identity_wet1,opentts_tetiana,parakeet_wer,100,100,0.10850907425907426,0.0,0.0,0.5
identity_wet1,opentts_tetiana,ecapa_similarity,100,100,0.8579379421472549,0.8606365919113159,0.7281034022569657,0.9563729584217071
identity_wet1,opentts_tetiana,clipping_fraction,100,100,0.0,0.0,0.0,0.0
identity_wet1,opentts_tetiana,duration_ratio,100,100,0.5955128672488754,0.6082577972709552,0.43754349698535744,0.7318952721275426
identity_wet1,opentts_tetiana,hf_burst_count,100,100,2.59,2.0,0.0,6.0
identity_wet1,opentts_tetiana,corpus_cer,3675,,0.021496598639455782,,,
identity_wet1,opentts_tetiana,corpus_wer,791,,0.1125158027812895,,,
identity_wet1,opentts_tetiana,corpus_parakeet_cer,3675,,0.02122448979591837,,,
identity_wet1,opentts_tetiana,corpus_parakeet_wer,791,,0.1011378002528445,,,
identity_wet1,tg_voices_uk,sigmos_overall,100,100,2.9055896687507627,2.898303270339966,2.251561403274536,3.6003185987472532
identity_wet1,tg_voices_uk,sigmos_speech,100,100,3.443515188694,3.423885464668274,2.6982345938682557,4.3107991218566895
identity_wet1,tg_voices_uk,sigmos_noise,100,100,3.5891848969459534,3.639740467071533,2.555678915977478,4.4836348533630375
identity_wet1,tg_voices_uk,sigmos_coloration,100,100,3.4642998933792115,3.4443912506103516,2.730785369873047,4.285762643814087
identity_wet1,tg_voices_uk,sigmos_discontinuity,100,100,4.213883171081543,4.231502532958984,3.560107433795929,4.826272487640381
identity_wet1,tg_voices_uk,audiobox_pq,100,100,6.353637571334839,6.437027454376221,5.284616494178772,7.213888072967529
identity_wet1,tg_voices_uk,cer,100,100,0.0535212855756455,0.021567717996289426,0.0,0.2107142857142857
identity_wet1,tg_voices_uk,wer,100,100,0.1639647990897991,0.09545454545454546,0.0,0.5728571428571427
identity_wet1,tg_voices_uk,parakeet_cer,100,100,0.03998370847752698,0.0,0.0,0.1767379679144385
identity_wet1,tg_voices_uk,parakeet_wer,100,100,0.1374544483294483,0.0,0.0,0.5555555555555556
identity_wet1,tg_voices_uk,ecapa_similarity,100,100,0.9925917828083038,0.9975953996181488,0.9726792454719544,0.999997952580452
identity_wet1,tg_voices_uk,clipping_fraction,100,100,1.1679781597416103e-06,0.0,0.0,0.0
identity_wet1,tg_voices_uk,duration_ratio,100,100,0.9425454862526509,0.9789140558153105,0.7636187604870477,1.0
identity_wet1,tg_voices_uk,hf_burst_count,100,100,1.39,1.0,0.0,4.0
identity_wet1,tg_voices_uk,corpus_cer,3386,,0.049616066154754876,,,
identity_wet1,tg_voices_uk,corpus_wer,696,,0.15804597701149425,,,
identity_wet1,tg_voices_uk,corpus_parakeet_cer,3386,,0.03987005316007088,,,
identity_wet1,tg_voices_uk,corpus_parakeet_wer,696,,0.13793103448275862,,,
identity_wet1,ua_ser,sigmos_overall,100,100,2.4128793144226073,2.4507994651794434,1.5959349274635315,3.073824918270111
identity_wet1,ua_ser,sigmos_speech,100,100,2.956578314304352,2.999507427215576,2.1166967153549194,3.6893798112869263
identity_wet1,ua_ser,sigmos_noise,100,100,2.982171220779419,3.1189515590667725,1.724570393562317,4.259127783775329
identity_wet1,ua_ser,sigmos_coloration,100,100,3.2022340869903565,3.212373733520508,2.5560210585594176,3.7486918330192562
identity_wet1,ua_ser,sigmos_discontinuity,100,100,3.870817940235138,3.8857321739196777,2.926164782047272,4.69279203414917
identity_wet1,ua_ser,audiobox_pq,100,100,6.042805700302124,6.278732538223267,4.328355860710144,7.217542386054992
identity_wet1,ua_ser,cer,100,100,0.14457251249772063,0.06559139784946236,0.0,0.6410052910052904
identity_wet1,ua_ser,wer,100,100,0.24158760683760683,0.16666666666666666,0.0,0.8416666666666662
identity_wet1,ua_ser,parakeet_cer,100,100,0.16122440963824977,0.058823529411764705,0.0,1.0
identity_wet1,ua_ser,parakeet_wer,100,100,0.2758620268620269,0.16666666666666666,0.0,1.0
identity_wet1,ua_ser,ecapa_similarity,100,100,0.9992674505710601,0.9994466304779053,0.9984018504619598,0.9998917251825332
identity_wet1,ua_ser,clipping_fraction,100,100,0.0,0.0,0.0,0.0
identity_wet1,ua_ser,duration_ratio,100,100,0.998714078956415,1.0,1.0,1.0000089867094535
identity_wet1,ua_ser,hf_burst_count,100,100,1.24,1.0,0.0,4.0
identity_wet1,ua_ser,corpus_cer,3117,,0.1286493423163298,,,
identity_wet1,ua_ser,corpus_wer,691,,0.2199710564399421,,,
identity_wet1,ua_ser,corpus_parakeet_cer,3117,,0.11100417067693295,,,
identity_wet1,ua_ser,corpus_parakeet_wer,691,,0.21562952243125905,,,
identity_wet1,ukr_dialects,sigmos_overall,100,100,2.7139810514450073,2.7253880500793457,2.053372025489807,3.448904848098755
identity_wet1,ukr_dialects,sigmos_speech,100,100,3.23902370929718,3.238341450691223,2.5901108622550963,3.9708911657333372
identity_wet1,ukr_dialects,sigmos_noise,100,100,3.336518204212189,3.342219829559326,1.9633413910865785,4.473777341842651
identity_wet1,ukr_dialects,sigmos_coloration,100,100,3.399249713420868,3.4667062759399414,2.396265280246735,4.276404786109924
identity_wet1,ukr_dialects,sigmos_discontinuity,100,100,4.098547117710114,4.187107801437378,3.3376301765441894,4.7729347229003904
identity_wet1,ukr_dialects,audiobox_pq,100,100,6.227076880931854,6.181574106216431,4.469526481628418,7.604976153373718
identity_wet1,ukr_dialects,cer,100,100,0.18096886312330465,0.1259920634920635,0.0,0.6009523809523809
identity_wet1,ukr_dialects,wer,100,100,0.3632363631444403,0.327683615819209,0.0,0.8210227272727272
identity_wet1,ukr_dialects,parakeet_cer,100,100,0.1580677390212312,0.09663865546218486,0.0,0.4379120879120878
identity_wet1,ukr_dialects,parakeet_wer,100,100,0.32730740660195706,0.2649122807017544,0.0,0.8272727272727268
identity_wet1,ukr_dialects,ecapa_similarity,100,100,0.9976429158449173,0.9993453919887543,0.9905529350042344,0.9999195098876953
identity_wet1,ukr_dialects,clipping_fraction,100,100,2.308290736549785e-06,0.0,0.0,1.8605002195550354e-05
identity_wet1,ukr_dialects,duration_ratio,100,100,0.9876483691122258,1.0,0.9200796146550865,1.0
identity_wet1,ukr_dialects,hf_burst_count,100,100,1.05,0.0,0.0,5.049999999999997
identity_wet1,ukr_dialects,corpus_cer,6087,,0.1547560374568753,,,
identity_wet1,ukr_dialects,corpus_wer,1448,,0.343232044198895,,,
identity_wet1,ukr_dialects,corpus_parakeet_cer,6087,,0.1294562181698702,,,
identity_wet1,ukr_dialects,corpus_parakeet_wer,1448,,0.3100828729281768,,,
identity_wet1,source_macro,sigmos_overall,8,,2.9227308925986293,,,
identity_wet1,source_macro,sigmos_speech,8,,3.478310461640358,,,
identity_wet1,source_macro,sigmos_noise,8,,3.7216031736135484,,,
identity_wet1,source_macro,sigmos_coloration,8,,3.454847092926502,,,
identity_wet1,source_macro,sigmos_discontinuity,8,,4.085296558439731,,,
identity_wet1,source_macro,audiobox_pq,8,,6.704573724269867,,,
identity_wet1,source_macro,cer,8,,0.061663350527850276,,,
identity_wet1,source_macro,wer,8,,0.1610805113432479,,,
identity_wet1,source_macro,parakeet_cer,8,,0.054805959665752385,,,
identity_wet1,source_macro,parakeet_wer,8,,0.13438199714115293,,,
identity_wet1,source_macro,ecapa_similarity,8,,0.9535169544070958,,,
identity_wet1,source_macro,clipping_fraction,8,,1.1202424730407276e-06,,,
identity_wet1,source_macro,duration_ratio,8,,0.8239811629349828,,,
identity_wet1,source_macro,hf_burst_count,8,,1.94,,,
