group,lower_inclusive,upper,upper_inclusive,count,percent
Original,1.0,1.2,False,0,0.0
Original,1.2,1.4,False,2,0.25
Original,1.4,1.6,False,6,0.75
Original,1.6,1.8,False,6,0.75
Original,1.8,2.0,False,18,2.25
Original,2.0,2.2,False,35,4.375
Original,2.2,2.4000000000000004,False,65,8.125
Original,2.4000000000000004,2.6,False,63,7.875
Original,2.6,2.8,False,92,11.5
Original,2.8,3.0,False,100,12.5
Original,3.0,3.2,False,110,13.75
Original,3.2,3.4000000000000004,False,101,12.625
Original,3.4000000000000004,3.6,False,91,11.375
Original,3.6,3.8000000000000003,False,55,6.875
Original,3.8000000000000003,4.0,False,33,4.125
Original,4.0,4.2,False,18,2.25
Original,4.2,4.4,False,4,0.5
Original,4.4,4.6,False,0,0.0
Original,4.6,4.800000000000001,False,1,0.125
Original,4.800000000000001,5.0,True,0,0.0
Per-item best,1.0,1.2,False,0,0.0
Per-item best,1.2,1.4,False,0,0.0
Per-item best,1.4,1.6,False,0,0.0
Per-item best,1.6,1.8,False,0,0.0
Per-item best,1.8,2.0,False,1,0.125
Per-item best,2.0,2.2,False,4,0.5
Per-item best,2.2,2.4000000000000004,False,5,0.625
Per-item best,2.4000000000000004,2.6,False,14,1.75
Per-item best,2.6,2.8,False,51,6.375
Per-item best,2.8,3.0,False,103,12.875
Per-item best,3.0,3.2,False,147,18.375
Per-item best,3.2,3.4000000000000004,False,138,17.25
Per-item best,3.4000000000000004,3.6,False,135,16.875
Per-item best,3.6,3.8000000000000003,False,119,14.875
Per-item best,3.8000000000000003,4.0,False,53,6.625
Per-item best,4.0,4.2,False,25,3.125
Per-item best,4.2,4.4,False,4,0.5
Per-item best,4.4,4.6,False,0,0.0
Per-item best,4.6,4.800000000000001,False,1,0.125
Per-item best,4.800000000000001,5.0,True,0,0.0
