count,mean,median,metric,p05,p95,profile,source_id
800,4.676443489583334,3.91,duration_seconds,1.8790020833333332,11.1405,mfa_trim,all
800,0.0,0.0,clipping_fraction,0.0,0.0,mfa_trim,all
800,1.90375,1.0,hf_burst_count,0.0,7.0,mfa_trim,all
800,2.8985496005415916,2.9054912328720093,sigmos_overall,1.9876734972000123,3.772104144096374,mfa_trim,all
800,3.4507495176792147,3.4667857885360718,sigmos_speech,2.4806394934654237,4.320469212532044,mfa_trim,all
800,3.7308896759152415,3.8886280059814453,sigmos_noise,2.222290277481079,4.6299806356430055,mfa_trim,all
800,3.4435718935728072,3.471275806427002,sigmos_coloration,2.6308587551116944,4.1800429105758665,mfa_trim,all
800,4.078568079173565,4.105672359466553,sigmos_discontinuity,3.2922005891799926,4.7505059242248535,mfa_trim,all
800,3.5440446320176124,3.601144552230835,sigmos_loudness,2.60401850938797,4.421949863433838,mfa_trim,all
800,3.9567931056022645,4.0345165729522705,sigmos_reverb,2.954814052581787,4.66296956539154,mfa_trim,all
800,6.727703688442707,6.903473377227783,audiobox_pq,4.8039624214172365,7.828686165809631,mfa_trim,all
800,0.06425876031045022,0.0,cer,0.0,0.3333333333333333,mfa_trim,all
800,0.1656586634035405,0.06904761904761905,wer,0.0,0.6666666666666666,mfa_trim,all
800,0.9597475504875184,0.9855390787124634,ecapa_similarity,0.8364828288555145,0.9999935418367386,mfa_trim,all
800,0.05563369335837253,0.0,parakeet_cer,0.0,0.26679487179487166,mfa_trim,all
800,0.1326154578875583,0.0,parakeet_wer,0.0,0.6,mfa_trim,all
100,3.4592066666666663,3.36,duration_seconds,1.666,5.615999999999999,mfa_trim,common_voice_available_uk
100,0.0,0.0,clipping_fraction,0.0,0.0,mfa_trim,common_voice_available_uk
100,0.61,0.0,hf_burst_count,0.0,3.0,mfa_trim,common_voice_available_uk
100,2.7964463901519774,2.868551254272461,sigmos_overall,1.9918466567993165,3.5956936836242677,mfa_trim,common_voice_available_uk
100,3.2534911918640135,3.262015223503113,sigmos_speech,2.4783774971961976,4.057749938964844,mfa_trim,common_voice_available_uk
100,3.7856994223594667,3.93850314617157,sigmos_noise,2.5292215228080748,4.480002546310424,mfa_trim,common_voice_available_uk
100,3.285587577819824,3.3348742723464966,sigmos_coloration,2.3435057997703552,4.152155447006225,mfa_trim,common_voice_available_uk
100,4.0781840276718135,4.078014373779297,sigmos_discontinuity,3.3383087158203124,4.733631372451782,mfa_trim,common_voice_available_uk
100,3.670482792854309,3.6781303882598877,sigmos_loudness,2.8560171008110045,4.386072325706482,mfa_trim,common_voice_available_uk
100,3.8274912142753603,3.8974093198776245,sigmos_reverb,2.909697675704956,4.634828090667725,mfa_trim,common_voice_available_uk
100,5.906477222442627,6.125240802764893,audiobox_pq,4.021423172950745,7.098835587501526,mfa_trim,common_voice_available_uk
100,0.034901536904672036,0.0,cer,0.0,0.1710241615578795,mfa_trim,common_voice_available_uk
100,0.13362959262959262,0.0,wer,0.0,0.5035714285714283,mfa_trim,common_voice_available_uk
100,0.9591136109828949,0.9699918031692505,ecapa_similarity,0.8810015499591828,0.9999349325895309,mfa_trim,common_voice_available_uk
100,0.010783985513447288,0.0,parakeet_cer,0.0,0.056186868686868646,mfa_trim,common_voice_available_uk
100,0.04437012987012987,0.0,parakeet_wer,0.0,0.27337662337662333,mfa_trim,common_voice_available_uk
100,9.503803333333334,9.85,duration_seconds,4.311039583333333,16.58900208333333,mfa_trim,fleurs_uk
100,0.0,0.0,clipping_fraction,0.0,0.0,mfa_trim,fleurs_uk
100,4.07,1.0,hf_burst_count,0.0,13.0,mfa_trim,fleurs_uk
100,2.7565328907966613,2.7517589330673218,sigmos_overall,2.1938074469566344,3.2695960044860835,mfa_trim,fleurs_uk
100,3.2054875564575194,3.2431873083114624,sigmos_speech,2.661444342136383,3.7303499341011044,mfa_trim,fleurs_uk
100,3.5610495257377623,3.674416661262512,sigmos_noise,2.7327131271362304,4.128923058509827,mfa_trim,fleurs_uk
100,3.531827538013458,3.5845212936401367,sigmos_coloration,2.901980233192444,4.0010513901710505,mfa_trim,fleurs_uk
100,3.669141721725464,3.6774407625198364,sigmos_discontinuity,3.0144923448562624,4.208029007911682,mfa_trim,fleurs_uk
100,3.5597681832313537,3.5092285871505737,sigmos_loudness,2.9294497847557066,4.318653273582458,mfa_trim,fleurs_uk
100,4.012947916984558,4.091148138046265,sigmos_reverb,3.2134911179542542,4.653105783462524,mfa_trim,fleurs_uk
100,6.667667927742005,6.6219775676727295,audiobox_pq,5.892637228965759,7.479977154731751,mfa_trim,fleurs_uk
100,0.01762696968679123,0.0,cer,0.0,0.08060268646164717,mfa_trim,fleurs_uk
100,0.057981737670757705,0.0,wer,0.0,0.22474747474747458,mfa_trim,fleurs_uk
100,0.9903308498859406,0.9940587878227234,ecapa_similarity,0.9677497655153274,0.9997949153184891,mfa_trim,fleurs_uk
100,0.011311075478215358,0.0,parakeet_cer,0.0,0.057063692480359134,mfa_trim,fleurs_uk
100,0.03548428393031387,0.0,parakeet_wer,0.0,0.15789473684210525,mfa_trim,fleurs_uk
100,4.077305833333334,4.090020833333334,duration_seconds,2.647002083333333,5.591,mfa_trim,opentts_lada
100,0.0,0.0,clipping_fraction,0.0,0.0,mfa_trim,opentts_lada
100,2.37,2.0,hf_burst_count,0.0,5.0,mfa_trim,opentts_lada
100,2.8085733103752135,2.7794647216796875,sigmos_overall,2.433834409713745,3.2509068965911867,mfa_trim,opentts_lada
100,3.6229966259002686,3.6412919759750366,sigmos_speech,3.0711726903915406,4.091755747795105,mfa_trim,opentts_lada
100,3.8625192189216615,3.9216017723083496,sigmos_noise,3.0317919492721557,4.564364624023438,mfa_trim,opentts_lada
100,3.360810000896454,3.3660032749176025,sigmos_coloration,2.8605847120285035,3.787304711341858,mfa_trim,opentts_lada
100,4.135884327888489,4.127496242523193,sigmos_discontinuity,3.5711185216903685,4.738547348976135,mfa_trim,opentts_lada
100,3.01108261346817,3.058257818222046,sigmos_loudness,2.2507949352264403,3.6160119771957397,mfa_trim,opentts_lada
100,4.149044787883758,4.14063572883606,sigmos_reverb,3.743250036239624,4.627042555809021,mfa_trim,opentts_lada
100,7.314704627990722,7.340085983276367,audiobox_pq,6.940980076789856,7.626448178291321,mfa_trim,opentts_lada
100,0.02643041414579775,0.0,cer,0.0,0.10026315789473683,mfa_trim,opentts_lada
100,0.10029928404928405,0.0,wer,0.0,0.40499999999999975,mfa_trim,opentts_lada
100,0.9107724994421005,0.9063874781131744,ecapa_similarity,0.7876196444034577,0.9999989300966263,mfa_trim,opentts_lada
100,0.020429749913441708,0.0,parakeet_cer,0.0,0.07699849170437406,mfa_trim,opentts_lada
100,0.08727114552114554,0.0,parakeet_wer,0.0,0.40499999999999975,mfa_trim,opentts_lada
100,3.715102083333333,3.27,duration_seconds,2.0494999999999997,6.055499999999999,mfa_trim,opentts_mykyta
100,0.0,0.0,clipping_fraction,0.0,0.0,mfa_trim,opentts_mykyta
100,2.03,1.5,hf_burst_count,0.0,5.0,mfa_trim,opentts_mykyta
100,3.547578845024109,3.52099072933197,sigmos_overall,3.063700520992279,4.0494963169097895,mfa_trim,opentts_mykyta
100,4.048352596759796,4.1130595207214355,sigmos_speech,3.413539719581604,4.527997398376465,mfa_trim,opentts_mykyta
100,4.329253654479981,4.359545707702637,sigmos_noise,3.8009000420570374,4.719735646247863,mfa_trim,opentts_mykyta
100,3.761911778450012,3.7713396549224854,sigmos_coloration,3.035798716545105,4.414559602737427,mfa_trim,opentts_mykyta
100,4.4168043398857115,4.440890312194824,sigmos_discontinuity,3.94982373714447,4.813399410247802,mfa_trim,opentts_mykyta
100,3.9819711470603942,4.014892816543579,sigmos_loudness,3.1847530603408813,4.608964896202087,mfa_trim,opentts_mykyta
100,4.188559222221374,4.202066421508789,sigmos_reverb,3.6235501646995543,4.6657764434814455,mfa_trim,opentts_mykyta
100,7.669440388679504,7.688591718673706,audiobox_pq,7.382846164703369,7.915945506095886,mfa_trim,opentts_mykyta
100,0.015906196202548108,0.0,cer,0.0,0.06666666666666667,mfa_trim,opentts_mykyta
100,0.0985632423132423,0.0,wer,0.0,0.3416666666666662,mfa_trim,opentts_mykyta
100,0.9578284215927124,0.9693389534950256,ecapa_similarity,0.8699093967676162,0.9935460597276687,mfa_trim,opentts_mykyta
100,0.01368339575678383,0.0,parakeet_cer,0.0,0.04667553191489338,mfa_trim,opentts_mykyta
100,0.04798484848484849,0.0,parakeet_wer,0.0,0.3333333333333333,mfa_trim,opentts_mykyta
100,4.326089166666666,4.280020833333333,duration_seconds,2.5410020833333333,5.989039583333333,mfa_trim,opentts_tetiana
100,0.0,0.0,clipping_fraction,0.0,0.0,mfa_trim,opentts_tetiana
100,2.59,2.0,hf_burst_count,0.0,6.0,mfa_trim,opentts_tetiana
100,3.370926015377045,3.3399343490600586,sigmos_overall,2.907150936126709,3.969150948524475,mfa_trim,opentts_tetiana
100,3.9155502676963807,3.886616826057434,sigmos_speech,3.477662813663483,4.509988379478455,mfa_trim,opentts_tetiana
100,4.408198068141937,4.437124729156494,sigmos_noise,4.0134067177772526,4.750418710708618,mfa_trim,opentts_tetiana
100,3.5670275020599367,3.5857760906219482,sigmos_coloration,3.063559651374817,4.054682683944702,mfa_trim,opentts_tetiana
100,4.176577007770538,4.193368911743164,sigmos_discontinuity,3.751220095157623,4.687373113632202,mfa_trim,opentts_tetiana
100,3.888411753177643,3.8415026664733887,sigmos_loudness,3.371740627288818,4.454822421073914,mfa_trim,opentts_tetiana
100,4.3302420496940615,4.323163986206055,sigmos_reverb,3.777093029022217,4.749725103378296,mfa_trim,opentts_tetiana
100,7.668689365386963,7.6579060554504395,audiobox_pq,7.46791820526123,7.9025355815887455,mfa_trim,opentts_tetiana
100,0.020650991675570142,0.0,cer,0.0,0.08,mfa_trim,opentts_tetiana
100,0.12223740148740149,0.0,wer,0.0,0.5,mfa_trim,opentts_tetiana
100,0.898027378320694,0.9056286811828613,ecapa_similarity,0.7812844425439834,0.9999972641468048,mfa_trim,opentts_tetiana
100,0.019748925443715027,0.0,parakeet_cer,0.0,0.08083870967741931,mfa_trim,opentts_tetiana
100,0.09545351870351869,0.0,parakeet_wer,0.0,0.33666666666666645,mfa_trim,opentts_tetiana
100,3.7056975,3.1550000000000002,duration_seconds,1.6965791666666667,7.8835395833333335,mfa_trim,tg_voices_uk
100,0.0,0.0,clipping_fraction,0.0,0.0,mfa_trim,tg_voices_uk
100,1.38,1.0,hf_burst_count,0.0,4.0,mfa_trim,tg_voices_uk
100,2.8397933292388915,2.7711732387542725,sigmos_overall,2.1505533933639525,3.6989797353744507,mfa_trim,tg_voices_uk
100,3.4266331434249877,3.3882886171340942,sigmos_speech,2.696557140350342,4.247944617271423,mfa_trim,tg_voices_uk
100,3.6179018354415895,3.6857802867889404,sigmos_noise,2.4888922929763795,4.538628959655762,mfa_trim,tg_voices_uk
100,3.4617449331283567,3.500569224357605,sigmos_coloration,2.5880709886550903,4.335653162002563,mfa_trim,tg_voices_uk
100,4.163302977085113,4.143003702163696,sigmos_discontinuity,3.5658982157707215,4.810150909423828,mfa_trim,tg_voices_uk
100,3.739225709438324,3.781704545021057,sigmos_loudness,2.779142963886261,4.446769189834595,mfa_trim,tg_voices_uk
100,3.849470021724701,3.8499841690063477,sigmos_reverb,3.0388081550598143,4.559356069564819,mfa_trim,tg_voices_uk
100,6.320265460014343,6.390644788742065,audiobox_pq,5.160716652870178,7.225599861145019,mfa_trim,tg_voices_uk
100,0.05786550193552593,0.02020408163265306,cer,0.0,0.2191964285714283,mfa_trim,tg_voices_uk
100,0.16991021478521476,0.09090909090909091,wer,0.0,0.5563492063492064,mfa_trim,tg_voices_uk
100,0.9854334914684295,0.9938727021217346,ecapa_similarity,0.9462435334920883,0.99998679459095,mfa_trim,tg_voices_uk
100,0.03295301471926963,0.0,parakeet_cer,0.0,0.15448717948717947,mfa_trim,tg_voices_uk
100,0.12023883061383062,0.0,parakeet_wer,0.0,0.5,mfa_trim,tg_voices_uk
100,2.525857916666667,2.40475,duration_seconds,1.73724375,3.696035416666666,mfa_trim,ua_ser
100,0.0,0.0,clipping_fraction,0.0,0.0,mfa_trim,ua_ser
100,1.15,1.0,hf_burst_count,0.0,4.0,mfa_trim,ua_ser
100,2.409665915966034,2.4989874362945557,sigmos_overall,1.5095797538757325,3.0765478014945984,mfa_trim,ua_ser
100,2.9267182207107543,2.9788020849227905,sigmos_speech,2.0469682812690735,3.7574803590774537,mfa_trim,ua_ser
100,2.983179051876068,3.0849649906158447,sigmos_noise,1.7250139236450195,4.225732040405274,mfa_trim,ua_ser
100,3.1945919251441954,3.2057305574417114,sigmos_coloration,2.6156311631202698,3.744982433319092,mfa_trim,ua_ser
100,3.873092625141144,3.8900973796844482,sigmos_discontinuity,2.922979700565338,4.66036593914032,mfa_trim,ua_ser
100,3.315196604728699,3.3298157453536987,sigmos_loudness,2.4862695574760436,4.078791999816894,mfa_trim,ua_ser
100,3.589391350746155,3.6686201095581055,sigmos_reverb,2.5206528306007385,4.455727219581604,mfa_trim,ua_ser
100,6.060398783683777,6.264040946960449,audiobox_pq,4.35882887840271,7.242009449005127,mfa_trim,ua_ser
100,0.14696417052329624,0.07151979565772669,cer,0.0,0.6378033205619408,mfa_trim,ua_ser
100,0.2549606227106227,0.16666666666666666,wer,0.0,1.0,mfa_trim,ua_ser
100,0.9868632924556732,0.9986412227153778,ecapa_similarity,0.947377347946167,0.9997829735279083,mfa_trim,ua_ser
100,0.1722742611241413,0.061553030303030304,parakeet_cer,0.0,1.0,mfa_trim,ua_ser
100,0.2928461538461538,0.16666666666666666,parakeet_wer,0.0,1.0,mfa_trim,ua_ser
100,6.098485416666665,5.28,duration_seconds,1.976,14.833002083333334,mfa_trim,ukr_dialects
100,0.0,0.0,clipping_fraction,0.0,0.0,mfa_trim,ukr_dialects
100,1.03,0.0,hf_burst_count,0.0,5.049999999999997,mfa_trim,ukr_dialects
100,2.6588801074028017,2.7067829370498657,sigmos_overall,1.7976303100585938,3.3654000282287595,mfa_trim,ukr_dialects
100,3.2067665386199953,3.2280057668685913,sigmos_speech,2.449945294857025,3.9931554436683654,mfa_trim,ukr_dialects
100,3.2993166303634642,3.3573192358016968,sigmos_noise,1.974489426612854,4.4702819824218745,mfa_trim,ukr_dialects
100,3.385073893070221,3.4487892389297485,sigmos_coloration,2.3610408186912535,4.23597822189331,mfa_trim,ukr_dialects
100,4.1155576062202455,4.260822534561157,sigmos_discontinuity,3.2829201579093934,4.751070833206176,mfa_trim,ukr_dialects
100,3.186218252182007,3.099629521369934,sigmos_loudness,2.366913115978241,3.9678611755371094,mfa_trim,ukr_dialects
100,3.707198281288147,3.7494235038757324,sigmos_reverb,2.711303687095642,4.639972376823425,mfa_trim,ukr_dialects
100,6.213985731601715,6.266913414001465,audiobox_pq,4.602269768714905,7.625609922409057,mfa_trim,ukr_dialects
100,0.19372430140940022,0.13224043715846995,cer,0.0,0.5761904761904759,mfa_trim,ukr_dialects
100,0.38768721158220826,0.3333333333333333,wer,0.0,0.894444444444444,mfa_trim,ukr_dialects
100,0.9896108597517014,0.9974119663238525,ecapa_similarity,0.9640500783920288,0.9996419608592987,mfa_trim,ukr_dialects
100,0.16388513891796602,0.09545454545454546,parakeet_cer,0.0,0.38279914529914405,mfa_trim,ukr_dialects
100,0.3372747521305255,0.29539951573849876,parakeet_wer,0.0,0.8812499999999996,mfa_trim,ukr_dialects
800,4.764015833333334,3.6486666666666667,duration_seconds,2.119466666666667,11.819933333333333,energy_trim,all
800,1.1202424730407276e-06,0.0,clipping_fraction,0.0,0.0,energy_trim,all
800,1.94,1.0,hf_burst_count,0.0,7.0,energy_trim,all
800,2.922730892598629,2.921891689300537,sigmos_overall,2.0829283118247988,3.782582116127014,energy_trim,all
800,3.478310461640358,3.483459949493408,sigmos_speech,2.5818936824798584,4.305505681037903,energy_trim,all
800,3.7216031736135484,3.848869204521179,sigmos_noise,2.240491032600403,4.606117463111877,energy_trim,all
800,3.454847092926502,3.4636642932891846,sigmos_coloration,2.63443261384964,4.208709192276001,energy_trim,all
800,4.085296558439731,4.124903917312622,sigmos_discontinuity,3.3508416652679442,4.73913300037384,energy_trim,all
800,3.5791787922382357,3.5963618755340576,sigmos_loudness,2.620109498500824,4.4275233268737795,energy_trim,all
800,3.959080493450165,4.023701906204224,sigmos_reverb,3.0151371121406556,4.684987425804138,energy_trim,all
800,6.704573724269867,6.884810924530029,audiobox_pq,4.659940123558044,7.823632979393005,energy_trim,all
800,0.06166335052785028,0.0,cer,0.0,0.3079326923076921,energy_trim,all
800,0.16108051134324794,0.0625,wer,0.0,0.6666666666666666,energy_trim,all
800,0.9535169544070959,0.9895481765270233,ecapa_similarity,0.7980844557285309,0.9999848008155823,energy_trim,all
800,0.054805959665752385,0.0,parakeet_cer,0.0,0.2609408410548823,energy_trim,all
800,0.13438199714115293,0.0,parakeet_wer,0.0,0.5791666666666665,energy_trim,all
100,3.783106666666667,3.522666666666667,duration_seconds,2.139866666666667,5.933866666666666,energy_trim,common_voice_available_uk
100,2.0586297760210804e-07,0.0,clipping_fraction,0.0,0.0,energy_trim,common_voice_available_uk
100,0.62,0.0,hf_burst_count,0.0,3.0,energy_trim,common_voice_available_uk
100,2.8550301790237427,2.9121495485305786,sigmos_overall,2.003813588619232,3.5908303618431088,energy_trim,common_voice_available_uk
100,3.2892565441131594,3.258244752883911,sigmos_speech,2.501481628417969,4.12941083908081,energy_trim,common_voice_available_uk
100,3.7655016684532168,3.8460683822631836,sigmos_noise,2.5797129392623903,4.545757579803467,energy_trim,common_voice_available_uk
100,3.2596873807907105,3.287610411643982,sigmos_coloration,2.220230448246002,4.132975625991821,energy_trim,common_voice_available_uk
100,4.040408356189728,4.041830062866211,sigmos_discontinuity,3.353117513656616,4.730087161064148,energy_trim,common_voice_available_uk
100,3.7194023060798647,3.7136647701263428,sigmos_loudness,2.98658367395401,4.441626000404358,energy_trim,common_voice_available_uk
100,3.8743795943260193,3.902616024017334,sigmos_reverb,3.0096965074539184,4.67456579208374,energy_trim,common_voice_available_uk
100,5.838726079463958,6.116966724395752,audiobox_pq,3.86933718919754,7.057375907897949,energy_trim,common_voice_available_uk
100,0.03504026124943902,0.0,cer,0.0,0.18783292978208224,energy_trim,common_voice_available_uk
100,0.14293972693972695,0.07142857142857142,wer,0.0,0.5083333333333329,energy_trim,common_voice_available_uk
100,0.9693913143873215,0.9779484570026398,ecapa_similarity,0.9124078810214996,0.9999836683273315,energy_trim,common_voice_available_uk
100,0.010439512820288708,0.0,parakeet_cer,0.0,0.05590277777777775,energy_trim,common_voice_available_uk
100,0.04240162615162615,0.0,parakeet_wer,0.0,0.2896103896103894,energy_trim,common_voice_available_uk
100,10.17116,10.444666666666667,duration_seconds,5.0758,15.624466666666665,energy_trim,fleurs_uk
100,0.0,0.0,clipping_fraction,0.0,0.0,energy_trim,fleurs_uk
100,4.14,1.0,hf_burst_count,0.0,12.049999999999997,energy_trim,fleurs_uk
100,2.86510169506073,2.903213381767273,sigmos_overall,2.280546510219574,3.319852304458618,energy_trim,fleurs_uk
100,3.289348723888397,3.3041268587112427,sigmos_speech,2.627924692630768,3.8344159245491025,energy_trim,fleurs_uk
100,3.636540992259979,3.705971360206604,sigmos_noise,2.7617146968841553,4.306689310073852,energy_trim,fleurs_uk
100,3.5618731117248537,3.5746161937713623,sigmos_coloration,3.0374206423759462,4.19457597732544,energy_trim,fleurs_uk
100,3.6877196288108824,3.69684100151062,sigmos_discontinuity,3.1639739751815794,4.151567840576172,energy_trim,fleurs_uk
100,3.6169684076309205,3.549268364906311,sigmos_loudness,2.940532624721527,4.343452215194702,energy_trim,fleurs_uk
100,4.0292971062660214,4.113430976867676,sigmos_reverb,3.3402492880821226,4.709314346313477,energy_trim,fleurs_uk
100,6.638538608551025,6.586326837539673,audiobox_pq,5.8774179220199585,7.3775842666625975,energy_trim,fleurs_uk
100,0.017768219716301655,0.0,cer,0.0,0.0976829268292683,energy_trim,fleurs_uk
100,0.05912807669689212,0.016666666666666666,wer,0.0,0.27337662337662333,energy_trim,fleurs_uk
100,0.9941834408044815,0.995873361825943,ecapa_similarity,0.983957827091217,0.9997885078191757,energy_trim,fleurs_uk
100,0.011209766304572731,0.0,parakeet_cer,0.0,0.05697727272727272,energy_trim,fleurs_uk
100,0.038003496157192,0.0,parakeet_wer,0.0,0.158695652173913,energy_trim,fleurs_uk
100,3.359106666666666,3.261333333333333,duration_seconds,2.0448,4.930666666666666,energy_trim,opentts_lada
100,5.279807910432317e-06,0.0,clipping_fraction,0.0,0.0,energy_trim,opentts_lada
100,2.37,2.0,hf_burst_count,0.0,5.0,energy_trim,opentts_lada
100,2.7768834447860717,2.8227216005325317,sigmos_overall,2.314581739902496,3.256846570968628,energy_trim,opentts_lada
100,3.6602721571922303,3.6917988061904907,sigmos_speech,3.136479341983795,4.185134744644165,energy_trim,opentts_lada
100,3.8242172241210937,3.8796242475509644,sigmos_noise,2.9299523711204527,4.529277348518372,energy_trim,opentts_lada
100,3.3998258972167967,3.4004108905792236,sigmos_coloration,2.6821827411651613,4.0078037023544315,energy_trim,opentts_lada
100,4.194999916553497,4.2121124267578125,sigmos_discontinuity,3.728363263607025,4.660817980766296,energy_trim,opentts_lada
100,3.0612764406204223,3.086993455886841,sigmos_loudness,2.374921429157257,3.710072743892669,energy_trim,opentts_lada
100,4.106827397346496,4.154590606689453,sigmos_reverb,3.553674781322479,4.550851058959961,energy_trim,opentts_lada
100,7.213479113578797,7.2534401416778564,audiobox_pq,6.743313908576965,7.5285907745361325,energy_trim,opentts_lada
100,0.024179167137542087,0.0,cer,0.0,0.10026315789473683,energy_trim,opentts_lada
100,0.10269322344322344,0.0,wer,0.0,0.5049999999999997,energy_trim,opentts_lada
100,0.86015187561512,0.8614482283592224,ecapa_similarity,0.7623028755187988,0.9571970611810684,energy_trim,opentts_lada
100,0.019309669581728587,0.0,parakeet_cer,0.0,0.07977296181630539,energy_trim,opentts_lada
100,0.0858663836163836,0.0,parakeet_wer,0.0,0.40499999999999975,energy_trim,opentts_lada
100,3.76,3.469333333333333,duration_seconds,2.1279999999999997,6.544466666666667,energy_trim,opentts_mykyta
100,0.0,0.0,clipping_fraction,0.0,0.0,energy_trim,opentts_mykyta
100,2.12,2.0,hf_burst_count,0.0,5.0,energy_trim,opentts_mykyta
100,3.5090866088867188,3.5360841751098633,sigmos_overall,2.90773948431015,3.98224014043808,energy_trim,opentts_mykyta
100,4.003521506786346,4.102919578552246,sigmos_speech,3.40366872549057,4.485804033279419,energy_trim,opentts_mykyta
100,4.314934415817261,4.3415915966033936,sigmos_noise,3.8048876762390136,4.731532955169678,energy_trim,opentts_mykyta
100,3.7667491126060484,3.795994758605957,sigmos_coloration,3.0808756351470947,4.343797039985657,energy_trim,opentts_mykyta
100,4.349838404655457,4.343713283538818,sigmos_discontinuity,3.930777072906494,4.767456746101379,energy_trim,opentts_mykyta
100,3.99278514623642,4.0483269691467285,sigmos_loudness,3.2742014646530153,4.596384859085083,energy_trim,opentts_mykyta
100,4.128460757732391,4.117603540420532,sigmos_reverb,3.585575449466705,4.73222975730896,energy_trim,opentts_mykyta
100,7.688066034317017,7.707107067108154,audiobox_pq,7.3861897706985475,7.902052474021912,energy_trim,opentts_mykyta
100,0.01520905785708319,0.0,cer,0.0,0.06270833333333332,energy_trim,opentts_mykyta
100,0.08995213120213119,0.0,wer,0.0,0.3333333333333333,energy_trim,opentts_mykyta
100,0.9569689130783081,0.9707385003566742,ecapa_similarity,0.8650314778089523,0.993866291642189,energy_trim,opentts_mykyta
100,0.017068323836833862,0.0,parakeet_cer,0.0,0.1767379679144385,energy_trim,opentts_mykyta
100,0.05965151515151515,0.0,parakeet_wer,0.0,0.4,energy_trim,opentts_mykyta
100,3.8045066666666667,3.608,duration_seconds,2.183466666666667,5.899733333333333,energy_trim,opentts_tetiana
100,0.0,0.0,clipping_fraction,0.0,0.0,energy_trim,opentts_tetiana
100,2.59,2.0,hf_burst_count,0.0,6.0,energy_trim,opentts_tetiana
100,3.343295178413391,3.3551082611083984,sigmos_overall,2.7882124185562134,3.800326597690582,energy_trim,opentts_tetiana
100,3.9449675488471985,3.972938299179077,sigmos_speech,3.4646483659744263,4.440552377700806,energy_trim,opentts_tetiana
100,4.323756766319275,4.353959083557129,sigmos_noise,3.8380812406539917,4.720217657089234,energy_trim,opentts_tetiana
100,3.5848575472831725,3.566789388656616,sigmos_coloration,3.0450775742530825,4.171962738037109,energy_trim,opentts_tetiana
100,4.226157932281494,4.247532606124878,sigmos_discontinuity,3.7236880540847777,4.724240398406982,energy_trim,opentts_tetiana
100,3.898202815055847,3.9229519367218018,sigmos_loudness,3.2825143337249756,4.519329237937927,energy_trim,opentts_tetiana
100,4.317010169029236,4.356199741363525,sigmos_reverb,3.7636900782585143,4.817703819274902,energy_trim,opentts_tetiana
100,7.634259805679322,7.646099805831909,audiobox_pq,7.297778940200805,7.914866471290589,energy_trim,opentts_tetiana
100,0.022047437065765535,0.0,cer,0.0,0.08076190476190472,energy_trim,opentts_tetiana
100,0.12514216339216339,0.0,wer,0.0,0.5,energy_trim,opentts_tetiana
100,0.8579379421472549,0.8606365919113159,ecapa_similarity,0.7281034022569657,0.9563729584217071,energy_trim,opentts_tetiana
100,0.021144547645587233,0.0,parakeet_cer,0.0,0.07791563275434238,energy_trim,opentts_tetiana
100,0.10850907425907426,0.0,parakeet_wer,0.0,0.5,energy_trim,opentts_tetiana
100,4.0464850000000006,3.3735,duration_seconds,2.0523583333333333,8.006475,energy_trim,tg_voices_uk
100,1.1679781597416103e-06,0.0,clipping_fraction,0.0,0.0,energy_trim,tg_voices_uk
100,1.39,1.0,hf_burst_count,0.0,4.0,energy_trim,tg_voices_uk
100,2.9055896687507627,2.898303270339966,sigmos_overall,2.251561403274536,3.6003185987472532,energy_trim,tg_voices_uk
100,3.443515188694,3.423885464668274,sigmos_speech,2.6982345938682557,4.3107991218566895,energy_trim,tg_voices_uk
100,3.5891848969459534,3.639740467071533,sigmos_noise,2.555678915977478,4.4836348533630375,energy_trim,tg_voices_uk
100,3.4642998933792115,3.4443912506103516,sigmos_coloration,2.730785369873047,4.285762643814087,energy_trim,tg_voices_uk
100,4.213883171081543,4.231502532958984,sigmos_discontinuity,3.560107433795929,4.826272487640381,energy_trim,tg_voices_uk
100,3.80226487159729,3.8865751028060913,sigmos_loudness,2.999621272087097,4.415615439414978,energy_trim,tg_voices_uk
100,3.858229160308838,3.8530972003936768,sigmos_reverb,3.152284872531891,4.5885234594345095,energy_trim,tg_voices_uk
100,6.353637571334839,6.437027454376221,audiobox_pq,5.284616494178772,7.213888072967529,energy_trim,tg_voices_uk
100,0.0535212855756455,0.021567717996289426,cer,0.0,0.2107142857142857,energy_trim,tg_voices_uk
100,0.1639647990897991,0.09545454545454546,wer,0.0,0.5728571428571427,energy_trim,tg_voices_uk
100,0.9925917828083038,0.9975953996181488,ecapa_similarity,0.9726792454719544,0.999997952580452,energy_trim,tg_voices_uk
100,0.03998370847752698,0.0,parakeet_cer,0.0,0.1767379679144385,energy_trim,tg_voices_uk
100,0.1374544483294483,0.0,parakeet_wer,0.0,0.5555555555555556,energy_trim,tg_voices_uk
100,2.689451666666667,2.548,duration_seconds,2.048,3.811222916666666,energy_trim,ua_ser
100,0.0,0.0,clipping_fraction,0.0,0.0,energy_trim,ua_ser
100,1.24,1.0,hf_burst_count,0.0,4.0,energy_trim,ua_ser
100,2.4128793144226073,2.4507994651794434,sigmos_overall,1.5959349274635315,3.073824918270111,energy_trim,ua_ser
100,2.956578314304352,2.999507427215576,sigmos_speech,2.1166967153549194,3.6893798112869263,energy_trim,ua_ser
100,2.982171220779419,3.1189515590667725,sigmos_noise,1.724570393562317,4.259127783775329,energy_trim,ua_ser
100,3.2022340869903565,3.212373733520508,sigmos_coloration,2.5560210585594176,3.7486918330192562,energy_trim,ua_ser
100,3.870817940235138,3.8857321739196777,sigmos_discontinuity,2.926164782047272,4.69279203414917,energy_trim,ua_ser
100,3.3411967372894287,3.33574378490448,sigmos_loudness,2.4956305861473083,4.0760360002517695,energy_trim,ua_ser
100,3.6132317280769346,3.670796036720276,sigmos_reverb,2.5895179986953734,4.527257752418518,energy_trim,ua_ser
100,6.042805700302124,6.278732538223267,audiobox_pq,4.328355860710144,7.217542386054992,energy_trim,ua_ser
100,0.14457251249772063,0.06559139784946236,cer,0.0,0.6410052910052904,energy_trim,ua_ser
100,0.24158760683760683,0.16666666666666666,wer,0.0,0.8416666666666662,energy_trim,ua_ser
100,0.9992674505710601,0.9994466304779053,ecapa_similarity,0.9984018504619598,0.9998917251825332,energy_trim,ua_ser
100,0.16122440963824977,0.058823529411764705,parakeet_cer,0.0,1.0,energy_trim,ua_ser
100,0.2758620268620269,0.16666666666666666,parakeet_wer,0.0,1.0,energy_trim,ua_ser
100,6.498310000000001,5.680666666666667,duration_seconds,2.1593333333333335,15.631199999999998,energy_trim,ukr_dialects
100,2.308290736549785e-06,0.0,clipping_fraction,0.0,1.8605002195550354e-05,energy_trim,ukr_dialects
100,1.05,0.0,hf_burst_count,0.0,5.049999999999997,energy_trim,ukr_dialects
100,2.7139810514450073,2.7253880500793457,sigmos_overall,2.053372025489807,3.448904848098755,energy_trim,ukr_dialects
100,3.23902370929718,3.238341450691223,sigmos_speech,2.5901108622550963,3.9708911657333372,energy_trim,ukr_dialects
100,3.336518204212189,3.342219829559326,sigmos_noise,1.9633413910865785,4.473777341842651,energy_trim,ukr_dialects
100,3.399249713420868,3.4667062759399414,sigmos_coloration,2.396265280246735,4.276404786109924,energy_trim,ukr_dialects
100,4.098547117710114,4.187107801437378,sigmos_discontinuity,3.3376301765441894,4.7729347229003904,energy_trim,ukr_dialects
100,3.201333613395691,3.125884771347046,sigmos_loudness,2.35661963224411,3.923405873775482,energy_trim,ukr_dialects
100,3.7452080345153806,3.7187951803207397,sigmos_reverb,2.7466001510620117,4.659162330627441,energy_trim,ukr_dialects
100,6.227076880931854,6.181574106216431,audiobox_pq,4.469526481628418,7.604976153373718,energy_trim,ukr_dialects
100,0.18096886312330465,0.1259920634920635,cer,0.0,0.6009523809523809,energy_trim,ukr_dialects
100,0.3632363631444403,0.327683615819209,wer,0.0,0.8210227272727272,energy_trim,ukr_dialects
100,0.9976429158449173,0.9993453919887543,ecapa_similarity,0.9905529350042344,0.9999195098876953,energy_trim,ukr_dialects
100,0.1580677390212312,0.09663865546218486,parakeet_cer,0.0,0.4379120879120878,energy_trim,ukr_dialects
100,0.32730740660195706,0.2649122807017544,parakeet_wer,0.0,0.8272727272727268,energy_trim,ukr_dialects
800,5.758802109375,5.28,duration_seconds,2.302553125,12.239824999999994,native_original,all
800,8.889790701179358e-07,0.0,clipping_fraction,0.0,0.0,native_original,all
800,2.0475,1.0,hf_burst_count,0.0,7.0,native_original,all
800,2.9970223990082743,3.0142349004745483,sigmos_overall,2.099687170982361,3.8612506985664368,native_original,all
800,3.4568220248818395,3.4904706478118896,sigmos_speech,2.4807275772094726,4.368060755729675,native_original,all
800,3.7653212866187094,3.938693642616272,sigmos_noise,2.2829752802848815,4.670220255851746,native_original,all
800,3.5276985058188437,3.564349412918091,sigmos_coloration,2.68711861371994,4.311894941329956,native_original,all
800,3.9600167936086654,4.002864360809326,sigmos_discontinuity,3.149201142787933,4.634529113769531,native_original,all
800,3.531025376021862,3.5612382888793945,sigmos_loudness,2.6480835556983946,4.341577649116515,native_original,all
800,4.148338088095188,4.273637771606445,sigmos_reverb,3.1061372637748716,4.833286786079406,native_original,all
800,6.785858193337917,7.016283273696899,audiobox_pq,4.785825800895691,7.874431395530701,native_original,all
800,0.061225434792569165,0.0,cer,0.0,0.2916666666666667,native_original,all
800,0.16142012765014363,0.06066176470588235,wer,0.0,0.6666666666666666,native_original,all
800,0.9999999766796828,1.0,ecapa_similarity,0.9999998807907104,1.0,native_original,all
800,0.05455601023435487,0.0,parakeet_cer,0.0,0.2571645021645021,native_original,all
800,0.1337035946758011,0.0,parakeet_wer,0.0,0.5799999999999991,native_original,all
100,4.647,4.52,duration_seconds,2.6990000000000003,7.270999999999998,native_original,common_voice_available_uk
100,1.286008230452675e-07,0.0,clipping_fraction,0.0,0.0,native_original,common_voice_available_uk
100,0.62,0.0,hf_burst_count,0.0,3.0,native_original,common_voice_available_uk
100,2.927236657142639,2.9691585302352905,sigmos_overall,2.200189006328583,3.691932094097137,native_original,common_voice_available_uk
100,3.3599067997932432,3.3613728284835815,sigmos_speech,2.5358811020851135,4.080715584754944,native_original,common_voice_available_uk
100,3.8666829752922056,3.9663044214248657,sigmos_noise,2.8984164357185365,4.5326361656188965,native_original,common_voice_available_uk
100,3.2482297348976137,3.319142460823059,sigmos_coloration,2.330826830863953,4.121970891952515,native_original,common_voice_available_uk
100,4.038454358577728,4.009509563446045,sigmos_discontinuity,3.376376187801361,4.695081186294556,native_original,common_voice_available_uk
100,3.7342727470397947,3.662661075592041,sigmos_loudness,2.9439390659332276,4.606583619117737,native_original,common_voice_available_uk
100,3.9442558550834654,3.959630608558655,sigmos_reverb,3.075807535648346,4.717949151992798,native_original,common_voice_available_uk
100,5.838667867183685,6.041866302490234,audiobox_pq,3.818796682357788,6.995209980010986,native_original,common_voice_available_uk
100,0.03433206179781852,0.0,cer,0.0,0.1888833499501494,native_original,common_voice_available_uk
100,0.141514763014763,0.03571428571428571,wer,0.0,0.5083333333333329,native_original,common_voice_available_uk
100,0.9999999749660492,1.0,ecapa_similarity,0.9999998807907104,1.0,native_original,common_voice_available_uk
100,0.004456742614795431,0.0,parakeet_cer,0.0,0.032497013142174416,native_original,common_voice_available_uk
100,0.02352092352092352,0.0,parakeet_wer,0.0,0.16666666666666666,native_original,common_voice_available_uk
100,10.7994,10.89,duration_seconds,5.616,17.166,native_original,fleurs_uk
100,1.2703252032520324e-07,0.0,clipping_fraction,0.0,0.0,native_original,fleurs_uk
100,4.24,1.0,hf_burst_count,0.0,13.0,native_original,fleurs_uk
100,3.016038382053375,3.035596013069153,sigmos_overall,2.351743245124817,3.6537712812423706,native_original,fleurs_uk
100,3.4301925611495974,3.4200475215911865,sigmos_speech,2.7720189929008483,4.093879008293151,native_original,fleurs_uk
100,3.7820151591300966,3.8937448263168335,sigmos_noise,2.729883050918579,4.368990898132324,native_original,fleurs_uk
100,3.638849768638611,3.61588454246521,sigmos_coloration,3.0651588916778563,4.2282659053802485,native_original,fleurs_uk
100,3.719111077785492,3.7340328693389893,sigmos_discontinuity,3.0386958599090574,4.254493474960327,native_original,fleurs_uk
100,3.6050301241874694,3.5934892892837524,sigmos_loudness,2.8452411532402038,4.494100451469421,native_original,fleurs_uk
100,4.231605689525605,4.378998517990112,sigmos_reverb,3.338436710834503,4.805100536346435,native_original,fleurs_uk
100,6.704057464599609,6.711446046829224,audiobox_pq,5.944143128395081,7.470280003547669,native_original,fleurs_uk
100,0.0174080804783218,0.0,cer,0.0,0.08060268646164717,native_original,fleurs_uk
100,0.05761159318040861,0.016666666666666666,wer,0.0,0.19458874458874434,native_original,fleurs_uk
100,0.9999999773502349,1.0,ecapa_similarity,0.9999998807907104,1.0,native_original,fleurs_uk
100,0.0127094119518623,0.0,parakeet_cer,0.0,0.06294642857142854,native_original,fleurs_uk
100,0.03827165401001805,0.0,parakeet_wer,0.0,0.15921052631578939,native_original,fleurs_uk
100,5.951999999999999,5.73,duration_seconds,4.437,7.691999999999999,native_original,opentts_lada
100,4.77517054679238e-06,0.0,clipping_fraction,0.0,0.0,native_original,opentts_lada
100,2.66,2.0,hf_burst_count,0.0,5.049999999999997,native_original,opentts_lada
100,2.976842348575592,2.998847484588623,sigmos_overall,2.5306632995605467,3.386997091770172,native_original,opentts_lada
100,3.491037652492523,3.510963797569275,sigmos_speech,3.0009109735488892,3.995234751701355,native_original,opentts_lada
100,3.9731652688980104,3.9921677112579346,sigmos_noise,3.3436280131340026,4.450546884536743,native_original,opentts_lada
100,3.6552325797080996,3.679430842399597,sigmos_coloration,3.1584641337394714,4.1518481254577635,native_original,opentts_lada
100,4.100620748996735,4.068866729736328,sigmos_discontinuity,3.6775739192962646,4.59281358718872,native_original,opentts_lada
100,2.96054203748703,2.9714715480804443,sigmos_loudness,2.2630332350730895,3.5659963726997375,native_original,opentts_lada
100,4.370726819038391,4.379897594451904,sigmos_reverb,3.8543094754219056,4.817310094833374,native_original,opentts_lada
100,7.484705018997192,7.476276159286499,audiobox_pq,7.26594910621643,7.701482152938842,native_original,opentts_lada
100,0.025543064865072407,0.0,cer,0.0,0.10026315789473683,native_original,opentts_lada
100,0.09906118881118882,0.0,wer,0.0,0.40499999999999975,native_original,opentts_lada
100,0.9999999779462815,1.0,ecapa_similarity,0.9999999403953552,1.0,native_original,opentts_lada
100,0.021391845551662653,0.0,parakeet_cer,0.0,0.08442982456140344,native_original,opentts_lada
100,0.09368781218781219,0.0,parakeet_wer,0.0,0.43896103896103833,native_original,opentts_lada
100,4.887,4.53,duration_seconds,3.12,7.683,native_original,opentts_mykyta
100,6.677350427350428e-08,0.0,clipping_fraction,0.0,0.0,native_original,opentts_mykyta
100,2.18,2.0,hf_burst_count,0.0,5.0,native_original,opentts_mykyta
100,3.6377598214149476,3.6019283533096313,sigmos_overall,3.141632115840912,4.162718391418457,native_original,opentts_mykyta
100,4.09399245262146,4.104534387588501,sigmos_speech,3.5818708300590516,4.548473596572876,native_original,opentts_mykyta
100,4.332830586433411,4.336764097213745,sigmos_noise,3.930809426307678,4.715639615058899,native_original,opentts_mykyta
100,3.8890147471427916,3.9275490045547485,sigmos_coloration,3.194681429862976,4.398529982566833,native_original,opentts_mykyta
100,4.324137921333313,4.289810657501221,sigmos_discontinuity,3.8999051213264466,4.751649022102356,native_original,opentts_mykyta
100,3.8899010014533997,3.887081265449524,sigmos_loudness,3.296255898475647,4.429287385940552,native_original,opentts_mykyta
100,4.523167991638184,4.552743196487427,sigmos_reverb,3.9885733366012572,4.861537432670593,native_original,opentts_mykyta
100,7.763233222961426,7.778995990753174,audiobox_pq,7.483814668655396,7.969035243988037,native_original,opentts_mykyta
100,0.016493938768512087,0.0,cer,0.0,0.06666666666666667,native_original,opentts_mykyta
100,0.09872990897990898,0.0,wer,0.0,0.3416666666666662,native_original,opentts_mykyta
100,0.9999999719858169,1.0,ecapa_similarity,0.9999998807907104,1.0,native_original,opentts_mykyta
100,0.014341959435028357,0.0,parakeet_cer,0.0,0.07421652421652421,native_original,opentts_mykyta
100,0.07267929292929293,0.0,parakeet_wer,0.0,0.40499999999999975,native_original,opentts_mykyta
100,6.26993,5.9399999999999995,duration_seconds,4.497,8.82,native_original,opentts_tetiana
100,0.0,0.0,clipping_fraction,0.0,0.0,native_original,opentts_tetiana
100,2.73,3.0,hf_burst_count,0.0,6.0,native_original,opentts_tetiana
100,3.540933005809784,3.51937472820282,sigmos_overall,3.127272915840149,4.013426780700684,native_original,opentts_tetiana
100,4.021220965385437,4.0234456062316895,sigmos_speech,3.5356137990951537,4.481360697746277,native_original,opentts_tetiana
100,4.468383085727692,4.499156475067139,sigmos_noise,4.054687213897705,4.8078330755233765,native_original,opentts_tetiana
100,3.9011575865745542,3.8612653017044067,sigmos_coloration,3.4461856365203856,4.380150508880615,native_original,opentts_tetiana
100,4.191970932483673,4.200751781463623,sigmos_discontinuity,3.7684309244155885,4.63001697063446,native_original,opentts_tetiana
100,3.788477084636688,3.803656578063965,sigmos_loudness,3.38246545791626,4.210784196853638,native_original,opentts_tetiana
100,4.6300548696517945,4.677284002304077,sigmos_reverb,4.18904185295105,4.891708898544311,native_original,opentts_tetiana
100,7.684712262153625,7.685872793197632,audiobox_pq,7.487890076637268,7.911698794364929,native_original,opentts_tetiana
100,0.02173534175367022,0.0,cer,0.0,0.08076190476190472,native_original,opentts_tetiana
100,0.1214516872016872,0.0,wer,0.0,0.5,native_original,opentts_tetiana
100,0.9999999821186065,1.0,ecapa_similarity,0.9999999374151229,1.0,native_original,opentts_tetiana
100,0.020345607218141933,0.0,parakeet_cer,0.0,0.0673333333333333,native_original,opentts_tetiana
100,0.10121783771783771,0.0,parakeet_wer,0.0,0.40142857142857136,native_original,opentts_tetiana
100,4.257885,3.6235,duration_seconds,2.2515,8.0345,native_original,tg_voices_uk
100,1.3794310827779387e-06,0.0,clipping_fraction,0.0,0.0,native_original,tg_voices_uk
100,1.54,1.0,hf_burst_count,0.0,4.049999999999997,native_original,tg_voices_uk
100,2.8432733464241027,2.750451683998108,sigmos_overall,2.1188457012176514,3.6308714151382446,native_original,tg_voices_uk
100,3.3410614633560183,3.315225601196289,sigmos_speech,2.5262901425361632,4.209563732147217,native_original,tg_voices_uk
100,3.558762276172638,3.669959783554077,sigmos_noise,2.531028485298157,4.3981647968292235,native_original,tg_voices_uk
100,3.429439706802368,3.4459599256515503,sigmos_coloration,2.7230939984321596,4.148026609420777,native_original,tg_voices_uk
100,3.9891981983184817,3.9494189023971558,sigmos_discontinuity,3.3410834670066833,4.643011546134948,native_original,tg_voices_uk
100,3.624249050617218,3.6365344524383545,sigmos_loudness,2.953414225578308,4.226886892318726,native_original,tg_voices_uk
100,4.014999659061432,4.052378177642822,sigmos_reverb,3.3195624113082887,4.6904816865921015,native_original,tg_voices_uk
100,6.367372345924378,6.474417686462402,audiobox_pq,5.063311839103699,7.3415539264678955,native_original,tg_voices_uk
100,0.04919827922718617,0.01847457627118644,cer,0.0,0.20041666666666666,native_original,tg_voices_uk
100,0.16568702131202126,0.09090909090909091,wer,0.0,0.6018181818181817,native_original,tg_voices_uk
100,0.9999999815225601,1.0,ecapa_similarity,0.9999998807907104,1.0,native_original,tg_voices_uk
100,0.037817100610924276,0.0,parakeet_cer,0.0,0.15448717948717947,native_original,tg_voices_uk
100,0.13415773115773116,0.0,parakeet_wer,0.0,0.5577777777777777,native_original,tg_voices_uk
100,2.692881875,2.548,duration_seconds,2.048,3.8112218749999993,native_original,ua_ser
100,0.0,0.0,clipping_fraction,0.0,0.0,native_original,ua_ser
100,1.29,1.0,hf_burst_count,0.0,4.0,native_original,ua_ser
100,2.368772919178009,2.341275215148926,sigmos_overall,1.5799580693244935,3.0078367590904236,native_original,ua_ser
100,2.8196221208572387,2.874626040458679,sigmos_speech,2.098844826221466,3.5068665742874146,native_original,ua_ser
100,2.921991002559662,3.0128451585769653,sigmos_noise,1.7572957158088685,4.007952547073364,native_original,ua_ser
100,3.1294721817970275,3.145674228668213,sigmos_coloration,2.5775392293930053,3.671902632713318,native_original,ua_ser
100,3.5167048001289367,3.5431727170944214,sigmos_discontinuity,2.527153432369232,4.292359638214111,native_original,ua_ser
100,3.321327328681946,3.35220205783844,sigmos_loudness,2.662083899974823,3.9947834849357604,native_original,ua_ser
100,3.631688268184662,3.680168032646179,sigmos_reverb,2.7307983160018923,4.461352872848511,native_original,ua_ser
100,6.140309493541718,6.441272020339966,audiobox_pq,4.3729346752166744,7.260637617111206,native_original,ua_ser
100,0.1438248506602,0.06559139784946236,cer,0.0,0.6410052910052904,native_original,ua_ser
100,0.23992094017094015,0.16666666666666666,wer,0.0,0.8416666666666662,native_original,ua_ser
100,0.9999999725818634,1.0,ecapa_similarity,0.9999998807907104,1.0,native_original,ua_ser
100,0.1606980938487761,0.058823529411764705,parakeet_cer,0.0,1.0,native_original,ua_ser
100,0.27419536019536017,0.16666666666666666,parakeet_wer,0.0,1.0,native_original,ua_ser
100,6.56432,5.699999999999999,duration_seconds,2.23905,15.631199999999998,native_original,ukr_dialects
100,6.348240837291933e-07,0.0,clipping_fraction,0.0,0.0,native_original,ukr_dialects
100,1.12,0.0,hf_burst_count,0.0,5.049999999999997,native_original,ukr_dialects
100,2.665322711467743,2.7145185470581055,sigmos_overall,2.0551337242126464,3.3220032334327696,native_original,ukr_dialects
100,3.0975421833992005,3.0317776203155518,sigmos_speech,2.4794878721237184,3.9086532831192016,native_original,ukr_dialects
100,3.218739938735962,3.2212469577789307,sigmos_noise,2.1121867656707765,4.3801830291748045,native_original,ukr_dialects
100,3.330191740989685,3.292376399040222,sigmos_coloration,2.56846227645874,4.242487525939941,native_original,ukr_dialects
100,3.7999363112449647,3.8279948234558105,sigmos_discontinuity,3.1117149353027345,4.487009644508362,native_original,ukr_dialects
100,3.3244036340713503,3.335338592529297,sigmos_loudness,2.5839080810546875,3.965437686443329,native_original,ukr_dialects
100,3.8402055525779724,3.822103261947632,sigmos_reverb,2.954267656803131,4.605040526390075,native_original,ukr_dialects
100,6.303807871341705,6.32636022567749,audiobox_pq,4.531775736808777,7.6426757097244264,native_original,ukr_dialects
100,0.18126786078977206,0.13333333333333333,cer,0.0,0.6009523809523809,native_original,ukr_dialects
100,0.367383918530231,0.327683615819209,wer,0.0,0.8210227272727272,native_original,ukr_dialects
100,0.9999999749660492,1.0,ecapa_similarity,0.9999998807907104,1.0,native_original,ukr_dialects
100,0.16468732064364794,0.1,parakeet_cer,0.0,0.4921245421245412,native_original,ukr_dialects
100,0.3318981456874331,0.2727272727272727,parakeet_wer,0.0,1.0,native_original,ukr_dialects
