group,lower_seconds_inclusive,upper_seconds_exclusive,count,percent
Before · native originals,0.0,3.0,147,18.375
Before · native originals,3.0,5.0,222,27.75
Before · native originals,5.0,10.0,354,44.25
Before · native originals,10.0,15.0,59,7.375
Before · native originals,15.0,20.0,18,2.25
Before · native originals,20.0,,0,0.0
After · selected score ≥3.5,0.0,3.0,49,18.352059925093634
After · selected score ≥3.5,3.0,5.0,75,28.089887640449437
After · selected score ≥3.5,5.0,10.0,113,42.32209737827716
After · selected score ≥3.5,10.0,15.0,24,8.98876404494382
After · selected score ≥3.5,15.0,20.0,6,2.247191011235955
After · selected score ≥3.5,20.0,,0,0.0
