sample_id,source_id,original_sigmos_overall,processed_sigmos_overall,selected_sigmos_overall,selected_variant
bd744dfcb13a4bc3,common_voice_available_uk,3.0931668281555176,3.102125406265259,3.102125406265259,processed
3629efade9dc9d0e,common_voice_available_uk,3.0878286361694336,3.27665638923645,3.27665638923645,processed
84647c0a102141c6,common_voice_available_uk,2.7286770343780518,3.223376512527466,3.223376512527466,processed
6c03301a3071c15b,common_voice_available_uk,3.1851558685302734,3.6276469230651855,3.6276469230651855,processed
cbfd56eb3da1a4e8,common_voice_available_uk,3.0026283264160156,3.7340965270996094,3.7340965270996094,processed
24ec86e44425eb2e,common_voice_available_uk,1.8856616020202637,3.0525290966033936,3.0525290966033936,processed
0135d9e7c341b143,common_voice_available_uk,3.542668104171753,2.9339935779571533,3.542668104171753,original
6a5bd47b2ed86885,common_voice_available_uk,3.095689296722412,2.977206230163574,3.095689296722412,original
4ecfb59c39b134fc,common_voice_available_uk,3.3698861598968506,3.5653669834136963,3.5653669834136963,processed
5133ff96c7655a6a,common_voice_available_uk,2.352478504180908,2.7050957679748535,2.7050957679748535,processed
8533ec104c4a8f77,common_voice_available_uk,3.1190173625946045,3.7495031356811523,3.7495031356811523,processed
5d364a6c2903e148,common_voice_available_uk,3.538736343383789,3.310652017593384,3.538736343383789,original
38fd6a3a807cdb79,common_voice_available_uk,2.739816904067993,3.1952033042907715,3.1952033042907715,processed
ca34ec7922ab8b2d,common_voice_available_uk,3.1286566257476807,2.794985771179199,3.1286566257476807,original
ab0e038430cc081c,common_voice_available_uk,3.2212727069854736,2.9228858947753906,3.2212727069854736,original
ff90f1ed5503526e,common_voice_available_uk,3.844521999359131,3.2916147708892822,3.844521999359131,original
7473140318a74b25,common_voice_available_uk,2.821192741394043,2.8278963565826416,2.8278963565826416,processed
41d4e2df38c4b189,common_voice_available_uk,3.120582103729248,2.88665509223938,3.120582103729248,original
c3f9be4f84d2b726,common_voice_available_uk,3.189877510070801,3.296506643295288,3.296506643295288,processed
b09fe4f7cea768ec,common_voice_available_uk,3.0090134143829346,3.2858173847198486,3.2858173847198486,processed
eb9c7a9c0d8f73a4,common_voice_available_uk,2.4284584522247314,2.5971899032592773,2.5971899032592773,processed
1301ea43d77db291,common_voice_available_uk,2.9662766456604004,3.0173637866973877,3.0173637866973877,processed
64d83204af96c39b,common_voice_available_uk,3.6897456645965576,3.4293065071105957,3.6897456645965576,original
9674a4979706a3df,common_voice_available_uk,2.981020927429199,2.822066068649292,2.981020927429199,original
bf550da08426634d,common_voice_available_uk,3.1008403301239014,3.318108558654785,3.318108558654785,processed
578ab3ffd0615d7f,common_voice_available_uk,2.864337682723999,2.8412106037139893,2.864337682723999,original
3c96bcbce614c65c,common_voice_available_uk,2.3608953952789307,2.7699835300445557,2.7699835300445557,processed
0fe8215e64d6622c,common_voice_available_uk,3.0274248123168945,2.7190985679626465,3.0274248123168945,original
cf94736feb4a459c,common_voice_available_uk,2.932988405227661,3.2364625930786133,3.2364625930786133,processed
1f1d91b9f7e3fe0a,common_voice_available_uk,2.760632276535034,2.8479559421539307,2.8479559421539307,processed
982c1557c707c37b,common_voice_available_uk,2.20271372795105,3.3276922702789307,3.3276922702789307,processed
3c57bf263f27ea98,common_voice_available_uk,2.5665736198425293,2.901360511779785,2.901360511779785,processed
223134094e8e5ab0,common_voice_available_uk,3.3733437061309814,3.4236350059509277,3.4236350059509277,processed
52add74227b0d21d,common_voice_available_uk,2.8577933311462402,3.235719680786133,3.235719680786133,processed
94a9ab653ca83902,common_voice_available_uk,3.7334742546081543,3.7127912044525146,3.7334742546081543,original
fc6ff47c2e709833,common_voice_available_uk,2.2403934001922607,2.862722873687744,2.862722873687744,processed
347243982690b318,common_voice_available_uk,2.678581714630127,3.0640323162078857,3.0640323162078857,processed
d8e32e33e5c1df29,common_voice_available_uk,2.6378865242004395,2.7730748653411865,2.7730748653411865,processed
a6c984dd79145032,common_voice_available_uk,2.3827948570251465,2.683485269546509,2.683485269546509,processed
7670a5b617e193e2,common_voice_available_uk,3.5425729751586914,3.6245837211608887,3.6245837211608887,processed
5079e636f7eeb344,common_voice_available_uk,2.532140016555786,3.1913199424743652,3.1913199424743652,processed
b48e8f5f23dbf821,common_voice_available_uk,2.520066261291504,3.232203960418701,3.232203960418701,processed
49b0c44ecf616df0,common_voice_available_uk,2.2117838859558105,3.199737548828125,3.199737548828125,processed
2543d525814a0e4d,common_voice_available_uk,4.01768684387207,3.4385948181152344,4.01768684387207,original
459224798aad52a0,common_voice_available_uk,2.2897017002105713,3.2343854904174805,3.2343854904174805,processed
1f390e8837ce18f9,common_voice_available_uk,2.35160756111145,2.819359064102173,2.819359064102173,processed
183485db68701b82,common_voice_available_uk,2.3483517169952393,3.141803741455078,3.141803741455078,processed
f83a422bcce4495a,common_voice_available_uk,3.2655954360961914,3.3460466861724854,3.3460466861724854,processed
698677149661b1af,common_voice_available_uk,2.0131137371063232,3.1128153800964355,3.1128153800964355,processed
a216b947907cd6e3,common_voice_available_uk,3.0349414348602295,2.9951999187469482,3.0349414348602295,original
1958758f315c6fed,common_voice_available_uk,2.152219295501709,3.2104685306549072,3.2104685306549072,processed
fbb09073bf2bc113,common_voice_available_uk,3.407184362411499,3.2113990783691406,3.407184362411499,original
8642f3af30e2913b,common_voice_available_uk,3.19860577583313,3.0658109188079834,3.19860577583313,original
e140008b97e6c254,common_voice_available_uk,2.990030527114868,2.8157575130462646,2.990030527114868,original
7e7f6a0e8e4dcbb7,common_voice_available_uk,2.899552583694458,3.0309112071990967,3.0309112071990967,processed
3e1b6ee9cf5311cb,common_voice_available_uk,3.7803754806518555,3.0677125453948975,3.7803754806518555,original
d6416741c85c4c37,common_voice_available_uk,2.9720404148101807,3.607943296432495,3.607943296432495,processed
2604105ea068dbc6,common_voice_available_uk,3.425550937652588,2.8813042640686035,3.425550937652588,original
936349caad0d2f31,common_voice_available_uk,3.2888734340667725,3.0699522495269775,3.2888734340667725,original
c5ba9a29d9559e4e,common_voice_available_uk,2.5307669639587402,2.6791234016418457,2.6791234016418457,processed
92cf71770b640932,common_voice_available_uk,1.9272801876068115,3.2914276123046875,3.2914276123046875,processed
ee243b80f8d270bc,common_voice_available_uk,2.563239336013794,2.8865764141082764,2.8865764141082764,processed
e65825d92c96e85c,common_voice_available_uk,3.1487138271331787,3.3678152561187744,3.3678152561187744,processed
9d8a687bbf269efe,common_voice_available_uk,2.9526076316833496,2.984572649002075,2.984572649002075,processed
09f874e3e1198079,common_voice_available_uk,2.318509340286255,2.740845203399658,2.740845203399658,processed
7dbdb0f73921e411,common_voice_available_uk,2.584848403930664,3.196213960647583,3.196213960647583,processed
e073bf83b39678d8,common_voice_available_uk,2.7532501220703125,3.109508752822876,3.109508752822876,processed
4b22ce3678eb514b,common_voice_available_uk,2.906561851501465,3.2170374393463135,3.2170374393463135,processed
de07ff82ae6c5dc2,common_voice_available_uk,3.1519711017608643,3.116453170776367,3.1519711017608643,original
f6c698e842cbe8fb,common_voice_available_uk,3.185530424118042,3.14963960647583,3.185530424118042,original
738b587122caeb66,common_voice_available_uk,3.5024147033691406,2.631688356399536,3.5024147033691406,original
a540167ea41f6956,common_voice_available_uk,3.274965763092041,2.897660732269287,3.274965763092041,original
04ebfca283f7b979,common_voice_available_uk,3.1627280712127686,3.139207601547241,3.1627280712127686,original
8600fde5ece1e1ce,common_voice_available_uk,2.5882821083068848,2.6179206371307373,2.6179206371307373,processed
a2bc03280fea1efd,common_voice_available_uk,3.53585147857666,3.6192750930786133,3.6192750930786133,processed
190cf023178e4b18,common_voice_available_uk,2.738523006439209,2.8939173221588135,2.8939173221588135,processed
f2bf7d3764df7fd5,common_voice_available_uk,3.270273447036743,3.4299614429473877,3.4299614429473877,processed
ff34d3911b4d2db0,common_voice_available_uk,2.622591257095337,2.3271725177764893,2.622591257095337,original
e27c556ac0c8b09a,common_voice_available_uk,3.6052138805389404,3.638676643371582,3.638676643371582,processed
3259a8bb7087bd10,common_voice_available_uk,2.587193727493286,2.738797187805176,2.738797187805176,processed
a8f8f18e9e73e8b1,common_voice_available_uk,3.1860198974609375,2.7597877979278564,3.1860198974609375,original
cf62baa6bea3511c,common_voice_available_uk,2.909571886062622,3.5611720085144043,3.5611720085144043,processed
24a43c098e24f6d3,common_voice_available_uk,2.8194761276245117,2.6691524982452393,2.8194761276245117,original
ab87cc7022597587,common_voice_available_uk,3.242422580718994,3.404022216796875,3.404022216796875,processed
2bd6ff5c75a47b3c,common_voice_available_uk,2.844057083129883,2.865269422531128,2.865269422531128,processed
25e5c2a8d846a852,common_voice_available_uk,2.2977705001831055,2.9409120082855225,2.9409120082855225,processed
418a9b5fbccf4410,common_voice_available_uk,3.012345790863037,2.983415126800537,3.012345790863037,original
ac78771565774557,common_voice_available_uk,3.119849681854248,2.740074872970581,3.119849681854248,original
248a9b242b97ecd0,common_voice_available_uk,2.6930313110351562,2.7483744621276855,2.7483744621276855,processed
9de8e4748ff30aa1,common_voice_available_uk,2.114504814147949,3.0835399627685547,3.0835399627685547,processed
0ea058639601775d,common_voice_available_uk,2.9008641242980957,3.340249538421631,3.340249538421631,processed
8ff70b5855192e81,common_voice_available_uk,2.775181770324707,2.832874298095703,2.832874298095703,processed
97b30e2faa6675a7,common_voice_available_uk,3.0161240100860596,3.1074130535125732,3.1074130535125732,processed
7b859444522a56d6,common_voice_available_uk,2.2956531047821045,2.81329345703125,2.81329345703125,processed
67984f788bbcdd8d,common_voice_available_uk,3.2924845218658447,2.5561349391937256,3.2924845218658447,original
16ae0891ea877b7e,common_voice_available_uk,2.692415952682495,3.3718059062957764,3.3718059062957764,processed
0f729ca38c51f5da,common_voice_available_uk,2.7875397205352783,3.448166608810425,3.448166608810425,processed
e5e3dcf80a7a02be,common_voice_available_uk,3.94094181060791,3.3839988708496094,3.94094181060791,original
911fb24b28518351,common_voice_available_uk,3.4520797729492188,2.8514277935028076,3.4520797729492188,original
844aa12bcd11ccdb,common_voice_available_uk,3.3153164386749268,3.3500490188598633,3.3500490188598633,processed
959a1c6cab14e4d4,fleurs_uk,3.3554751873016357,3.4692842960357666,3.4692842960357666,processed
fefd0259ff637326,fleurs_uk,3.2513768672943115,3.0411736965179443,3.2513768672943115,original
a381bc8d75f3eb60,fleurs_uk,3.0032799243927,2.880664825439453,3.0032799243927,original
5558b228f9fb7124,fleurs_uk,3.220578193664551,3.117220640182495,3.220578193664551,original
b30673863ffb037d,fleurs_uk,3.141678810119629,3.3534154891967773,3.3534154891967773,processed
c5b7866904cce653,fleurs_uk,3.354055166244507,3.236530303955078,3.354055166244507,original
c832793e984ec4ad,fleurs_uk,3.648552894592285,3.3046886920928955,3.648552894592285,original
f74bd666161897df,fleurs_uk,3.244079113006592,3.6502203941345215,3.6502203941345215,processed
a90e40527649a849,fleurs_uk,2.85858416557312,2.792879581451416,2.85858416557312,original
909d184fdcd7f465,fleurs_uk,3.367056131362915,3.2531659603118896,3.367056131362915,original
5037571598709644,fleurs_uk,2.301875114440918,3.478142261505127,3.478142261505127,processed
899793d24bd70411,fleurs_uk,2.9302587509155273,2.9999852180480957,2.9999852180480957,processed
715676cbceb6f9c3,fleurs_uk,2.753363609313965,3.750669002532959,3.750669002532959,processed
85ca359309837202,fleurs_uk,3.3359639644622803,3.3731844425201416,3.3731844425201416,processed
2b1dd8402ce5d536,fleurs_uk,3.109419107437134,3.154853343963623,3.154853343963623,processed
2089464e1fd713a6,fleurs_uk,3.0381999015808105,3.325467824935913,3.325467824935913,processed
7079d2ab052b067c,fleurs_uk,3.430734395980835,3.3687033653259277,3.430734395980835,original
fa71a8a80791f4ab,fleurs_uk,2.884127616882324,3.289271354675293,3.289271354675293,processed
6df018bdc9ae9404,fleurs_uk,2.9078457355499268,3.3687314987182617,3.3687314987182617,processed
bd9cfe27e08bb814,fleurs_uk,2.6649556159973145,2.917595386505127,2.917595386505127,processed
efd141fab8cb2a03,fleurs_uk,3.032992124557495,2.606428384780884,3.032992124557495,original
fa44e451a4684ec5,fleurs_uk,2.7544918060302734,3.2706451416015625,3.2706451416015625,processed
cbf905fca130b00c,fleurs_uk,2.5053298473358154,2.4293596744537354,2.5053298473358154,original
65bab893d591c920,fleurs_uk,2.9354755878448486,3.7037160396575928,3.7037160396575928,processed
ab1b2261eb178b37,fleurs_uk,2.069657802581787,2.305098056793213,2.305098056793213,processed
15e1f33a590fa5d2,fleurs_uk,3.472278118133545,3.471301794052124,3.472278118133545,original
caa96ffc8a50db0a,fleurs_uk,3.147279977798462,3.6028220653533936,3.6028220653533936,processed
53e7cf21713ad2e1,fleurs_uk,3.827563524246216,3.3351855278015137,3.827563524246216,original
de98bdcd8fe80564,fleurs_uk,3.2776432037353516,3.3205647468566895,3.3205647468566895,processed
6fa4a717622444f8,fleurs_uk,2.7632076740264893,3.690830707550049,3.690830707550049,processed
4a4d08bebc42b317,fleurs_uk,2.51828670501709,3.4831955432891846,3.4831955432891846,processed
d01073aaf9fe19e1,fleurs_uk,3.0771515369415283,3.236633062362671,3.236633062362671,processed
22a1fd4042f42034,fleurs_uk,3.2263567447662354,3.599730968475342,3.599730968475342,processed
4738fc04a1e4189e,fleurs_uk,2.974071502685547,4.123654365539551,4.123654365539551,processed
fe393cbcd4c75050,fleurs_uk,2.8478751182556152,3.36204195022583,3.36204195022583,processed
c3f42dd599b43df9,fleurs_uk,3.1567342281341553,3.1144988536834717,3.1567342281341553,original
c990d6277b807d72,fleurs_uk,2.4870593547821045,2.165102005004883,2.4870593547821045,original
ee5e4637dffa94a2,fleurs_uk,3.3033828735351562,3.4685699939727783,3.4685699939727783,processed
eee1753076a7de8f,fleurs_uk,2.3970248699188232,3.5771687030792236,3.5771687030792236,processed
f52f97e9d64af685,fleurs_uk,2.821031093597412,2.8963162899017334,2.8963162899017334,processed
327108867eaaa2da,fleurs_uk,2.2570858001708984,3.6806466579437256,3.6806466579437256,processed
83c307693927f61f,fleurs_uk,2.948049545288086,2.983079195022583,2.983079195022583,processed
e5bb518608bfdb7d,fleurs_uk,3.0710198879241943,3.5793795585632324,3.5793795585632324,processed
5691f663ddaec5b5,fleurs_uk,3.4332971572875977,3.3849563598632812,3.4332971572875977,original
55d68ad35312f5dd,fleurs_uk,2.858308792114258,3.2951998710632324,3.2951998710632324,processed
a27cd8f0d418a777,fleurs_uk,3.53610897064209,3.0768418312072754,3.53610897064209,original
794cb4991dbc7609,fleurs_uk,3.9802489280700684,3.5588865280151367,3.9802489280700684,original
f33621494d6e16b1,fleurs_uk,2.8817999362945557,2.7300543785095215,2.8817999362945557,original
a5f851ef061a7203,fleurs_uk,3.1784276962280273,3.106006383895874,3.1784276962280273,original
d090e200f4cc636c,fleurs_uk,3.9459471702575684,3.3671419620513916,3.9459471702575684,original
e982fb32bb0b099e,fleurs_uk,3.2405030727386475,3.922909736633301,3.922909736633301,processed
1e7c62bd46d20f2f,fleurs_uk,2.4960293769836426,2.417160987854004,2.4960293769836426,original
ca507cf5283e14fe,fleurs_uk,2.948080539703369,3.3042235374450684,3.3042235374450684,processed
0467f502d836f78d,fleurs_uk,2.3969507217407227,3.1062681674957275,3.1062681674957275,processed
333b67b57a0d2b71,fleurs_uk,3.2608118057250977,3.4064295291900635,3.4064295291900635,processed
ca195eb9cde9d3c7,fleurs_uk,2.7757608890533447,3.305513858795166,3.305513858795166,processed
735df4c409f942b8,fleurs_uk,2.817854881286621,3.791593313217163,3.791593313217163,processed
354818c76e7c2e34,fleurs_uk,2.3291211128234863,3.4467012882232666,3.4467012882232666,processed
a6941dfe32692f98,fleurs_uk,3.49774432182312,3.2768149375915527,3.49774432182312,original
7b2374559c058ccb,fleurs_uk,3.844522714614868,3.156268835067749,3.844522714614868,original
4033a0a142097204,fleurs_uk,2.860983371734619,3.2340211868286133,3.2340211868286133,processed
a52a91ca78ee3ab3,fleurs_uk,2.8491876125335693,3.17467999458313,3.17467999458313,processed
debdc6a4c5a4f3c6,fleurs_uk,2.644737720489502,2.923760414123535,2.923760414123535,processed
5eb6300304d1d12b,fleurs_uk,3.4038429260253906,4.039986610412598,4.039986610412598,processed
868a3bdab88599ee,fleurs_uk,2.864945650100708,3.7265233993530273,3.7265233993530273,processed
8698daf0e9701268,fleurs_uk,2.84867000579834,3.3911852836608887,3.3911852836608887,processed
8d594f701ffd3ba4,fleurs_uk,3.148993492126465,3.420799493789673,3.420799493789673,processed
33e0e64ffb911169,fleurs_uk,2.718790054321289,3.5213463306427,3.5213463306427,processed
cc3cbeb88a0ca00b,fleurs_uk,3.6527180671691895,3.7316737174987793,3.7316737174987793,processed
8689b5eec74f2fff,fleurs_uk,3.2438106536865234,3.224628448486328,3.2438106536865234,original
ac9151cf24a412e1,fleurs_uk,2.668008804321289,3.7435381412506104,3.7435381412506104,processed
a45c10147c84d9f8,fleurs_uk,2.5824480056762695,2.5058486461639404,2.5824480056762695,original
a8763d00c05c7270,fleurs_uk,3.311089277267456,3.507018804550171,3.507018804550171,processed
69aafe87d955ba4b,fleurs_uk,3.2850003242492676,3.1227574348449707,3.2850003242492676,original
f654a2482168dbd9,fleurs_uk,2.6165339946746826,3.598345994949341,3.598345994949341,processed
f16b002601063e11,fleurs_uk,2.8387534618377686,3.238081693649292,3.238081693649292,processed
584722206ba5ea87,fleurs_uk,3.097309112548828,3.2893948554992676,3.2893948554992676,processed
222a96e0d7dd0ce7,fleurs_uk,3.2197682857513428,3.6367027759552,3.6367027759552,processed
4046a6918cbc6198,fleurs_uk,2.811324119567871,2.288926601409912,2.811324119567871,original
f0495e9522a7580f,fleurs_uk,2.69112491607666,2.6216249465942383,2.69112491607666,original
d3c65f60de08cc59,fleurs_uk,2.762763500213623,3.491530179977417,3.491530179977417,processed
804a5cfa9e39d4c0,fleurs_uk,2.5662927627563477,3.1619396209716797,3.1619396209716797,processed
d9356cbfb7795081,fleurs_uk,2.5487112998962402,3.1578173637390137,3.1578173637390137,processed
a137d8e70532b244,fleurs_uk,3.4546542167663574,3.4095346927642822,3.4546542167663574,original
b47e47b723203d93,fleurs_uk,2.883901357650757,3.3020846843719482,3.3020846843719482,processed
d4455526189dee42,fleurs_uk,2.7842864990234375,2.5895371437072754,2.7842864990234375,original
e677a32e926ce1d5,fleurs_uk,3.1054816246032715,3.3757238388061523,3.3757238388061523,processed
1c3410a58f3482b4,fleurs_uk,3.2631258964538574,3.7800803184509277,3.7800803184509277,processed
88157b1754b1f7fc,fleurs_uk,3.2338409423828125,3.4643688201904297,3.4643688201904297,processed
d60a45ed449aa919,fleurs_uk,3.3669121265411377,3.187321901321411,3.3669121265411377,original
51a1f94f96449920,fleurs_uk,1.9867267608642578,3.4275190830230713,3.4275190830230713,processed
4e3c5ab1819b3e25,fleurs_uk,3.1507720947265625,3.027984857559204,3.1507720947265625,original
92ed791b24f80b91,fleurs_uk,3.098604202270508,4.03256893157959,4.03256893157959,processed
9402e75a29af9903,fleurs_uk,2.352933883666992,2.6192779541015625,2.6192779541015625,processed
079895761aba879c,fleurs_uk,3.366473913192749,2.6874077320098877,3.366473913192749,original
10cdf3773f922512,fleurs_uk,3.304365396499634,3.435532808303833,3.435532808303833,processed
8f3c95d98fcf2542,fleurs_uk,2.609689235687256,2.6694319248199463,2.6694319248199463,processed
3c418e8b71f5cea6,fleurs_uk,3.6737823486328125,3.746286153793335,3.746286153793335,processed
21c35569bc050375,fleurs_uk,3.396800994873047,3.579033374786377,3.579033374786377,processed
cf89152cdd4870d0,fleurs_uk,3.241652011871338,3.1932148933410645,3.241652011871338,original
eb898a121f485b26,opentts_lada,3.069099187850952,2.760340452194214,3.069099187850952,original
e8449482430bafd8,opentts_lada,2.560267210006714,2.8284435272216797,2.8284435272216797,processed
21bb6688a0a1113f,opentts_lada,2.489030122756958,2.5130326747894287,2.5130326747894287,processed
0dd5f5a8f9a09cc5,opentts_lada,3.0023248195648193,2.183443546295166,3.0023248195648193,original
a62f0a11f72e0935,opentts_lada,3.052204132080078,3.3215200901031494,3.3215200901031494,processed
7a5dcfae51994d97,opentts_lada,2.9537060260772705,2.669315814971924,2.9537060260772705,original
6a0d36c4b3017098,opentts_lada,2.8524258136749268,3.0233819484710693,3.0233819484710693,processed
ed7746419b367042,opentts_lada,3.0183165073394775,2.951744556427002,3.0183165073394775,original
14cfdbc496752bee,opentts_lada,3.243185520172119,3.032275915145874,3.243185520172119,original
b3a0725d52e4df4a,opentts_lada,3.3844237327575684,3.2548842430114746,3.3844237327575684,original
2c77c8ce4c9a8e81,opentts_lada,3.122272253036499,2.735588312149048,3.122272253036499,original
13376eeaa2862f39,opentts_lada,2.654310703277588,3.1808412075042725,3.1808412075042725,processed
fd0881c5cac462ed,opentts_lada,2.999587297439575,3.020115613937378,3.020115613937378,processed
8f098940e429bdf0,opentts_lada,2.9901087284088135,2.722778797149658,2.9901087284088135,original
6883c011c9ab0f41,opentts_lada,2.5144197940826416,2.6837871074676514,2.6837871074676514,processed
15c1b955fd45d0cb,opentts_lada,3.1425187587738037,3.1845595836639404,3.1845595836639404,processed
d87767e09ae3c0a7,opentts_lada,2.9221365451812744,2.748380661010742,2.9221365451812744,original
8de6fd86720527cf,opentts_lada,3.1476666927337646,2.634648084640503,3.1476666927337646,original
0d420c948e3fca43,opentts_lada,2.9544951915740967,2.4836838245391846,2.9544951915740967,original
b7c03ad16de492da,opentts_lada,3.1799557209014893,2.733757257461548,3.1799557209014893,original
0f5525a960cd2733,opentts_lada,2.9668989181518555,3.0155296325683594,3.0155296325683594,processed
faefb12a08a739b4,opentts_lada,2.801025629043579,2.9364774227142334,2.9364774227142334,processed
c0cf2c236786cfe1,opentts_lada,3.218287706375122,3.119729518890381,3.218287706375122,original
a1cc283cf940e383,opentts_lada,2.7820088863372803,3.0992772579193115,3.0992772579193115,processed
23c007617141ed90,opentts_lada,2.8034119606018066,2.6068098545074463,2.8034119606018066,original
812f332833a170a3,opentts_lada,2.915781259536743,2.8730154037475586,2.915781259536743,original
fac6abf113898efb,opentts_lada,2.998107671737671,2.2765073776245117,2.998107671737671,original
e9a72a1613b465ae,opentts_lada,3.476891040802002,2.6880781650543213,3.476891040802002,original
3370cc314324afd0,opentts_lada,3.249415874481201,2.69852352142334,3.249415874481201,original
ec2af6a0a797fee2,opentts_lada,3.083216667175293,3.342473030090332,3.342473030090332,processed
5f9e3d1b5205c791,opentts_lada,3.1510775089263916,2.833198308944702,3.1510775089263916,original
36d8c7ae4a7d8fcc,opentts_lada,2.601682186126709,2.1971874237060547,2.601682186126709,original
5d9cc95c0c3b48cb,opentts_lada,3.156080961227417,2.4235479831695557,3.156080961227417,original
a7cd21518394e414,opentts_lada,3.0629079341888428,2.6714060306549072,3.0629079341888428,original
8398aa249a64e7dd,opentts_lada,2.811452865600586,3.2764041423797607,3.2764041423797607,processed
8fe3928a78329cf5,opentts_lada,3.683563470840454,2.7617814540863037,3.683563470840454,original
89af8e11c37988c5,opentts_lada,2.746321678161621,3.335259199142456,3.335259199142456,processed
37660310fa3b4d6d,opentts_lada,2.791022777557373,2.7916696071624756,2.7916696071624756,processed
ae86e1b727ab4994,opentts_lada,2.818969488143921,2.765676259994507,2.818969488143921,original
c23113a06a84767d,opentts_lada,2.809053897857666,2.934032678604126,2.934032678604126,processed
2e1312c52e3a30c1,opentts_lada,3.567786693572998,3.061220407485962,3.567786693572998,original
cb52983eab2b2756,opentts_lada,3.0969624519348145,3.1071674823760986,3.1071674823760986,processed
c136c6d30b2df2ce,opentts_lada,2.970701217651367,2.7892069816589355,2.970701217651367,original
b4e8a408cefc180c,opentts_lada,2.8743679523468018,3.355015277862549,3.355015277862549,processed
63b846f0797232dd,opentts_lada,3.12748122215271,2.8284473419189453,3.12748122215271,original
8572e866f1dc645a,opentts_lada,2.7112696170806885,3.2101054191589355,3.2101054191589355,processed
b47d33d39090f18c,opentts_lada,1.9715361595153809,2.841456651687622,2.841456651687622,processed
ae7464dd19369d7c,opentts_lada,3.383725643157959,2.5376803874969482,3.383725643157959,original
1392e9cab03d35ac,opentts_lada,3.0930418968200684,3.4885833263397217,3.4885833263397217,processed
0d8baee843210a93,opentts_lada,3.21573543548584,2.5760231018066406,3.21573543548584,original
8ef25dfa5c938f24,opentts_lada,3.1653599739074707,2.8819782733917236,3.1653599739074707,original
40ca8ab75d42caf5,opentts_lada,2.3184287548065186,2.976696491241455,2.976696491241455,processed
c3a385cebac82c87,opentts_lada,3.092108726501465,2.810495615005493,3.092108726501465,original
50b57b7a80c645f6,opentts_lada,3.1359732151031494,3.537775754928589,3.537775754928589,processed
8050544d45d48e02,opentts_lada,2.535951852798462,2.7881641387939453,2.7881641387939453,processed
f1a3a5a7e7156e30,opentts_lada,2.7960832118988037,2.0824217796325684,2.7960832118988037,original
367cf4190991df76,opentts_lada,2.697876453399658,2.6402158737182617,2.697876453399658,original
38f52c8e92c8c314,opentts_lada,3.364104986190796,3.3512587547302246,3.364104986190796,original
9563831fae486725,opentts_lada,2.780602216720581,2.8263115882873535,2.8263115882873535,processed
500da6c2d85b4239,opentts_lada,3.006932497024536,2.8440439701080322,3.006932497024536,original
6d435c25ec88193a,opentts_lada,3.285524368286133,2.4938738346099854,3.285524368286133,original
754d3aa83fff6c31,opentts_lada,3.138582706451416,2.467341661453247,3.138582706451416,original
c6033c8f5d1b61f0,opentts_lada,2.6547560691833496,2.9383888244628906,2.9383888244628906,processed
4115fa4f711a73c3,opentts_lada,2.916322946548462,3.051222324371338,3.051222324371338,processed
22aae211e4a9f6bb,opentts_lada,3.210618734359741,2.671402931213379,3.210618734359741,original
afcd21da27e9d366,opentts_lada,3.182661771774292,3.0283913612365723,3.182661771774292,original
2cfc2221e4930a13,opentts_lada,3.147832155227661,3.029299020767212,3.147832155227661,original
60a88bb5a86a6769,opentts_lada,3.1227946281433105,2.8751819133758545,3.1227946281433105,original
993562ae800f5241,opentts_lada,2.8983633518218994,2.8048486709594727,2.8983633518218994,original
1638d7672e185d8d,opentts_lada,3.343200445175171,3.863579750061035,3.863579750061035,processed
e54cb0321b792fb3,opentts_lada,3.121899366378784,3.1729347705841064,3.1729347705841064,processed
d2ce58ca31ea83b0,opentts_lada,2.365121364593506,2.687138795852661,2.687138795852661,processed
5304f7031602317a,opentts_lada,3.1119041442871094,3.2559473514556885,3.2559473514556885,processed
6631f5ca7fe6482d,opentts_lada,2.7742645740509033,2.391608953475952,2.7742645740509033,original
3ffe87a8fbd2ba55,opentts_lada,2.732074737548828,3.294187068939209,3.294187068939209,processed
d97c3ffd13bab92d,opentts_lada,2.5315182209014893,2.976811647415161,2.976811647415161,processed
e9811b7c2ddd4e3b,opentts_lada,3.2774105072021484,3.074436664581299,3.2774105072021484,original
db9a783efaeefc90,opentts_lada,2.9833157062530518,2.913318634033203,2.9833157062530518,original
3faa153457aa9053,opentts_lada,3.0445451736450195,2.8148958683013916,3.0445451736450195,original
0b791c8fee95553d,opentts_lada,3.4762673377990723,3.0505642890930176,3.4762673377990723,original
e951bb2bb584ed3b,opentts_lada,3.4358909130096436,3.6838765144348145,3.6838765144348145,processed
de17a05f28fba27d,opentts_lada,2.90989089012146,2.947248935699463,2.947248935699463,processed
a46c4e3dd06a9aaf,opentts_lada,2.8306756019592285,2.9983465671539307,2.9983465671539307,processed
3239037655f3c62b,opentts_lada,3.097493886947632,2.8707761764526367,3.097493886947632,original
0926bee71f6de28a,opentts_lada,2.61250638961792,3.1638333797454834,3.1638333797454834,processed
15216fcd52dfed59,opentts_lada,2.6489851474761963,2.8630292415618896,2.8630292415618896,processed
b2d2f9b372cebb9a,opentts_lada,3.21006178855896,3.3544185161590576,3.3544185161590576,processed
6a7781dfa09ea82e,opentts_lada,2.628197431564331,2.2261295318603516,2.628197431564331,original
1f0ad04adc6756b7,opentts_lada,2.866530418395996,2.9842052459716797,2.9842052459716797,processed
e576487c8a8d17b7,opentts_lada,2.721649408340454,2.8461878299713135,2.8461878299713135,processed
c38700278b6b82f4,opentts_lada,3.111786365509033,2.9646787643432617,3.111786365509033,original
d93fc4c98890ebf0,opentts_lada,2.920152187347412,2.6961212158203125,2.920152187347412,original
f7e215626f22d612,opentts_lada,3.3044559955596924,2.7117884159088135,3.3044559955596924,original
f03f962b4c44f815,opentts_lada,2.979132890701294,3.142549514770508,3.142549514770508,processed
eb744d66547433cf,opentts_lada,3.060539960861206,2.4373724460601807,3.060539960861206,original
cc9834c73af666b8,opentts_lada,3.3044211864471436,3.0650811195373535,3.3044211864471436,original
346d44fa77ff8baa,opentts_lada,2.8064463138580322,3.870335578918457,3.870335578918457,processed
fd4fada003f9d13c,opentts_lada,2.7889294624328613,3.321925640106201,3.321925640106201,processed
b77683880022388b,opentts_lada,3.106837511062622,2.7619965076446533,3.106837511062622,original
ceffff0097a3c337,opentts_lada,2.935009479522705,3.0331857204437256,3.0331857204437256,processed
d9142a1825f6670e,opentts_mykyta,3.7003934383392334,3.4008145332336426,3.7003934383392334,original
58a476fc30599f00,opentts_mykyta,2.8068807125091553,2.6248092651367188,2.8068807125091553,original
a873e806b8130af9,opentts_mykyta,4.177424430847168,3.7117650508880615,4.177424430847168,original
46aa2e4062987a5d,opentts_mykyta,3.246403932571411,3.294949531555176,3.294949531555176,processed
3a2012d91c2c6df9,opentts_mykyta,3.695319414138794,3.4915740489959717,3.695319414138794,original
1853fc4b9f791b61,opentts_mykyta,3.8128113746643066,3.651214361190796,3.8128113746643066,original
1f1ae89bb0ffb8b8,opentts_mykyta,3.1419968605041504,3.3765697479248047,3.3765697479248047,processed
11a93ede4910d3dd,opentts_mykyta,3.503366708755493,3.736896514892578,3.736896514892578,processed
93bfc7f74dde98e1,opentts_mykyta,3.5142030715942383,3.7426555156707764,3.7426555156707764,processed
c227e2b3fb38f248,opentts_mykyta,3.350313663482666,3.7673048973083496,3.7673048973083496,processed
8e1d3dd1aac3927d,opentts_mykyta,3.943288564682007,3.828179359436035,3.943288564682007,original
26bdebf13abce380,opentts_mykyta,3.7122116088867188,3.4114904403686523,3.7122116088867188,original
068c6b39972a03f6,opentts_mykyta,3.827002763748169,4.083901405334473,4.083901405334473,processed
33d5751b554e65c1,opentts_mykyta,3.592682123184204,3.2177085876464844,3.592682123184204,original
d411f0cb05023318,opentts_mykyta,3.96547269821167,3.6800482273101807,3.96547269821167,original
83e20366aa3cd58e,opentts_mykyta,3.731919288635254,3.990650177001953,3.990650177001953,processed
0fa020189e7c14d7,opentts_mykyta,4.22585391998291,3.723738670349121,4.22585391998291,original
b218e5f5481f2829,opentts_mykyta,3.9501774311065674,3.4016923904418945,3.9501774311065674,original
893ac17a096d2adf,opentts_mykyta,3.4265286922454834,3.751340866088867,3.751340866088867,processed
8683742dfe90c138,opentts_mykyta,3.0272719860076904,3.4982824325561523,3.4982824325561523,processed
cab9c4d164655544,opentts_mykyta,3.9552955627441406,3.594223976135254,3.9552955627441406,original
71f0271b5dfe44f8,opentts_mykyta,3.6436779499053955,3.3563804626464844,3.6436779499053955,original
d1b2cd8e8e3b9e91,opentts_mykyta,3.569424629211426,3.371976613998413,3.569424629211426,original
6057d3ad2ee84619,opentts_mykyta,3.347210645675659,3.3703720569610596,3.3703720569610596,processed
e482532f1c169286,opentts_mykyta,3.251960515975952,3.3985583782196045,3.3985583782196045,processed
b60e2ca45d3ebc8a,opentts_mykyta,3.0742082595825195,3.3284690380096436,3.3284690380096436,processed
af8eeb0bdaaf6faf,opentts_mykyta,4.159867286682129,3.624973773956299,4.159867286682129,original
38f2f5441396d96c,opentts_mykyta,3.7122507095336914,3.418276786804199,3.7122507095336914,original
d944b26bf4c847b1,opentts_mykyta,3.543809652328491,3.7910830974578857,3.7910830974578857,processed
bb95b943aaeb4c5e,opentts_mykyta,3.2546792030334473,3.6051807403564453,3.6051807403564453,processed
ce673f8d30ab8f12,opentts_mykyta,3.7022907733917236,3.5469064712524414,3.7022907733917236,original
eb7ee2068c5040e2,opentts_mykyta,4.031274795532227,3.5020627975463867,4.031274795532227,original
650a0b090c1c3aa2,opentts_mykyta,3.717782735824585,3.538174867630005,3.717782735824585,original
54128cb05339f5b0,opentts_mykyta,3.4920406341552734,3.754462242126465,3.754462242126465,processed
cc5d36cab9c23040,opentts_mykyta,3.5478110313415527,3.4181079864501953,3.5478110313415527,original
89a174d7aca41048,opentts_mykyta,3.294743776321411,3.287977933883667,3.294743776321411,original
40710901d6cb8262,opentts_mykyta,3.7598466873168945,3.863839864730835,3.863839864730835,processed
ec6d1dbdf3184832,opentts_mykyta,3.68377423286438,3.632563829421997,3.68377423286438,original
9a04b60abe51ab96,opentts_mykyta,3.431676149368286,3.9344420433044434,3.9344420433044434,processed
1020265fb84912cd,opentts_mykyta,4.0044097900390625,3.873263120651245,4.0044097900390625,original
28cdbef953fe3a3d,opentts_mykyta,3.590174913406372,3.5502068996429443,3.590174913406372,original
816a74e16fd172b3,opentts_mykyta,3.3278238773345947,3.1681113243103027,3.3278238773345947,original
3ae6136844cf3860,opentts_mykyta,4.089045524597168,3.6068899631500244,4.089045524597168,original
45c74b66f4e52208,opentts_mykyta,3.4602267742156982,3.828733205795288,3.828733205795288,processed
24853fa87a94d515,opentts_mykyta,3.3643815517425537,3.4798076152801514,3.4798076152801514,processed
ae9b420e7bff1109,opentts_mykyta,3.8125555515289307,3.7515087127685547,3.8125555515289307,original
665b5819f3675c27,opentts_mykyta,3.6561524868011475,3.6902263164520264,3.6902263164520264,processed
8d75b459ab38ab77,opentts_mykyta,3.303189277648926,3.389615535736084,3.389615535736084,processed
d9495281ebad598c,opentts_mykyta,3.951099395751953,4.004103183746338,4.004103183746338,processed
702d94d54b2de6ea,opentts_mykyta,3.919476270675659,3.739137649536133,3.919476270675659,original
759503caf060248e,opentts_mykyta,3.656785726547241,3.5028741359710693,3.656785726547241,original
9aa6e3a376121857,opentts_mykyta,3.8293473720550537,3.4819071292877197,3.8293473720550537,original
6eb6a11b059b40ed,opentts_mykyta,3.562629461288452,3.2915263175964355,3.562629461288452,original
c3d00006e0bfca7f,opentts_mykyta,4.6124372482299805,3.90923810005188,4.6124372482299805,original
172b480844041235,opentts_mykyta,3.5046322345733643,3.5306098461151123,3.5306098461151123,processed
3e5148008feaa9d6,opentts_mykyta,3.2829277515411377,4.06969690322876,4.06969690322876,processed
779b30fd4a6ef945,opentts_mykyta,4.193976879119873,3.613187313079834,4.193976879119873,original
c2022c0fb7fb3cbb,opentts_mykyta,3.8417391777038574,3.5650973320007324,3.8417391777038574,original
0e70b22afd9d6907,opentts_mykyta,3.6054983139038086,3.6831777095794678,3.6831777095794678,processed
0b4fcd3172eb7286,opentts_mykyta,3.5029563903808594,3.571568489074707,3.571568489074707,processed
b341789359dce578,opentts_mykyta,3.428724527359009,3.3372862339019775,3.428724527359009,original
56af01b39e804540,opentts_mykyta,3.5824875831604004,3.603419065475464,3.603419065475464,processed
08cd68b8108e009a,opentts_mykyta,3.496098518371582,3.6880688667297363,3.6880688667297363,processed
1225dbcf200ac14c,opentts_mykyta,3.6082117557525635,3.5480778217315674,3.6082117557525635,original
7faeadec8c57496d,opentts_mykyta,3.414874315261841,3.6282804012298584,3.6282804012298584,processed
fe82a6bad6876302,opentts_mykyta,3.527172327041626,3.744765281677246,3.744765281677246,processed
857380e9a1187eb1,opentts_mykyta,4.275016784667969,3.2590270042419434,4.275016784667969,original
460b4d2feca22ce8,opentts_mykyta,3.598358392715454,2.9898736476898193,3.598358392715454,original
b62f01cd9805b14d,opentts_mykyta,3.899083375930786,3.101228713989258,3.899083375930786,original
f4d8e81a756dff64,opentts_mykyta,4.161597728729248,3.5895168781280518,4.161597728729248,original
146cb3c3efe048dc,opentts_mykyta,3.5516650676727295,3.417909860610962,3.5516650676727295,original
24653ff6f29be580,opentts_mykyta,3.5674543380737305,3.530210494995117,3.5674543380737305,original
9a1b36f9c0d29651,opentts_mykyta,4.0789031982421875,3.4030532836914062,4.0789031982421875,original
e60157d50f82490e,opentts_mykyta,3.7889788150787354,3.292839765548706,3.7889788150787354,original
0ade7737eb81422c,opentts_mykyta,3.5454020500183105,4.024264812469482,4.024264812469482,processed
8ffb075bfd746701,opentts_mykyta,3.5226938724517822,3.764446496963501,3.764446496963501,processed
106e7c8fab0b530d,opentts_mykyta,3.6343491077423096,3.345341682434082,3.6343491077423096,original
ce0ee1553b19271d,opentts_mykyta,3.346433162689209,3.935412645339966,3.935412645339966,processed
31d99722613515de,opentts_mykyta,3.8083527088165283,3.5075137615203857,3.8083527088165283,original
165d7ac4539ea550,opentts_mykyta,3.456313133239746,2.8514389991760254,3.456313133239746,original
3e36471d7291de19,opentts_mykyta,3.2709741592407227,3.5305354595184326,3.5305354595184326,processed
e939d57085d2c25f,opentts_mykyta,3.731001853942871,3.8786864280700684,3.8786864280700684,processed
641f35120a841c0e,opentts_mykyta,3.3252553939819336,3.4207706451416016,3.4207706451416016,processed
dc15931f26708709,opentts_mykyta,4.13332986831665,2.968451499938965,4.13332986831665,original
b464d316ca24d760,opentts_mykyta,3.7874486446380615,3.5583810806274414,3.7874486446380615,original
4c8cc187ea79f48d,opentts_mykyta,3.549957036972046,3.121051549911499,3.549957036972046,original
b9915342e8142107,opentts_mykyta,3.471301555633545,3.2732300758361816,3.471301555633545,original
08e5267f9131bcc9,opentts_mykyta,3.3032851219177246,3.2963931560516357,3.3032851219177246,original
6e78035caa846668,opentts_mykyta,4.074845790863037,3.402506113052368,4.074845790863037,original
47ee75a2844099fb,opentts_mykyta,3.739684820175171,2.4052541255950928,3.739684820175171,original
c98198390609c516,opentts_mykyta,3.768599271774292,2.96783447265625,3.768599271774292,original
e348d2067b490046,opentts_mykyta,4.161944389343262,3.477565050125122,4.161944389343262,original
9032257b1f1d3074,opentts_mykyta,3.627257823944092,3.576357364654541,3.627257823944092,original
b5f32e27533dab40,opentts_mykyta,3.4630706310272217,3.5526344776153564,3.5526344776153564,processed
f023cbba44d138eb,opentts_mykyta,3.0358266830444336,3.819838523864746,3.819838523864746,processed
62bb8e5a39453ae3,opentts_mykyta,3.432344675064087,3.212148427963257,3.432344675064087,original
e68afd9ed334cd51,opentts_mykyta,3.8618860244750977,3.5108330249786377,3.8618860244750977,original
9c159ddda6fb6cb7,opentts_mykyta,3.373486042022705,3.454115867614746,3.454115867614746,processed
1e9806d17e5573c9,opentts_mykyta,3.13470196723938,3.608628273010254,3.608628273010254,processed
d4352057d9d22eb1,opentts_mykyta,3.640995740890503,3.5479681491851807,3.640995740890503,original
69aa62f12d1bb5a3,opentts_tetiana,3.2372915744781494,3.689074754714966,3.689074754714966,processed
2fddf33762c8114f,opentts_tetiana,3.740126848220825,3.827544689178467,3.827544689178467,processed
4013357b3fe2c12f,opentts_tetiana,3.3849103450775146,2.4888181686401367,3.3849103450775146,original
fe953367bcd1e8e7,opentts_tetiana,3.251906156539917,3.1167356967926025,3.251906156539917,original
2358d7481f29ecb9,opentts_tetiana,3.6205523014068604,3.442694664001465,3.6205523014068604,original
bc4220dedb2b39a0,opentts_tetiana,3.5591349601745605,3.1602542400360107,3.5591349601745605,original
7f83c375a3ce348d,opentts_tetiana,3.110083818435669,3.356989860534668,3.356989860534668,processed
b1ea5292bccd0671,opentts_tetiana,3.4455041885375977,3.833780288696289,3.833780288696289,processed
88dd01cd49ab14d9,opentts_tetiana,3.4261531829833984,3.297499656677246,3.4261531829833984,original
6c92f017a55d40e3,opentts_tetiana,3.772115707397461,3.5475893020629883,3.772115707397461,original
bf443762b49ae701,opentts_tetiana,3.5681426525115967,3.306077718734741,3.5681426525115967,original
7b166b9d0dc1973a,opentts_tetiana,2.9942684173583984,3.50087571144104,3.50087571144104,processed
5416fd85919c0a15,opentts_tetiana,3.416233777999878,3.0372326374053955,3.416233777999878,original
fee4ee249024ec1e,opentts_tetiana,3.127687931060791,3.0915884971618652,3.127687931060791,original
db66d78beb3f1e12,opentts_tetiana,3.4920597076416016,3.54036283493042,3.54036283493042,processed
a4d20c904d039c3c,opentts_tetiana,3.5272669792175293,3.6720454692840576,3.6720454692840576,processed
e1efaab5dc0d3951,opentts_tetiana,3.323094367980957,3.6224772930145264,3.6224772930145264,processed
459946afe3d52514,opentts_tetiana,3.4780707359313965,3.701521635055542,3.701521635055542,processed
3ff7e27f7339a49d,opentts_tetiana,3.435959577560425,3.4628641605377197,3.4628641605377197,processed
499279273b190180,opentts_tetiana,3.65086030960083,3.5202767848968506,3.65086030960083,original
61fc9fdf75d88c36,opentts_tetiana,3.696368932723999,3.2544872760772705,3.696368932723999,original
b64ca386085e5daa,opentts_tetiana,3.5659940242767334,3.3278110027313232,3.5659940242767334,original
946d8018677820ed,opentts_tetiana,3.9748144149780273,3.8586130142211914,3.9748144149780273,original
859e40bc01bb7b75,opentts_tetiana,3.6205413341522217,3.9425406455993652,3.9425406455993652,processed
68193da121bd8ff3,opentts_tetiana,3.5110487937927246,3.6265790462493896,3.6265790462493896,processed
8295344a595567ca,opentts_tetiana,3.400480031967163,3.6904263496398926,3.6904263496398926,processed
9e2468dbf1c72078,opentts_tetiana,3.39445424079895,3.785710334777832,3.785710334777832,processed
6097f5f5350b6e17,opentts_tetiana,4.090019702911377,3.157395362854004,4.090019702911377,original
e9238b21c870beaa,opentts_tetiana,3.119387626647949,3.1195108890533447,3.1195108890533447,processed
9379781954c6f1d8,opentts_tetiana,3.598247766494751,3.364320755004883,3.598247766494751,original
2a3c80b50e3009f0,opentts_tetiana,3.083203077316284,3.4716689586639404,3.4716689586639404,processed
8604fdddfe4c48dd,opentts_tetiana,3.7166383266448975,3.259087562561035,3.7166383266448975,original
69d1cc2407bc6c03,opentts_tetiana,3.3970136642456055,3.087181806564331,3.3970136642456055,original
0143eb9645fe77e0,opentts_tetiana,3.775827407836914,3.6457202434539795,3.775827407836914,original
1b7ca199d0cb0e62,opentts_tetiana,4.06514835357666,3.3833770751953125,4.06514835357666,original
89ae889a44d5c4a2,opentts_tetiana,3.702751636505127,3.8412628173828125,3.8412628173828125,processed
193ee9ae8fe3bbfb,opentts_tetiana,3.6907832622528076,3.87227463722229,3.87227463722229,processed
02749462d9239370,opentts_tetiana,3.589210271835327,3.332206964492798,3.589210271835327,original
19050e6fd81455e8,opentts_tetiana,3.050908327102661,2.557973861694336,3.050908327102661,original
c1b469d85d055d45,opentts_tetiana,3.2543909549713135,3.505242109298706,3.505242109298706,processed
1e1b5cdab1a0dcfd,opentts_tetiana,3.647306203842163,3.031890630722046,3.647306203842163,original
e116b5fec3fc501a,opentts_tetiana,3.520848035812378,3.388303756713867,3.520848035812378,original
e8ecb91a8db5f101,opentts_tetiana,3.8612172603607178,3.761476755142212,3.8612172603607178,original
1c1b3c40bdff7da4,opentts_tetiana,3.4740545749664307,2.861952543258667,3.4740545749664307,original
989d0e13d74863b2,opentts_tetiana,3.3650782108306885,3.4197747707366943,3.4197747707366943,processed
f6d754017472b88b,opentts_tetiana,3.23513126373291,3.26973295211792,3.26973295211792,processed
b3539b2152304982,opentts_tetiana,3.7094242572784424,3.036958694458008,3.7094242572784424,original
bcbc8ecf63883fb5,opentts_tetiana,3.1498122215270996,3.4138591289520264,3.4138591289520264,processed
52633a8fe28a5f7e,opentts_tetiana,3.3175621032714844,3.24263072013855,3.3175621032714844,original
248453bd3d5bc9d6,opentts_tetiana,3.436284303665161,3.569514751434326,3.569514751434326,processed
6c1b26cdb98675eb,opentts_tetiana,3.697639226913452,3.6762895584106445,3.697639226913452,original
cd37b0cdc57fb83a,opentts_tetiana,3.4553496837615967,3.4703385829925537,3.4703385829925537,processed
56b3dcf62366b901,opentts_tetiana,3.9367194175720215,3.745290756225586,3.9367194175720215,original
5567c17d1664afde,opentts_tetiana,3.7781450748443604,3.862227201461792,3.862227201461792,processed
42e09cdd9bd73577,opentts_tetiana,3.1425533294677734,3.3355114459991455,3.3355114459991455,processed
93a34b9e6a293a63,opentts_tetiana,3.773566246032715,3.69155216217041,3.773566246032715,original
a436afe8019dd6e6,opentts_tetiana,4.01313591003418,3.634282112121582,4.01313591003418,original
5d09e242043295b6,opentts_tetiana,3.4256796836853027,3.0601704120635986,3.4256796836853027,original
8b41685a32cf90a7,opentts_tetiana,3.707038402557373,3.237152099609375,3.707038402557373,original
91240b7e497809fb,opentts_tetiana,3.93984055519104,3.477525472640991,3.93984055519104,original
0e2d7d05aa72dde7,opentts_tetiana,3.55883526802063,3.259202003479004,3.55883526802063,original
a8406d897e716af5,opentts_tetiana,4.036011219024658,3.4689197540283203,4.036011219024658,original
77b50dee243d0c2d,opentts_tetiana,3.472113847732544,3.3047683238983154,3.472113847732544,original
dd0092ad2a86266e,opentts_tetiana,4.018953323364258,3.4299519062042236,4.018953323364258,original
76df0f4029032371,opentts_tetiana,3.3791115283966064,3.2471723556518555,3.3791115283966064,original
3262642bc54e60b2,opentts_tetiana,3.6610987186431885,3.432241201400757,3.6610987186431885,original
f0f1e00645a9ae0c,opentts_tetiana,3.3069212436676025,3.5095837116241455,3.5095837116241455,processed
6b7e760c05f10343,opentts_tetiana,3.473020553588867,3.4029746055603027,3.473020553588867,original
3212b7cac1a07f62,opentts_tetiana,3.8367087841033936,3.600306510925293,3.8367087841033936,original
ddb4b0992794a754,opentts_tetiana,3.266831636428833,3.2287709712982178,3.266831636428833,original
5fc38e14b23a74a7,opentts_tetiana,3.166041612625122,3.5147783756256104,3.5147783756256104,processed
e726cd177b517677,opentts_tetiana,3.2155630588531494,3.2794065475463867,3.2794065475463867,processed
d15f0fed2f188d89,opentts_tetiana,3.9665703773498535,3.616109609603882,3.9665703773498535,original
c3a5d2ccdd8f047d,opentts_tetiana,3.7725753784179688,3.754145860671997,3.7725753784179688,original
c6dad82b12822296,opentts_tetiana,3.3904902935028076,3.717674732208252,3.717674732208252,processed
d92a7ba054aef551,opentts_tetiana,3.792093515396118,2.9798190593719482,3.792093515396118,original
404e82ff92d09c49,opentts_tetiana,3.3965609073638916,3.382511615753174,3.3965609073638916,original
928ef336870c1d95,opentts_tetiana,3.5260701179504395,3.3224868774414062,3.5260701179504395,original
320ccf7987bbf476,opentts_tetiana,3.841768741607666,3.255741596221924,3.841768741607666,original
d63cfac7a758aa49,opentts_tetiana,3.5179014205932617,3.8678455352783203,3.8678455352783203,processed
6eecc0d6fd16d1ba,opentts_tetiana,3.545647144317627,3.3247697353363037,3.545647144317627,original
fabd7d8790334054,opentts_tetiana,3.528721332550049,3.1365232467651367,3.528721332550049,original
27c7bdd1a2d0ea4d,opentts_tetiana,3.39436411857605,3.339914321899414,3.39436411857605,original
f950c22fb87d55d6,opentts_tetiana,3.9057669639587402,3.316627025604248,3.9057669639587402,original
dda6c4b2479d2318,opentts_tetiana,3.4646565914154053,3.298691511154175,3.4646565914154053,original
1ddfcc4fb227a7e9,opentts_tetiana,3.541776657104492,3.2524783611297607,3.541776657104492,original
642a0b4005aa2e95,opentts_tetiana,3.8974339962005615,3.6830363273620605,3.8974339962005615,original
53094efed47fb1df,opentts_tetiana,3.1856822967529297,2.797895669937134,3.1856822967529297,original
8f871c64da1f9b76,opentts_tetiana,3.5030815601348877,3.6933929920196533,3.6933929920196533,processed
32cc8406425d69b5,opentts_tetiana,3.794987678527832,3.6226491928100586,3.794987678527832,original
436fd629fef8f0ae,opentts_tetiana,3.7068252563476562,3.641911506652832,3.7068252563476562,original
135ed3c3ae5837f8,opentts_tetiana,3.8011739253997803,3.447014093399048,3.8011739253997803,original
b60ea5a3487fd1ae,opentts_tetiana,3.846066474914551,3.736391544342041,3.846066474914551,original
720ee61b33ce69b4,opentts_tetiana,3.262573003768921,3.0751912593841553,3.262573003768921,original
4c9f5813ca9056a2,opentts_tetiana,3.2611076831817627,3.2876603603363037,3.2876603603363037,processed
8679673b1593264e,opentts_tetiana,3.3802902698516846,3.0758984088897705,3.3802902698516846,original
2731484c2e7f95be,opentts_tetiana,3.128530502319336,3.067166566848755,3.128530502319336,original
ad6b911003f52646,opentts_tetiana,4.205113410949707,3.5001373291015625,4.205113410949707,original
7f676601dcced195,opentts_tetiana,3.337434768676758,3.4405972957611084,3.4405972957611084,processed
378359aa39452278,opentts_tetiana,3.361783742904663,3.5979702472686768,3.5979702472686768,processed
59ade686dfc9f541,tg_voices_uk,2.551100730895996,2.788029670715332,2.788029670715332,processed
5a30e97954c5364f,tg_voices_uk,3.5683419704437256,3.1341845989227295,3.5683419704437256,original
4ba9fb21ee3f5893,tg_voices_uk,2.730865240097046,3.353665828704834,3.353665828704834,processed
2c82d3133d9b1bf7,tg_voices_uk,3.455576181411743,3.189204692840576,3.455576181411743,original
ae14f41f9aeea63a,tg_voices_uk,2.2119810581207275,3.7235803604125977,3.7235803604125977,processed
3060dfb5ad8622fe,tg_voices_uk,2.5180039405822754,3.044276237487793,3.044276237487793,processed
437115bddff90aac,tg_voices_uk,3.8033432960510254,3.3410463333129883,3.8033432960510254,original
2bf8f4ca350a8335,tg_voices_uk,3.2076303958892822,3.268063545227051,3.268063545227051,processed
ae2089eb986e145a,tg_voices_uk,2.7112131118774414,3.4778311252593994,3.4778311252593994,processed
201c870f2e07fc7a,tg_voices_uk,3.0005030632019043,2.458270311355591,3.0005030632019043,original
1573392baf542b95,tg_voices_uk,3.0917062759399414,3.074552297592163,3.0917062759399414,original
a343c3b60397f081,tg_voices_uk,3.693509340286255,3.162090301513672,3.693509340286255,original
dd4dfdc4d7d9cd0c,tg_voices_uk,2.736931800842285,3.0236170291900635,3.0236170291900635,processed
453f4ba9b461f99f,tg_voices_uk,2.6416802406311035,3.1637985706329346,3.1637985706329346,processed
8f9bd30121a7c414,tg_voices_uk,2.235872268676758,3.71417236328125,3.71417236328125,processed
55126c0808de1dca,tg_voices_uk,2.652219772338867,3.921107769012451,3.921107769012451,processed
1f5c4d9d94584166,tg_voices_uk,3.001253604888916,3.522068500518799,3.522068500518799,processed
7e635aa19e714fce,tg_voices_uk,3.200226068496704,3.2193448543548584,3.2193448543548584,processed
8430672c813e7b8f,tg_voices_uk,2.9246222972869873,3.6353039741516113,3.6353039741516113,processed
7d520c9452cdfc46,tg_voices_uk,2.1202425956726074,2.957542657852173,2.957542657852173,processed
3e685b190ba45f40,tg_voices_uk,3.422837972640991,3.1333553791046143,3.422837972640991,original
0da85bf49f563322,tg_voices_uk,2.553098201751709,3.406257390975952,3.406257390975952,processed
7771c2336bd98b36,tg_voices_uk,2.7611265182495117,2.951730251312256,2.951730251312256,processed
80d1e80731f94de5,tg_voices_uk,3.6054956912994385,3.2684736251831055,3.6054956912994385,original
55de86debdfa6538,tg_voices_uk,2.8915178775787354,3.299290180206299,3.299290180206299,processed
92161c225505cef3,tg_voices_uk,2.5117454528808594,2.636582136154175,2.636582136154175,processed
c32331f6933db117,tg_voices_uk,3.264531373977661,3.074418544769287,3.264531373977661,original
dff69328d8d33467,tg_voices_uk,3.458705186843872,3.506612777709961,3.506612777709961,processed
b077e47d42dcdaa2,tg_voices_uk,2.6316423416137695,3.253854990005493,3.253854990005493,processed
e9b78993f1c0e88e,tg_voices_uk,2.2064032554626465,2.3370745182037354,2.3370745182037354,processed
7849f87d6989d8de,tg_voices_uk,3.299546957015991,3.684943437576294,3.684943437576294,processed
ac936925e682db33,tg_voices_uk,2.327322006225586,2.9268696308135986,2.9268696308135986,processed
f8d46eb306eedb2a,tg_voices_uk,1.8818778991699219,3.553821563720703,3.553821563720703,processed
99dfde6bbdae21df,tg_voices_uk,2.7080159187316895,3.555283308029175,3.555283308029175,processed
e63ca37142e403df,tg_voices_uk,2.383967161178589,3.00168514251709,3.00168514251709,processed
3459e9ecf4a5ab88,tg_voices_uk,2.468693971633911,3.187148332595825,3.187148332595825,processed
5ef8bb577dfc820f,tg_voices_uk,3.1844558715820312,3.4010040760040283,3.4010040760040283,processed
4f17bca587d2ff0d,tg_voices_uk,3.104207754135132,2.8186771869659424,3.104207754135132,original
4d7b9e5933acc2cc,tg_voices_uk,2.8962483406066895,3.125333547592163,3.125333547592163,processed
d0f08e189a6a5ff2,tg_voices_uk,1.9249629974365234,3.238182306289673,3.238182306289673,processed
35e7a78e78b39a8a,tg_voices_uk,3.6275746822357178,3.723356008529663,3.723356008529663,processed
a8dc57ce6c88a19d,tg_voices_uk,2.4733176231384277,3.0706534385681152,3.0706534385681152,processed
942dc23a4f307676,tg_voices_uk,3.5797131061553955,3.588259220123291,3.588259220123291,processed
9ad058e84a7cee1a,tg_voices_uk,4.357548713684082,3.0691163539886475,4.357548713684082,original
34109ff078e8ebbc,tg_voices_uk,2.6520917415618896,3.611116647720337,3.611116647720337,processed
9a834c7b2a4361d9,tg_voices_uk,3.0239365100860596,3.0231332778930664,3.0239365100860596,original
8c76532e76531c31,tg_voices_uk,2.7228810787200928,3.315826177597046,3.315826177597046,processed
0f11cf153c9d4cf0,tg_voices_uk,1.9082608222961426,3.0064408779144287,3.0064408779144287,processed
e1304f2e88eab378,tg_voices_uk,2.762939214706421,3.28206205368042,3.28206205368042,processed
49a0f944677d8954,tg_voices_uk,3.0465171337127686,3.8302156925201416,3.8302156925201416,processed
f82c3035011a7926,tg_voices_uk,2.6967644691467285,3.050187349319458,3.050187349319458,processed
c3843c5f27f25bc9,tg_voices_uk,2.0923047065734863,3.502533197402954,3.502533197402954,processed
20b69eec04f09874,tg_voices_uk,2.3209872245788574,3.4127838611602783,3.4127838611602783,processed
416b4bec03137c4c,tg_voices_uk,4.188442230224609,3.9204277992248535,4.188442230224609,original
2e6bf590e008cf51,tg_voices_uk,2.1344008445739746,2.8324832916259766,2.8324832916259766,processed
d3754eb4100330cb,tg_voices_uk,2.1379408836364746,3.4338912963867188,3.4338912963867188,processed
827fe93c88e27b5b,tg_voices_uk,2.5989725589752197,2.982578754425049,2.982578754425049,processed
86a39f7f2712239b,tg_voices_uk,3.0817878246307373,2.964588165283203,3.0817878246307373,original
568b4a5c107767da,tg_voices_uk,3.1222147941589355,3.7662839889526367,3.7662839889526367,processed
69241b4e5656715f,tg_voices_uk,2.286449909210205,3.304241895675659,3.304241895675659,processed
803122a38c01d1fb,tg_voices_uk,2.3084075450897217,2.8951542377471924,2.8951542377471924,processed
e8ae32ee9004fd33,tg_voices_uk,2.265002489089966,2.8059256076812744,2.8059256076812744,processed
27789ef0611f2091,tg_voices_uk,3.1954126358032227,3.5602145195007324,3.5602145195007324,processed
88bd598f008ff157,tg_voices_uk,2.3642730712890625,2.9933643341064453,2.9933643341064453,processed
f823e7681f9fe225,tg_voices_uk,2.953751802444458,3.703838586807251,3.703838586807251,processed
62cc7bd36f68a298,tg_voices_uk,2.2693068981170654,2.983062744140625,2.983062744140625,processed
2f3cba8d9f5c9c25,tg_voices_uk,3.0788464546203613,3.1512768268585205,3.1512768268585205,processed
a38f4072312baa2e,tg_voices_uk,2.733579158782959,3.079655170440674,3.079655170440674,processed
9f0cc5c4c74e219b,tg_voices_uk,2.8722589015960693,2.8660755157470703,2.8722589015960693,original
31ece5d3b9b634c7,tg_voices_uk,3.447181224822998,3.493297815322876,3.493297815322876,processed
448c7cee04bfa8cd,tg_voices_uk,2.5773396492004395,2.9992265701293945,2.9992265701293945,processed
593b1c8c69e1b8ce,tg_voices_uk,3.128744602203369,3.3045780658721924,3.3045780658721924,processed
51d1c15b3e70b3a4,tg_voices_uk,2.4926419258117676,3.441636085510254,3.441636085510254,processed
bfba3cb5e21bbd3a,tg_voices_uk,2.5311107635498047,2.416720151901245,2.5311107635498047,original
962c90bf6df6db11,tg_voices_uk,2.5842175483703613,3.1263203620910645,3.1263203620910645,processed
4a499ff6ee15bc09,tg_voices_uk,3.4434218406677246,3.6612751483917236,3.6612751483917236,processed
1bb191727cf865aa,tg_voices_uk,2.4905669689178467,2.9313931465148926,2.9313931465148926,processed
7afbfeda4a1943d5,tg_voices_uk,3.6034300327301025,3.5620739459991455,3.6034300327301025,original
5b3899af8f752319,tg_voices_uk,3.854177236557007,3.1385557651519775,3.854177236557007,original
6e233d493552ff0e,tg_voices_uk,3.4325692653656006,2.9632575511932373,3.4325692653656006,original
874ee0fbe04650eb,tg_voices_uk,2.724118232727051,3.5608127117156982,3.5608127117156982,processed
a65b7736466b6639,tg_voices_uk,2.694096803665161,2.7895052433013916,2.7895052433013916,processed
71c2601a98290420,tg_voices_uk,1.7829842567443848,2.9036715030670166,2.9036715030670166,processed
ee1bcfca55685f89,tg_voices_uk,2.7728092670440674,3.708209276199341,3.708209276199341,processed
688ca135f008a4bb,tg_voices_uk,2.795346975326538,3.0469226837158203,3.0469226837158203,processed
3dce096c4a44842f,tg_voices_uk,2.254199743270874,3.311289072036743,3.311289072036743,processed
f6175f23c57e2bd0,tg_voices_uk,2.994628429412842,3.332149028778076,3.332149028778076,processed
fae330cef3ec5625,tg_voices_uk,3.1722874641418457,3.703134536743164,3.703134536743164,processed
68560aaf280b0585,tg_voices_uk,3.550752878189087,3.700507879257202,3.700507879257202,processed
4558986978112bdc,tg_voices_uk,2.3661298751831055,3.405768394470215,3.405768394470215,processed
015ce2877dca09b6,tg_voices_uk,2.368664026260376,2.9343318939208984,2.9343318939208984,processed
0494a2a8da2ae831,tg_voices_uk,2.4855780601501465,3.515394926071167,3.515394926071167,processed
1d1a2eb127fef6c1,tg_voices_uk,2.783277988433838,2.960742235183716,2.960742235183716,processed
b1147de288dda47b,tg_voices_uk,3.170111656188965,3.033618927001953,3.170111656188965,original
c5bc392fbdf84ad7,tg_voices_uk,3.195937395095825,3.0395524501800537,3.195937395095825,original
91e27cdcc0bb2033,tg_voices_uk,2.8039004802703857,3.314828395843506,3.314828395843506,processed
ad387df59a236c45,tg_voices_uk,2.6857497692108154,2.527006149291992,2.6857497692108154,original
69a34776de65ca8e,tg_voices_uk,3.589625358581543,3.4423046112060547,3.589625358581543,original
34a7195683ba3c42,tg_voices_uk,2.739776849746704,3.1361162662506104,3.1361162662506104,processed
b1b5312393f01c46,tg_voices_uk,3.4128470420837402,3.1915762424468994,3.4128470420837402,original
3d266a831e90d335,ua_ser,2.636232376098633,2.7481529712677,2.7481529712677,processed
9f745e229d10784b,ua_ser,2.707334041595459,3.06230092048645,3.06230092048645,processed
a78886575d348f74,ua_ser,2.2559919357299805,2.654374837875366,2.654374837875366,processed
b4ee8d66216948ee,ua_ser,1.8331539630889893,3.0724198818206787,3.0724198818206787,processed
18087c3a908cfea9,ua_ser,2.1830883026123047,3.1499292850494385,3.1499292850494385,processed
836387254fd4ca1a,ua_ser,2.547844648361206,3.068336248397827,3.068336248397827,processed
0593e655648ddfad,ua_ser,2.870454788208008,3.0844779014587402,3.0844779014587402,processed
ca4f931206a8a29c,ua_ser,2.5410654544830322,3.3520917892456055,3.3520917892456055,processed
a86527ce460d5853,ua_ser,2.171492576599121,3.3390965461730957,3.3390965461730957,processed
d34fe67295b53ab3,ua_ser,2.3620941638946533,3.076430320739746,3.076430320739746,processed
6781c55f86ce67a0,ua_ser,2.8204946517944336,2.8165600299835205,2.8204946517944336,original
9abe21701d8300f2,ua_ser,3.000243902206421,2.9805045127868652,3.000243902206421,original
5bdc248dbac9a5b6,ua_ser,2.9105865955352783,3.3731677532196045,3.3731677532196045,processed
70a9b8589969bf9e,ua_ser,2.342902660369873,2.659687042236328,2.659687042236328,processed
ef6f31ec38e2ba31,ua_ser,1.8649044036865234,2.8794031143188477,2.8794031143188477,processed
58b5f26093b11b52,ua_ser,2.7343413829803467,2.7717018127441406,2.7717018127441406,processed
aac5ba3d4c7f0b02,ua_ser,2.249216318130493,2.462193012237549,2.462193012237549,processed
58eee0eb0e5d10fd,ua_ser,2.8073008060455322,3.38637375831604,3.38637375831604,processed
3114b59a1dddc877,ua_ser,3.287795066833496,3.649561643600464,3.649561643600464,processed
d5dd48a9b47cae15,ua_ser,2.186971664428711,2.938494920730591,2.938494920730591,processed
0782b89dc09f07ca,ua_ser,2.2662200927734375,2.890255928039551,2.890255928039551,processed
4fa0c8aa9fbd58a8,ua_ser,2.3128600120544434,2.596331834793091,2.596331834793091,processed
7ca79417ff847026,ua_ser,2.2070422172546387,3.1482086181640625,3.1482086181640625,processed
9b49305c687397b4,ua_ser,2.502542018890381,2.565776824951172,2.565776824951172,processed
c0ff44009f1d582b,ua_ser,2.7986578941345215,3.5009071826934814,3.5009071826934814,processed
bd8ee5e7d31ae146,ua_ser,2.3396477699279785,2.9459280967712402,2.9459280967712402,processed
e4ea07bd6ff3d635,ua_ser,2.155818462371826,3.083693265914917,3.083693265914917,processed
8bc611ba615a4311,ua_ser,2.3124184608459473,3.086357831954956,3.086357831954956,processed
e333b6260ad8a588,ua_ser,2.5775887966156006,3.1556735038757324,3.1556735038757324,processed
7d10601c621333fb,ua_ser,3.009380340576172,3.298203945159912,3.298203945159912,processed
43d91fefabe96223,ua_ser,1.5982997417449951,2.101386308670044,2.101386308670044,processed
b22923f08cac12d4,ua_ser,2.7777698040008545,3.2489562034606934,3.2489562034606934,processed
5b6269d4fed7ccdd,ua_ser,1.7845263481140137,2.6028199195861816,2.6028199195861816,processed
a70ab834f6ce953d,ua_ser,2.5141358375549316,2.967087984085083,2.967087984085083,processed
541577e82eaed72c,ua_ser,3.282970905303955,2.7989039421081543,3.282970905303955,original
d39f374b06904f0f,ua_ser,2.8891735076904297,3.0194435119628906,3.0194435119628906,processed
19ffee07e35a6234,ua_ser,2.963970899581909,3.500889778137207,3.500889778137207,processed
3ec62c9173577600,ua_ser,2.175722122192383,2.6704349517822266,2.6704349517822266,processed
757812da0cf15f8e,ua_ser,3.0077555179595947,2.1045587062835693,3.0077555179595947,original
04c4c7dc06b94da8,ua_ser,2.1581242084503174,2.7584848403930664,2.7584848403930664,processed
e801b3f088696656,ua_ser,2.3058993816375732,2.792051315307617,2.792051315307617,processed
15b2d2eaa7874652,ua_ser,1.780491590499878,2.862966299057007,2.862966299057007,processed
695662ccff496a1d,ua_ser,2.2963690757751465,2.536205530166626,2.536205530166626,processed
b906c61e2ad5a262,ua_ser,2.280879497528076,2.8171133995056152,2.8171133995056152,processed
0ef7f42f655f2a11,ua_ser,2.8955867290496826,3.350499391555786,3.350499391555786,processed
00d2f52a40fc6586,ua_ser,2.8978142738342285,2.6930835247039795,2.8978142738342285,original
568dab3a2129f2cf,ua_ser,2.9504947662353516,3.2005534172058105,3.2005534172058105,processed
2d9cbb4700b84c4a,ua_ser,2.9836535453796387,3.025832414627075,3.025832414627075,processed
93864d5cb7bd8791,ua_ser,2.5158064365386963,3.1751723289489746,3.1751723289489746,processed
7f35bf53f2cbccc0,ua_ser,1.8355803489685059,1.7946522235870361,1.8355803489685059,original
2b5a0a4398f05eb9,ua_ser,1.2662022113800049,3.1091248989105225,3.1091248989105225,processed
6c5a196b3a1dcb26,ua_ser,2.2067790031433105,2.897590160369873,2.897590160369873,processed
f7753b7ddb38c36d,ua_ser,2.3240103721618652,3.6996161937713623,3.6996161937713623,processed
a602cf7755b3964f,ua_ser,1.9527747631072998,2.8770573139190674,2.8770573139190674,processed
47dc0a795c5ad36f,ua_ser,2.8040568828582764,3.555680274963379,3.555680274963379,processed
74e1ee12f1f05863,ua_ser,2.770357131958008,2.888528347015381,2.888528347015381,processed
e57fa4bf7f28ac8d,ua_ser,2.548581123352051,3.9131970405578613,3.9131970405578613,processed
ff3f4fed8815497a,ua_ser,1.5638742446899414,3.7358038425445557,3.7358038425445557,processed
1f4aff1ea7c9e835,ua_ser,2.7627344131469727,2.4483745098114014,2.7627344131469727,original
53c06bfa319664c0,ua_ser,2.6008145809173584,2.993800163269043,2.993800163269043,processed
57872d6abf3e8e0a,ua_ser,2.0509493350982666,2.9655275344848633,2.9655275344848633,processed
32aaf7503b6cd3df,ua_ser,2.0719244480133057,1.96000337600708,2.0719244480133057,original
8a11f9741aa8e2f1,ua_ser,1.7940869331359863,2.776110887527466,2.776110887527466,processed
fa3f4e9b373fa1f7,ua_ser,2.257660388946533,3.236056089401245,3.236056089401245,processed
28420ad22b688e99,ua_ser,2.5458312034606934,3.1592137813568115,3.1592137813568115,processed
729cc5141afe01f8,ua_ser,2.08146595954895,2.298464059829712,2.298464059829712,processed
6d16d28a433f5eed,ua_ser,2.1000757217407227,2.7940618991851807,2.7940618991851807,processed
01ffd913ca35a85a,ua_ser,2.6023201942443848,3.0311293601989746,3.0311293601989746,processed
01acdc595005cacc,ua_ser,1.914985179901123,2.6737027168273926,2.6737027168273926,processed
c3d00b149ec47080,ua_ser,1.4804584980010986,2.4750843048095703,2.4750843048095703,processed
edf503cc844ba0d3,ua_ser,1.9640512466430664,3.008784055709839,3.008784055709839,processed
87d83788cc6a7e28,ua_ser,2.3041725158691406,2.736737012863159,2.736737012863159,processed
509bccd5148742ca,ua_ser,1.5808045864105225,3.0359928607940674,3.0359928607940674,processed
2b49bc0c5d89e67a,ua_ser,2.6835975646972656,3.0301387310028076,3.0301387310028076,processed
a6213b90c70f0ff3,ua_ser,3.0840039253234863,3.570868968963623,3.570868968963623,processed
1331cdba582b5a20,ua_ser,2.3885085582733154,3.079713821411133,3.079713821411133,processed
9359e4f30d603a21,ua_ser,2.1034481525421143,2.162752389907837,2.162752389907837,processed
679966d55e8e6024,ua_ser,1.8935494422912598,3.8126776218414307,3.8126776218414307,processed
966bcf69ce24929e,ua_ser,2.6732168197631836,3.6471705436706543,3.6471705436706543,processed
157355cf2bf9948d,ua_ser,2.1506965160369873,3.4473414421081543,3.4473414421081543,processed
05376696eff3f338,ua_ser,2.6443064212799072,3.2675583362579346,3.2675583362579346,processed
a9c3ed1fe6845469,ua_ser,2.813760995864868,3.401399850845337,3.401399850845337,processed
b529b739bf077d08,ua_ser,2.4008331298828125,2.7697200775146484,2.7697200775146484,processed
d68511dc1fc2bdcb,ua_ser,1.9749078750610352,2.8739395141601562,2.8739395141601562,processed
69310569deb34f07,ua_ser,2.1148438453674316,3.179811477661133,3.179811477661133,processed
852b72f0266145ba,ua_ser,1.4356911182403564,3.118549108505249,3.118549108505249,processed
60a290aaf923919a,ua_ser,2.155794858932495,3.119795560836792,3.119795560836792,processed
b5d1f05c0444e84e,ua_ser,2.4086554050445557,3.194866895675659,3.194866895675659,processed
2a4bc72c4adcaf1f,ua_ser,2.3695790767669678,2.9835526943206787,2.9835526943206787,processed
6a0b75596ff7a4da,ua_ser,3.0873804092407227,2.889531373977661,3.0873804092407227,original
686bb112f920104c,ua_ser,2.1283297538757324,2.1629717350006104,2.1629717350006104,processed
babb3ecc4f6decd1,ua_ser,1.2020809650421143,2.649430513381958,2.649430513381958,processed
95066237ea583bc3,ua_ser,2.4729361534118652,3.312302589416504,3.312302589416504,processed
0c528ab86210ee04,ua_ser,2.1980648040771484,3.125128746032715,3.125128746032715,processed
caea7fd720cfc08e,ua_ser,1.798335075378418,2.9987850189208984,2.9987850189208984,processed
d02b08892d93f141,ua_ser,2.401740074157715,2.9945359230041504,2.9945359230041504,processed
993fa09da2be2867,ua_ser,2.1142144203186035,2.7483389377593994,2.7483389377593994,processed
79c7278ac03ee9f0,ua_ser,2.501115560531616,2.365029811859131,2.501115560531616,original
5b18ec06d2865d22,ua_ser,2.775954008102417,3.0648984909057617,3.0648984909057617,processed
7b37a173fad7b143,ua_ser,2.6620657444000244,3.4222373962402344,3.4222373962402344,processed
a73071d89696b39a,ukr_dialects,2.1401476860046387,3.0850346088409424,3.0850346088409424,processed
0d903a219416e592,ukr_dialects,3.420788049697876,3.446812152862549,3.446812152862549,processed
a237faa0e9bc87dd,ukr_dialects,2.5544517040252686,3.697197914123535,3.697197914123535,processed
54eeef47799137c1,ukr_dialects,3.1336615085601807,3.282201051712036,3.282201051712036,processed
9bab0aa3a629938d,ukr_dialects,2.742824077606201,2.9732918739318848,2.9732918739318848,processed
41159136ebf7f7a3,ukr_dialects,2.758347988128662,2.899322271347046,2.899322271347046,processed
8e7ec197983fb8d3,ukr_dialects,2.8820228576660156,2.6553473472595215,2.8820228576660156,original
7b15981516e06ca9,ukr_dialects,3.006397008895874,3.1269993782043457,3.1269993782043457,processed
ecccb25e97188c6c,ukr_dialects,2.4294557571411133,2.6115777492523193,2.6115777492523193,processed
2f668652e951fd93,ukr_dialects,2.19244122505188,3.7106964588165283,3.7106964588165283,processed
86fbe1ea16af07cd,ukr_dialects,2.1923930644989014,3.390899896621704,3.390899896621704,processed
242bb56bb37571ba,ukr_dialects,2.0664539337158203,3.6469388008117676,3.6469388008117676,processed
e50d0d4b1c00b856,ukr_dialects,3.222242832183838,3.1274702548980713,3.222242832183838,original
4acb82bc34643fb8,ukr_dialects,1.8197720050811768,3.503666639328003,3.503666639328003,processed
840ba85823240964,ukr_dialects,2.542288303375244,2.6512205600738525,2.6512205600738525,processed
c9d0a1f87abc187b,ukr_dialects,2.586073637008667,3.6951839923858643,3.6951839923858643,processed
6a64ff4852a96de3,ukr_dialects,2.821763753890991,3.0601322650909424,3.0601322650909424,processed
558e902c5d7d46f3,ukr_dialects,3.321573495864868,3.2662971019744873,3.321573495864868,original
41e58a4191de07bd,ukr_dialects,3.0609281063079834,3.0264036655426025,3.0609281063079834,original
7f3e8a5402a396c8,ukr_dialects,2.089001417160034,3.665127992630005,3.665127992630005,processed
314b92c52c435e0b,ukr_dialects,2.7685201168060303,3.161792755126953,3.161792755126953,processed
29d771f7f65c7f6d,ukr_dialects,2.8445892333984375,2.929086208343506,2.929086208343506,processed
f372269ffe3275c2,ukr_dialects,1.546004295349121,2.904974937438965,2.904974937438965,processed
0e63f6ac4d9ba2b0,ukr_dialects,3.318617105484009,3.4768528938293457,3.4768528938293457,processed
3e2faddd06d54425,ukr_dialects,2.1662988662719727,3.721857786178589,3.721857786178589,processed
702561049f1f39e2,ukr_dialects,2.753934144973755,3.7457125186920166,3.7457125186920166,processed
e4864d2df79bd445,ukr_dialects,3.530318021774292,3.7730374336242676,3.7730374336242676,processed
9a53543d89606468,ukr_dialects,2.3054192066192627,2.248039722442627,2.3054192066192627,original
97c99077b7b8cd1f,ukr_dialects,3.2659993171691895,3.7186248302459717,3.7186248302459717,processed
9a08bccb686a9cfc,ukr_dialects,2.8158960342407227,2.8379828929901123,2.8379828929901123,processed
4347bf5310942834,ukr_dialects,2.762646436691284,3.4679675102233887,3.4679675102233887,processed
f8bdfd7bd77fa1ce,ukr_dialects,3.0456130504608154,2.756467342376709,3.0456130504608154,original
822f0bcd4cb98b92,ukr_dialects,2.3378124237060547,3.501262903213501,3.501262903213501,processed
296ccfb816eeed83,ukr_dialects,2.975879430770874,3.390566110610962,3.390566110610962,processed
dadb51e263de4b43,ukr_dialects,2.3462467193603516,2.9409866333007812,2.9409866333007812,processed
c264aef7ef14b160,ukr_dialects,2.4153807163238525,3.2037153244018555,3.2037153244018555,processed
ed75e77294c340d0,ukr_dialects,3.3301682472229004,3.2780818939208984,3.3301682472229004,original
bfe785bdf79df31a,ukr_dialects,2.7895960807800293,2.6765007972717285,2.7895960807800293,original
e1e1d5db68276240,ukr_dialects,2.793475866317749,2.142890214920044,2.793475866317749,original
6bb7fe1dda248aff,ukr_dialects,2.8009824752807617,2.862509250640869,2.862509250640869,processed
5652df24fa209a85,ukr_dialects,2.1150400638580322,2.8259687423706055,2.8259687423706055,processed
263bbe5a83c21022,ukr_dialects,2.686762809753418,2.547098159790039,2.686762809753418,original
8994f61724e32836,ukr_dialects,2.40970778465271,3.088974714279175,3.088974714279175,processed
1eb21ddca0218ac0,ukr_dialects,3.5092122554779053,3.398064136505127,3.5092122554779053,original
64f7dfc385fd0332,ukr_dialects,1.8400497436523438,3.3723137378692627,3.3723137378692627,processed
0839ab4db381da1e,ukr_dialects,2.6952593326568604,3.2290048599243164,3.2290048599243164,processed
bf7fa24b56a90ac9,ukr_dialects,3.2493529319763184,3.2556915283203125,3.2556915283203125,processed
9d313dc5c2894ba2,ukr_dialects,2.156693696975708,3.5840747356414795,3.5840747356414795,processed
8a3949ca3cf2196f,ukr_dialects,2.4697258472442627,2.4157087802886963,2.4697258472442627,original
f22b87646ba1578f,ukr_dialects,2.93371319770813,3.0564427375793457,3.0564427375793457,processed
694cc49500f2b87c,ukr_dialects,2.397261619567871,3.8951618671417236,3.8951618671417236,processed
6a258d45765bd4c5,ukr_dialects,2.6231298446655273,2.845972776412964,2.845972776412964,processed
4353235c5f194455,ukr_dialects,2.8105900287628174,3.11040997505188,3.11040997505188,processed
154537938649b4f0,ukr_dialects,2.367610454559326,3.0772929191589355,3.0772929191589355,processed
a2da8be2193fa216,ukr_dialects,2.774724006652832,2.741403818130493,2.774724006652832,original
f962b3769de914d2,ukr_dialects,2.762169599533081,3.1181273460388184,3.1181273460388184,processed
f0d2b87d5ba3b68e,ukr_dialects,3.154186725616455,3.0751638412475586,3.154186725616455,original
f9b84ffab9cfe5dd,ukr_dialects,2.8243680000305176,3.076636552810669,3.076636552810669,processed
30942657994cb72e,ukr_dialects,2.34873628616333,2.8745133876800537,2.8745133876800537,processed
566c39695cadae26,ukr_dialects,2.499267101287842,3.116514205932617,3.116514205932617,processed
c43b6871fb7abcf7,ukr_dialects,2.215646505355835,2.986191511154175,2.986191511154175,processed
2c57b228b9d2349e,ukr_dialects,2.211089849472046,3.753805637359619,3.753805637359619,processed
2a6e18b3e07e2956,ukr_dialects,3.040407657623291,3.615649938583374,3.615649938583374,processed
64326990b57264c9,ukr_dialects,2.7102630138397217,2.963527202606201,2.963527202606201,processed
ab089df50f15fd9b,ukr_dialects,2.9193615913391113,3.495303153991699,3.495303153991699,processed
258401e9b5844ceb,ukr_dialects,2.277695655822754,2.2517998218536377,2.277695655822754,original
c1b3bd09e07db289,ukr_dialects,2.484238862991333,2.793800115585327,2.793800115585327,processed
316f532261a9d135,ukr_dialects,2.462099313735962,3.3818342685699463,3.3818342685699463,processed
3eaea0949e59c63c,ukr_dialects,2.3365743160247803,2.919215202331543,2.919215202331543,processed
e825ef3a856b4735,ukr_dialects,2.6719791889190674,2.8174662590026855,2.8174662590026855,processed
c4bd25a3e37e2f75,ukr_dialects,3.064394474029541,3.1724541187286377,3.1724541187286377,processed
626a1b5a7d4f1be6,ukr_dialects,2.546581506729126,3.1882317066192627,3.1882317066192627,processed
0778c18cc75cdb00,ukr_dialects,2.2981951236724854,3.1799988746643066,3.1799988746643066,processed
9586770df2d8998d,ukr_dialects,1.837496042251587,3.7287654876708984,3.7287654876708984,processed
bc994a1816813eb6,ukr_dialects,3.2476749420166016,3.4374465942382812,3.4374465942382812,processed
aabdb6483bfd2e33,ukr_dialects,2.1537327766418457,3.6251697540283203,3.6251697540283203,processed
9eb5785631635bcc,ukr_dialects,2.415741205215454,3.768773317337036,3.768773317337036,processed
d1aaed43c3f470c7,ukr_dialects,2.7187740802764893,3.6406216621398926,3.6406216621398926,processed
6fe0c19b1687d9fd,ukr_dialects,2.825988292694092,3.2215144634246826,3.2215144634246826,processed
ebbb475ae0b3b99d,ukr_dialects,3.268812894821167,3.2834622859954834,3.2834622859954834,processed
0b4b8c379f2776ff,ukr_dialects,2.4063544273376465,2.6090621948242188,2.6090621948242188,processed
d493e655c444f5ff,ukr_dialects,2.1200249195098877,2.9207358360290527,2.9207358360290527,processed
ad367fcec6fcb05a,ukr_dialects,2.8886051177978516,3.066753625869751,3.066753625869751,processed
ac39b8868249abce,ukr_dialects,2.5414888858795166,2.9852652549743652,2.9852652549743652,processed
bc7742c907d24d2f,ukr_dialects,2.871095895767212,3.1340391635894775,3.1340391635894775,processed
4d7035ab3ea935bb,ukr_dialects,2.466123580932617,3.4891135692596436,3.4891135692596436,processed
1dae50f6c705d197,ukr_dialects,1.7773573398590088,2.898414134979248,2.898414134979248,processed
549386c09d2fcf4a,ukr_dialects,3.274916410446167,3.004328966140747,3.274916410446167,original
0d5acbee36e35f4b,ukr_dialects,3.0114383697509766,2.1342592239379883,3.0114383697509766,original
a6390ea60fa8955f,ukr_dialects,2.6814510822296143,2.8475759029388428,2.8475759029388428,processed
1de226ddd11f1191,ukr_dialects,3.319178342819214,3.6005213260650635,3.6005213260650635,processed
04413a02ee61f031,ukr_dialects,2.2629990577697754,3.422166109085083,3.422166109085083,processed
afb0639f8533a96a,ukr_dialects,2.922647714614868,3.0165109634399414,3.0165109634399414,processed
7265b848bca4d28e,ukr_dialects,2.9072601795196533,3.384202480316162,3.384202480316162,processed
2890141f6247d55f,ukr_dialects,2.858733892440796,2.887667655944824,2.887667655944824,processed
a95bca27330ef230,ukr_dialects,2.884286403656006,3.4378092288970947,3.4378092288970947,processed
858792926bd04b40,ukr_dialects,2.342381000518799,3.267385959625244,3.267385959625244,processed
34298b8fbc78f285,ukr_dialects,2.966249942779541,3.779881715774536,3.779881715774536,processed
5a9e8cef3dac3395,ukr_dialects,2.459867477416992,3.164644718170166,3.164644718170166,processed
b9787bd603a6f2a2,ukr_dialects,3.339076280593872,2.6802027225494385,3.339076280593872,original
