population,source_id,lower,upper,count,percent
full,all,1.0,1.1,0,0.0
full,all,1.1,1.2,0,0.0
full,all,1.2,1.3,0,0.0
full,all,1.3,1.4,2,0.0024767495139379077
full,all,1.4,1.5,0,0.0
full,all,1.5,1.6,1,0.0012383747569689539
full,all,1.6,1.7000000000000002,2,0.0024767495139379077
full,all,1.7000000000000002,1.8,8,0.009906998055751631
full,all,1.8,1.9,44,0.054488489306633976
full,all,1.9,2.0,66,0.08173273395995095
full,all,2.0,2.1,150,0.18575621354534308
full,all,2.1,2.2,278,0.34426818243736923
full,all,2.2,2.3,581,0.7194957337989623
full,all,2.3,2.4000000000000004,976,1.2086537628016991
full,all,2.4000000000000004,2.5,1621,2.0074054810466744
full,all,2.5,2.6,2597,3.216059243848374
full,all,2.6,2.7,3797,4.702108952211118
full,all,2.7,2.8,5192,6.429641738182809
full,all,2.8,2.9000000000000004,6643,8.226523510544762
full,all,2.9000000000000004,3.0,8086,10.013498284850963
full,all,3.0,3.1,8962,11.098314571955765
full,all,3.1,3.2,9167,11.3521813971344
full,all,3.2,3.3000000000000003,8780,10.872930366187415
full,all,3.3000000000000003,3.4000000000000004,7411,9.177595323896917
full,all,3.4000000000000004,3.5,5779,7.156567720523585
full,all,3.5,3.6,4269,5.286621837500465
full,all,3.6,3.7,2809,3.478594692325792
full,all,3.7,3.8000000000000003,1745,2.1609639509108245
full,all,3.8000000000000003,3.9000000000000004,969,1.1999851395029164
full,all,3.9000000000000004,4.0,437,0.5411697687954329
full,all,4.0,4.1,217,0.268727322262263
full,all,4.1,4.2,100,0.12383747569689539
full,all,4.2,4.300000000000001,40,0.04953499027875815
full,all,4.300000000000001,4.4,8,0.009906998055751631
full,all,4.4,4.5,5,0.006191873784844769
full,all,4.5,4.6,4,0.0049534990278758155
full,all,4.6,4.7,1,0.0012383747569689539
full,all,4.7,4.800000000000001,1,0.0012383747569689539
full,all,4.800000000000001,4.9,2,0.0024767495139379077
full,all,4.9,5.0,1,0.0012383747569689539
full,opentts_mykyta,1.0,1.1,0,0.0
full,opentts_mykyta,1.1,1.2,0,0.0
full,opentts_mykyta,1.2,1.3,0,0.0
full,opentts_mykyta,1.3,1.4,0,0.0
full,opentts_mykyta,1.4,1.5,0,0.0
full,opentts_mykyta,1.5,1.6,0,0.0
full,opentts_mykyta,1.6,1.7000000000000002,0,0.0
full,opentts_mykyta,1.7000000000000002,1.8,0,0.0
full,opentts_mykyta,1.8,1.9,0,0.0
full,opentts_mykyta,1.9,2.0,0,0.0
full,opentts_mykyta,2.0,2.1,0,0.0
full,opentts_mykyta,2.1,2.2,0,0.0
full,opentts_mykyta,2.2,2.3,0,0.0
full,opentts_mykyta,2.3,2.4000000000000004,1,0.07057163020465773
full,opentts_mykyta,2.4000000000000004,2.5,1,0.07057163020465773
full,opentts_mykyta,2.5,2.6,4,0.2822865208186309
full,opentts_mykyta,2.6,2.7,8,0.5645730416372619
full,opentts_mykyta,2.7,2.8,7,0.4940014114326041
full,opentts_mykyta,2.8,2.9000000000000004,20,1.4114326040931546
full,opentts_mykyta,2.9000000000000004,3.0,47,3.3168666196189136
full,opentts_mykyta,3.0,3.1,68,4.798870853916726
full,opentts_mykyta,3.1,3.2,87,6.139731827805223
full,opentts_mykyta,3.2,3.3000000000000003,164,11.573747353563867
full,opentts_mykyta,3.3000000000000003,3.4000000000000004,197,13.902611150317574
full,opentts_mykyta,3.4000000000000004,3.5,210,14.820042342978123
full,opentts_mykyta,3.5,3.6,188,13.267466478475654
full,opentts_mykyta,3.6,3.7,139,9.809456598447424
full,opentts_mykyta,3.7,3.8000000000000003,115,8.115737473535638
full,opentts_mykyta,3.8000000000000003,3.9000000000000004,98,6.916019760056457
full,opentts_mykyta,3.9000000000000004,4.0,26,1.834862385321101
full,opentts_mykyta,4.0,4.1,17,1.1997177134791814
full,opentts_mykyta,4.1,4.2,9,0.6351446718419196
full,opentts_mykyta,4.2,4.300000000000001,6,0.4234297812279464
full,opentts_mykyta,4.300000000000001,4.4,3,0.2117148906139732
full,opentts_mykyta,4.4,4.5,0,0.0
full,opentts_mykyta,4.5,4.6,1,0.07057163020465773
full,opentts_mykyta,4.6,4.7,0,0.0
full,opentts_mykyta,4.7,4.800000000000001,0,0.0
full,opentts_mykyta,4.800000000000001,4.9,1,0.07057163020465773
full,opentts_mykyta,4.9,5.0,0,0.0
full,opentts_tetiana,1.0,1.1,0,0.0
full,opentts_tetiana,1.1,1.2,0,0.0
full,opentts_tetiana,1.2,1.3,0,0.0
full,opentts_tetiana,1.3,1.4,0,0.0
full,opentts_tetiana,1.4,1.5,0,0.0
full,opentts_tetiana,1.5,1.6,0,0.0
full,opentts_tetiana,1.6,1.7000000000000002,0,0.0
full,opentts_tetiana,1.7000000000000002,1.8,0,0.0
full,opentts_tetiana,1.8,1.9,0,0.0
full,opentts_tetiana,1.9,2.0,0,0.0
full,opentts_tetiana,2.0,2.1,0,0.0
full,opentts_tetiana,2.1,2.2,0,0.0
full,opentts_tetiana,2.2,2.3,0,0.0
full,opentts_tetiana,2.3,2.4000000000000004,0,0.0
full,opentts_tetiana,2.4000000000000004,2.5,1,0.06377551020408163
full,opentts_tetiana,2.5,2.6,11,0.701530612244898
full,opentts_tetiana,2.6,2.7,14,0.8928571428571428
full,opentts_tetiana,2.7,2.8,24,1.530612244897959
full,opentts_tetiana,2.8,2.9000000000000004,48,3.061224489795918
full,opentts_tetiana,2.9000000000000004,3.0,56,3.571428571428571
full,opentts_tetiana,3.0,3.1,101,6.441326530612244
full,opentts_tetiana,3.1,3.2,164,10.459183673469388
full,opentts_tetiana,3.2,3.3000000000000003,165,10.52295918367347
full,opentts_tetiana,3.3000000000000003,3.4000000000000004,185,11.798469387755102
full,opentts_tetiana,3.4000000000000004,3.5,216,13.77551020408163
full,opentts_tetiana,3.5,3.6,194,12.372448979591837
full,opentts_tetiana,3.6,3.7,156,9.948979591836734
full,opentts_tetiana,3.7,3.8000000000000003,111,7.079081632653061
full,opentts_tetiana,3.8000000000000003,3.9000000000000004,67,4.2729591836734695
full,opentts_tetiana,3.9000000000000004,4.0,34,2.1683673469387754
full,opentts_tetiana,4.0,4.1,12,0.7653061224489796
full,opentts_tetiana,4.1,4.2,5,0.31887755102040816
full,opentts_tetiana,4.2,4.300000000000001,2,0.12755102040816327
full,opentts_tetiana,4.300000000000001,4.4,1,0.06377551020408163
full,opentts_tetiana,4.4,4.5,1,0.06377551020408163
full,opentts_tetiana,4.5,4.6,0,0.0
full,opentts_tetiana,4.6,4.7,0,0.0
full,opentts_tetiana,4.7,4.800000000000001,0,0.0
full,opentts_tetiana,4.800000000000001,4.9,0,0.0
full,opentts_tetiana,4.9,5.0,0,0.0
full,fleurs_uk,1.0,1.1,0,0.0
full,fleurs_uk,1.1,1.2,0,0.0
full,fleurs_uk,1.2,1.3,0,0.0
full,fleurs_uk,1.3,1.4,0,0.0
full,fleurs_uk,1.4,1.5,0,0.0
full,fleurs_uk,1.5,1.6,0,0.0
full,fleurs_uk,1.6,1.7000000000000002,0,0.0
full,fleurs_uk,1.7000000000000002,1.8,0,0.0
full,fleurs_uk,1.8,1.9,3,0.158144438587243
full,fleurs_uk,1.9,2.0,6,0.316288877174486
full,fleurs_uk,2.0,2.1,11,0.5798629414865577
full,fleurs_uk,2.1,2.2,21,1.107011070110701
full,fleurs_uk,2.2,2.3,39,2.055877701634159
full,fleurs_uk,2.3,2.4000000000000004,55,2.8993147074327883
full,fleurs_uk,2.4000000000000004,2.5,62,3.268318397469689
full,fleurs_uk,2.5,2.6,70,3.6900369003690034
full,fleurs_uk,2.6,2.7,80,4.217185028993147
full,fleurs_uk,2.7,2.8,72,3.7954665260938327
full,fleurs_uk,2.8,2.9000000000000004,77,4.059040590405904
full,fleurs_uk,2.9000000000000004,3.0,103,5.429625724828677
full,fleurs_uk,3.0,3.1,163,8.592514496573537
full,fleurs_uk,3.1,3.2,178,9.383236689509753
full,fleurs_uk,3.2,3.3000000000000003,215,11.333684765419083
full,fleurs_uk,3.3000000000000003,3.4000000000000004,202,10.648392198207695
full,fleurs_uk,3.4000000000000004,3.5,173,9.11966262519768
full,fleurs_uk,3.5,3.6,120,6.32577754348972
full,fleurs_uk,3.6,3.7,116,6.1149182920400635
full,fleurs_uk,3.7,3.8000000000000003,61,3.215603584607275
full,fleurs_uk,3.8000000000000003,3.9000000000000004,32,1.686874011597259
full,fleurs_uk,3.9000000000000004,4.0,25,1.3178703215603584
full,fleurs_uk,4.0,4.1,10,0.5271481286241434
full,fleurs_uk,4.1,4.2,3,0.158144438587243
full,fleurs_uk,4.2,4.300000000000001,0,0.0
full,fleurs_uk,4.300000000000001,4.4,0,0.0
full,fleurs_uk,4.4,4.5,0,0.0
full,fleurs_uk,4.5,4.6,0,0.0
full,fleurs_uk,4.6,4.7,0,0.0
full,fleurs_uk,4.7,4.800000000000001,0,0.0
full,fleurs_uk,4.800000000000001,4.9,0,0.0
full,fleurs_uk,4.9,5.0,0,0.0
full,ukr_dialects,1.0,1.1,0,0.0
full,ukr_dialects,1.1,1.2,0,0.0
full,ukr_dialects,1.2,1.3,0,0.0
full,ukr_dialects,1.3,1.4,1,0.0035292041644609143
full,ukr_dialects,1.4,1.5,0,0.0
full,ukr_dialects,1.5,1.6,0,0.0
full,ukr_dialects,1.6,1.7000000000000002,2,0.0070584083289218285
full,ukr_dialects,1.7000000000000002,1.8,5,0.01764602082230457
full,ukr_dialects,1.8,1.9,23,0.08117169578260103
full,ukr_dialects,1.9,2.0,31,0.10940532909828835
full,ukr_dialects,2.0,2.1,47,0.16587259572966295
full,ukr_dialects,2.1,2.2,87,0.3070407623080995
full,ukr_dialects,2.2,2.3,178,0.6281983412740427
full,ukr_dialects,2.3,2.4000000000000004,288,1.016410799364743
full,ukr_dialects,2.4000000000000004,2.5,503,1.77518969472384
full,ukr_dialects,2.5,2.6,697,2.459855302629257
full,ukr_dialects,2.6,2.7,1121,3.9562378683606845
full,ukr_dialects,2.7,2.8,1524,5.378507146638433
full,ukr_dialects,2.8,2.9000000000000004,2033,7.174872066349039
full,ukr_dialects,2.9000000000000004,3.0,2562,9.041821069348861
full,ukr_dialects,3.0,3.1,3035,10.711134639138873
full,ukr_dialects,3.1,3.2,3079,10.866419622375155
full,ukr_dialects,3.2,3.3000000000000003,3190,11.258161284630317
full,ukr_dialects,3.3000000000000003,3.4000000000000004,2795,9.864125639668254
full,ukr_dialects,3.4000000000000004,3.5,2276,8.03246867831304
full,ukr_dialects,3.5,3.6,1821,6.426680783483324
full,ukr_dialects,3.6,3.7,1258,4.43973883889183
full,ukr_dialects,3.7,3.8000000000000003,841,2.9680607023116288
full,ukr_dialects,3.8000000000000003,3.9000000000000004,499,1.7610728780659963
full,ukr_dialects,3.9000000000000004,4.0,235,0.8293629786483148
full,ukr_dialects,4.0,4.1,121,0.4270337038997706
full,ukr_dialects,4.1,4.2,52,0.18351861655196755
full,ukr_dialects,4.2,4.300000000000001,24,0.08470089994706194
full,ukr_dialects,4.300000000000001,4.4,2,0.0070584083289218285
full,ukr_dialects,4.4,4.5,2,0.0070584083289218285
full,ukr_dialects,4.5,4.6,0,0.0
full,ukr_dialects,4.6,4.7,0,0.0
full,ukr_dialects,4.7,4.800000000000001,1,0.0035292041644609143
full,ukr_dialects,4.800000000000001,4.9,1,0.0035292041644609143
full,ukr_dialects,4.9,5.0,1,0.0035292041644609143
full,tg_voices_uk,1.0,1.1,0,0.0
full,tg_voices_uk,1.1,1.2,0,0.0
full,tg_voices_uk,1.2,1.3,0,0.0
full,tg_voices_uk,1.3,1.4,0,0.0
full,tg_voices_uk,1.4,1.5,0,0.0
full,tg_voices_uk,1.5,1.6,0,0.0
full,tg_voices_uk,1.6,1.7000000000000002,0,0.0
full,tg_voices_uk,1.7000000000000002,1.8,0,0.0
full,tg_voices_uk,1.8,1.9,0,0.0
full,tg_voices_uk,1.9,2.0,2,0.3236245954692557
full,tg_voices_uk,2.0,2.1,3,0.48543689320388345
full,tg_voices_uk,2.1,2.2,1,0.16181229773462785
full,tg_voices_uk,2.2,2.3,9,1.4563106796116505
full,tg_voices_uk,2.3,2.4000000000000004,4,0.6472491909385114
full,tg_voices_uk,2.4000000000000004,2.5,8,1.2944983818770228
full,tg_voices_uk,2.5,2.6,15,2.4271844660194173
full,tg_voices_uk,2.6,2.7,34,5.501618122977346
full,tg_voices_uk,2.7,2.8,41,6.634304207119741
full,tg_voices_uk,2.8,2.9000000000000004,55,8.89967637540453
full,tg_voices_uk,2.9000000000000004,3.0,46,7.443365695792881
full,tg_voices_uk,3.0,3.1,72,11.650485436893204
full,tg_voices_uk,3.1,3.2,70,11.326860841423949
full,tg_voices_uk,3.2,3.3000000000000003,63,10.194174757281553
full,tg_voices_uk,3.3000000000000003,3.4000000000000004,50,8.090614886731391
full,tg_voices_uk,3.4000000000000004,3.5,52,8.414239482200648
full,tg_voices_uk,3.5,3.6,35,5.6634304207119746
full,tg_voices_uk,3.6,3.7,27,4.368932038834951
full,tg_voices_uk,3.7,3.8000000000000003,13,2.103559870550162
full,tg_voices_uk,3.8000000000000003,3.9000000000000004,8,1.2944983818770228
full,tg_voices_uk,3.9000000000000004,4.0,5,0.8090614886731391
full,tg_voices_uk,4.0,4.1,4,0.6472491909385114
full,tg_voices_uk,4.1,4.2,0,0.0
full,tg_voices_uk,4.2,4.300000000000001,1,0.16181229773462785
full,tg_voices_uk,4.300000000000001,4.4,0,0.0
full,tg_voices_uk,4.4,4.5,0,0.0
full,tg_voices_uk,4.5,4.6,0,0.0
full,tg_voices_uk,4.6,4.7,0,0.0
full,tg_voices_uk,4.7,4.800000000000001,0,0.0
full,tg_voices_uk,4.800000000000001,4.9,0,0.0
full,tg_voices_uk,4.9,5.0,0,0.0
full,common_voice_available_uk,1.0,1.1,0,0.0
full,common_voice_available_uk,1.1,1.2,0,0.0
full,common_voice_available_uk,1.2,1.3,0,0.0
full,common_voice_available_uk,1.3,1.4,1,0.0024283632831471587
full,common_voice_available_uk,1.4,1.5,0,0.0
full,common_voice_available_uk,1.5,1.6,1,0.0024283632831471587
full,common_voice_available_uk,1.6,1.7000000000000002,0,0.0
full,common_voice_available_uk,1.7000000000000002,1.8,2,0.0048567265662943174
full,common_voice_available_uk,1.8,1.9,13,0.03156872268091306
full,common_voice_available_uk,1.9,2.0,21,0.05099562894609034
full,common_voice_available_uk,2.0,2.1,69,0.16755706653715396
full,common_voice_available_uk,2.1,2.2,137,0.33268576979116077
full,common_voice_available_uk,2.2,2.3,278,0.6750849927149101
full,common_voice_available_uk,2.3,2.4000000000000004,502,1.2190383681398738
full,common_voice_available_uk,2.4000000000000004,2.5,812,1.971830985915493
full,common_voice_available_uk,2.5,2.6,1426,3.462846041767848
full,common_voice_available_uk,2.6,2.7,1983,4.815444390480816
full,common_voice_available_uk,2.7,2.8,2840,6.896551724137931
full,common_voice_available_uk,2.8,2.9000000000000004,3669,8.909664885866926
full,common_voice_available_uk,2.9000000000000004,3.0,4469,10.852355512384653
full,common_voice_available_uk,3.0,3.1,4852,11.782418649830015
full,common_voice_available_uk,3.1,3.2,5050,12.263234579893153
full,common_voice_available_uk,3.2,3.3000000000000003,4620,11.219038368139874
full,common_voice_available_uk,3.3000000000000003,3.4000000000000004,3746,9.096648858669257
full,common_voice_available_uk,3.4000000000000004,3.5,2709,6.578436134045654
full,common_voice_available_uk,3.5,3.6,1843,4.475473530840214
full,common_voice_available_uk,3.6,3.7,1081,2.625060709082079
full,common_voice_available_uk,3.7,3.8000000000000003,591,1.4351627003399707
full,common_voice_available_uk,3.8000000000000003,3.9000000000000004,259,0.6289460903351142
full,common_voice_available_uk,3.9000000000000004,4.0,109,0.2646915978630403
full,common_voice_available_uk,4.0,4.1,53,0.12870325400679944
full,common_voice_available_uk,4.1,4.2,30,0.07285089849441476
full,common_voice_available_uk,4.2,4.300000000000001,7,0.016998542982030112
full,common_voice_available_uk,4.300000000000001,4.4,2,0.0048567265662943174
full,common_voice_available_uk,4.4,4.5,1,0.0024283632831471587
full,common_voice_available_uk,4.5,4.6,3,0.007285089849441477
full,common_voice_available_uk,4.6,4.7,1,0.0024283632831471587
full,common_voice_available_uk,4.7,4.800000000000001,0,0.0
full,common_voice_available_uk,4.800000000000001,4.9,0,0.0
full,common_voice_available_uk,4.9,5.0,0,0.0
full,ua_ser,1.0,1.1,0,0.0
full,ua_ser,1.1,1.2,0,0.0
full,ua_ser,1.2,1.3,0,0.0
full,ua_ser,1.3,1.4,0,0.0
full,ua_ser,1.4,1.5,0,0.0
full,ua_ser,1.5,1.6,0,0.0
full,ua_ser,1.6,1.7000000000000002,0,0.0
full,ua_ser,1.7000000000000002,1.8,1,0.2127659574468085
full,ua_ser,1.8,1.9,1,0.2127659574468085
full,ua_ser,1.9,2.0,0,0.0
full,ua_ser,2.0,2.1,5,1.0638297872340425
full,ua_ser,2.1,2.2,5,1.0638297872340425
full,ua_ser,2.2,2.3,12,2.553191489361702
full,ua_ser,2.3,2.4000000000000004,5,1.0638297872340425
full,ua_ser,2.4000000000000004,2.5,14,2.9787234042553195
full,ua_ser,2.5,2.6,18,3.829787234042553
full,ua_ser,2.6,2.7,33,7.021276595744681
full,ua_ser,2.7,2.8,47,10.0
full,ua_ser,2.8,2.9000000000000004,32,6.808510638297872
full,ua_ser,2.9000000000000004,3.0,65,13.829787234042554
full,ua_ser,3.0,3.1,53,11.27659574468085
full,ua_ser,3.1,3.2,51,10.851063829787234
full,ua_ser,3.2,3.3000000000000003,32,6.808510638297872
full,ua_ser,3.3000000000000003,3.4000000000000004,43,9.148936170212766
full,ua_ser,3.4000000000000004,3.5,21,4.468085106382979
full,ua_ser,3.5,3.6,10,2.127659574468085
full,ua_ser,3.6,3.7,12,2.553191489361702
full,ua_ser,3.7,3.8000000000000003,5,1.0638297872340425
full,ua_ser,3.8000000000000003,3.9000000000000004,2,0.425531914893617
full,ua_ser,3.9000000000000004,4.0,2,0.425531914893617
full,ua_ser,4.0,4.1,0,0.0
full,ua_ser,4.1,4.2,0,0.0
full,ua_ser,4.2,4.300000000000001,0,0.0
full,ua_ser,4.300000000000001,4.4,0,0.0
full,ua_ser,4.4,4.5,1,0.2127659574468085
full,ua_ser,4.5,4.6,0,0.0
full,ua_ser,4.6,4.7,0,0.0
full,ua_ser,4.7,4.800000000000001,0,0.0
full,ua_ser,4.800000000000001,4.9,0,0.0
full,ua_ser,4.9,5.0,0,0.0
full,opentts_lada,1.0,1.1,0,0.0
full,opentts_lada,1.1,1.2,0,0.0
full,opentts_lada,1.2,1.3,0,0.0
full,opentts_lada,1.3,1.4,0,0.0
full,opentts_lada,1.4,1.5,0,0.0
full,opentts_lada,1.5,1.6,0,0.0
full,opentts_lada,1.6,1.7000000000000002,0,0.0
full,opentts_lada,1.7000000000000002,1.8,0,0.0
full,opentts_lada,1.8,1.9,4,0.0759589821496392
full,opentts_lada,1.9,2.0,6,0.11393847322445878
full,opentts_lada,2.0,2.1,15,0.284846183061147
full,opentts_lada,2.1,2.2,27,0.5127231295100646
full,opentts_lada,2.2,2.3,65,1.234333459931637
full,opentts_lada,2.3,2.4000000000000004,121,2.2977592100265856
full,opentts_lada,2.4000000000000004,2.5,220,4.177744018230156
full,opentts_lada,2.5,2.6,356,6.760349411317888
full,opentts_lada,2.6,2.7,524,9.950626661602735
full,opentts_lada,2.7,2.8,637,12.096467907330041
full,opentts_lada,2.8,2.9000000000000004,709,13.463729586023549
full,opentts_lada,2.9000000000000004,3.0,738,14.014432206608433
full,opentts_lada,3.0,3.1,618,11.735662742119256
full,opentts_lada,3.1,3.2,488,9.266995822255982
full,opentts_lada,3.2,3.3000000000000003,331,6.2856057728826435
full,opentts_lada,3.3000000000000003,3.4000000000000004,193,3.6650208887200915
full,opentts_lada,3.4000000000000004,3.5,122,2.3167489555639955
full,opentts_lada,3.5,3.6,58,1.1014052411697683
full,opentts_lada,3.6,3.7,20,0.379794910748196
full,opentts_lada,3.7,3.8000000000000003,8,0.1519179642992784
full,opentts_lada,3.8000000000000003,3.9000000000000004,4,0.0759589821496392
full,opentts_lada,3.9000000000000004,4.0,1,0.0189897455374098
full,opentts_lada,4.0,4.1,0,0.0
full,opentts_lada,4.1,4.2,1,0.0189897455374098
full,opentts_lada,4.2,4.300000000000001,0,0.0
full,opentts_lada,4.300000000000001,4.4,0,0.0
full,opentts_lada,4.4,4.5,0,0.0
full,opentts_lada,4.5,4.6,0,0.0
full,opentts_lada,4.6,4.7,0,0.0
full,opentts_lada,4.7,4.800000000000001,0,0.0
full,opentts_lada,4.800000000000001,4.9,0,0.0
full,opentts_lada,4.9,5.0,0,0.0
train,all,1.0,1.1,0,0.0
train,all,1.1,1.2,0,0.0
train,all,1.2,1.3,0,0.0
train,all,1.3,1.4,0,0.0
train,all,1.4,1.5,0,0.0
train,all,1.5,1.6,0,0.0
train,all,1.6,1.7000000000000002,0,0.0
train,all,1.7000000000000002,1.8,0,0.0
train,all,1.8,1.9,0,0.0
train,all,1.9,2.0,0,0.0
train,all,2.0,2.1,0,0.0
train,all,2.1,2.2,0,0.0
train,all,2.2,2.3,0,0.0
train,all,2.3,2.4000000000000004,0,0.0
train,all,2.4000000000000004,2.5,0,0.0
train,all,2.5,2.6,0,0.0
train,all,2.6,2.7,0,0.0
train,all,2.7,2.8,0,0.0
train,all,2.8,2.9000000000000004,0,0.0
train,all,2.9000000000000004,3.0,0,0.0
train,all,3.0,3.1,0,0.0
train,all,3.1,3.2,0,0.0
train,all,3.2,3.3000000000000003,0,0.0
train,all,3.3000000000000003,3.4000000000000004,0,0.0
train,all,3.4000000000000004,3.5,0,0.0
train,all,3.5,3.6,4093,40.17865907529204
train,all,3.6,3.7,2698,26.484735447138508
train,all,3.7,3.8000000000000003,1693,16.619220575242956
train,all,3.8000000000000003,3.9000000000000004,922,9.05075095710219
train,all,3.9000000000000004,4.0,416,4.0836360066751745
train,all,4.0,4.1,208,2.0418180033375872
train,all,4.1,4.2,95,0.9325611072936095
train,all,4.2,4.300000000000001,40,0.39265730833415136
train,all,4.300000000000001,4.4,8,0.07853146166683027
train,all,4.4,4.5,5,0.04908216354176892
train,all,4.5,4.6,4,0.039265730833415134
train,all,4.6,4.7,1,0.009816432708353784
train,all,4.7,4.800000000000001,1,0.009816432708353784
train,all,4.800000000000001,4.9,2,0.019632865416707567
train,all,4.9,5.0,1,0.009816432708353784
train,opentts_mykyta,1.0,1.1,0,0.0
train,opentts_mykyta,1.1,1.2,0,0.0
train,opentts_mykyta,1.2,1.3,0,0.0
train,opentts_mykyta,1.3,1.4,0,0.0
train,opentts_mykyta,1.4,1.5,0,0.0
train,opentts_mykyta,1.5,1.6,0,0.0
train,opentts_mykyta,1.6,1.7000000000000002,0,0.0
train,opentts_mykyta,1.7000000000000002,1.8,0,0.0
train,opentts_mykyta,1.8,1.9,0,0.0
train,opentts_mykyta,1.9,2.0,0,0.0
train,opentts_mykyta,2.0,2.1,0,0.0
train,opentts_mykyta,2.1,2.2,0,0.0
train,opentts_mykyta,2.2,2.3,0,0.0
train,opentts_mykyta,2.3,2.4000000000000004,0,0.0
train,opentts_mykyta,2.4000000000000004,2.5,0,0.0
train,opentts_mykyta,2.5,2.6,0,0.0
train,opentts_mykyta,2.6,2.7,0,0.0
train,opentts_mykyta,2.7,2.8,0,0.0
train,opentts_mykyta,2.8,2.9000000000000004,0,0.0
train,opentts_mykyta,2.9000000000000004,3.0,0,0.0
train,opentts_mykyta,3.0,3.1,0,0.0
train,opentts_mykyta,3.1,3.2,0,0.0
train,opentts_mykyta,3.2,3.3000000000000003,0,0.0
train,opentts_mykyta,3.3000000000000003,3.4000000000000004,0,0.0
train,opentts_mykyta,3.4000000000000004,3.5,0,0.0
train,opentts_mykyta,3.5,3.6,180,30.98106712564544
train,opentts_mykyta,3.6,3.7,135,23.23580034423408
train,opentts_mykyta,3.7,3.8000000000000003,110,18.9328743545611
train,opentts_mykyta,3.8000000000000003,3.9000000000000004,93,16.00688468158348
train,opentts_mykyta,3.9000000000000004,4.0,26,4.475043029259897
train,opentts_mykyta,4.0,4.1,17,2.9259896729776247
train,opentts_mykyta,4.1,4.2,9,1.549053356282272
train,opentts_mykyta,4.2,4.300000000000001,6,1.0327022375215147
train,opentts_mykyta,4.300000000000001,4.4,3,0.5163511187607573
train,opentts_mykyta,4.4,4.5,0,0.0
train,opentts_mykyta,4.5,4.6,1,0.17211703958691912
train,opentts_mykyta,4.6,4.7,0,0.0
train,opentts_mykyta,4.7,4.800000000000001,0,0.0
train,opentts_mykyta,4.800000000000001,4.9,1,0.17211703958691912
train,opentts_mykyta,4.9,5.0,0,0.0
train,opentts_tetiana,1.0,1.1,0,0.0
train,opentts_tetiana,1.1,1.2,0,0.0
train,opentts_tetiana,1.2,1.3,0,0.0
train,opentts_tetiana,1.3,1.4,0,0.0
train,opentts_tetiana,1.4,1.5,0,0.0
train,opentts_tetiana,1.5,1.6,0,0.0
train,opentts_tetiana,1.6,1.7000000000000002,0,0.0
train,opentts_tetiana,1.7000000000000002,1.8,0,0.0
train,opentts_tetiana,1.8,1.9,0,0.0
train,opentts_tetiana,1.9,2.0,0,0.0
train,opentts_tetiana,2.0,2.1,0,0.0
train,opentts_tetiana,2.1,2.2,0,0.0
train,opentts_tetiana,2.2,2.3,0,0.0
train,opentts_tetiana,2.3,2.4000000000000004,0,0.0
train,opentts_tetiana,2.4000000000000004,2.5,0,0.0
train,opentts_tetiana,2.5,2.6,0,0.0
train,opentts_tetiana,2.6,2.7,0,0.0
train,opentts_tetiana,2.7,2.8,0,0.0
train,opentts_tetiana,2.8,2.9000000000000004,0,0.0
train,opentts_tetiana,2.9000000000000004,3.0,0,0.0
train,opentts_tetiana,3.0,3.1,0,0.0
train,opentts_tetiana,3.1,3.2,0,0.0
train,opentts_tetiana,3.2,3.3000000000000003,0,0.0
train,opentts_tetiana,3.3000000000000003,3.4000000000000004,0,0.0
train,opentts_tetiana,3.4000000000000004,3.5,0,0.0
train,opentts_tetiana,3.5,3.6,181,32.730560578661844
train,opentts_tetiana,3.6,3.7,148,26.763110307414106
train,opentts_tetiana,3.7,3.8000000000000003,109,19.710669077757686
train,opentts_tetiana,3.8000000000000003,3.9000000000000004,61,11.030741410488245
train,opentts_tetiana,3.9000000000000004,4.0,34,6.148282097649186
train,opentts_tetiana,4.0,4.1,11,1.9891500904159132
train,opentts_tetiana,4.1,4.2,5,0.9041591320072333
train,opentts_tetiana,4.2,4.300000000000001,2,0.3616636528028933
train,opentts_tetiana,4.300000000000001,4.4,1,0.18083182640144665
train,opentts_tetiana,4.4,4.5,1,0.18083182640144665
train,opentts_tetiana,4.5,4.6,0,0.0
train,opentts_tetiana,4.6,4.7,0,0.0
train,opentts_tetiana,4.7,4.800000000000001,0,0.0
train,opentts_tetiana,4.800000000000001,4.9,0,0.0
train,opentts_tetiana,4.9,5.0,0,0.0
train,fleurs_uk,1.0,1.1,0,0.0
train,fleurs_uk,1.1,1.2,0,0.0
train,fleurs_uk,1.2,1.3,0,0.0
train,fleurs_uk,1.3,1.4,0,0.0
train,fleurs_uk,1.4,1.5,0,0.0
train,fleurs_uk,1.5,1.6,0,0.0
train,fleurs_uk,1.6,1.7000000000000002,0,0.0
train,fleurs_uk,1.7000000000000002,1.8,0,0.0
train,fleurs_uk,1.8,1.9,0,0.0
train,fleurs_uk,1.9,2.0,0,0.0
train,fleurs_uk,2.0,2.1,0,0.0
train,fleurs_uk,2.1,2.2,0,0.0
train,fleurs_uk,2.2,2.3,0,0.0
train,fleurs_uk,2.3,2.4000000000000004,0,0.0
train,fleurs_uk,2.4000000000000004,2.5,0,0.0
train,fleurs_uk,2.5,2.6,0,0.0
train,fleurs_uk,2.6,2.7,0,0.0
train,fleurs_uk,2.7,2.8,0,0.0
train,fleurs_uk,2.8,2.9000000000000004,0,0.0
train,fleurs_uk,2.9000000000000004,3.0,0,0.0
train,fleurs_uk,3.0,3.1,0,0.0
train,fleurs_uk,3.1,3.2,0,0.0
train,fleurs_uk,3.2,3.3000000000000003,0,0.0
train,fleurs_uk,3.3000000000000003,3.4000000000000004,0,0.0
train,fleurs_uk,3.4000000000000004,3.5,0,0.0
train,fleurs_uk,3.5,3.6,114,32.38636363636363
train,fleurs_uk,3.6,3.7,110,31.25
train,fleurs_uk,3.7,3.8000000000000003,60,17.045454545454543
train,fleurs_uk,3.8000000000000003,3.9000000000000004,30,8.522727272727272
train,fleurs_uk,3.9000000000000004,4.0,25,7.1022727272727275
train,fleurs_uk,4.0,4.1,10,2.840909090909091
train,fleurs_uk,4.1,4.2,3,0.8522727272727272
train,fleurs_uk,4.2,4.300000000000001,0,0.0
train,fleurs_uk,4.300000000000001,4.4,0,0.0
train,fleurs_uk,4.4,4.5,0,0.0
train,fleurs_uk,4.5,4.6,0,0.0
train,fleurs_uk,4.6,4.7,0,0.0
train,fleurs_uk,4.7,4.800000000000001,0,0.0
train,fleurs_uk,4.800000000000001,4.9,0,0.0
train,fleurs_uk,4.9,5.0,0,0.0
train,ukr_dialects,1.0,1.1,0,0.0
train,ukr_dialects,1.1,1.2,0,0.0
train,ukr_dialects,1.2,1.3,0,0.0
train,ukr_dialects,1.3,1.4,0,0.0
train,ukr_dialects,1.4,1.5,0,0.0
train,ukr_dialects,1.5,1.6,0,0.0
train,ukr_dialects,1.6,1.7000000000000002,0,0.0
train,ukr_dialects,1.7000000000000002,1.8,0,0.0
train,ukr_dialects,1.8,1.9,0,0.0
train,ukr_dialects,1.9,2.0,0,0.0
train,ukr_dialects,2.0,2.1,0,0.0
train,ukr_dialects,2.1,2.2,0,0.0
train,ukr_dialects,2.2,2.3,0,0.0
train,ukr_dialects,2.3,2.4000000000000004,0,0.0
train,ukr_dialects,2.4000000000000004,2.5,0,0.0
train,ukr_dialects,2.5,2.6,0,0.0
train,ukr_dialects,2.6,2.7,0,0.0
train,ukr_dialects,2.7,2.8,0,0.0
train,ukr_dialects,2.8,2.9000000000000004,0,0.0
train,ukr_dialects,2.9000000000000004,3.0,0,0.0
train,ukr_dialects,3.0,3.1,0,0.0
train,ukr_dialects,3.1,3.2,0,0.0
train,ukr_dialects,3.2,3.3000000000000003,0,0.0
train,ukr_dialects,3.3000000000000003,3.4000000000000004,0,0.0
train,ukr_dialects,3.4000000000000004,3.5,0,0.0
train,ukr_dialects,3.5,3.6,1756,37.601713062098504
train,ukr_dialects,3.6,3.7,1210,25.910064239828696
train,ukr_dialects,3.7,3.8000000000000003,816,17.473233404710918
train,ukr_dialects,3.8000000000000003,3.9000000000000004,474,10.149892933618844
train,ukr_dialects,3.9000000000000004,4.0,219,4.689507494646681
train,ukr_dialects,4.0,4.1,115,2.462526766595289
train,ukr_dialects,4.1,4.2,49,1.0492505353319057
train,ukr_dialects,4.2,4.300000000000001,24,0.5139186295503212
train,ukr_dialects,4.300000000000001,4.4,2,0.042826552462526764
train,ukr_dialects,4.4,4.5,2,0.042826552462526764
train,ukr_dialects,4.5,4.6,0,0.0
train,ukr_dialects,4.6,4.7,0,0.0
train,ukr_dialects,4.7,4.800000000000001,1,0.021413276231263382
train,ukr_dialects,4.800000000000001,4.9,1,0.021413276231263382
train,ukr_dialects,4.9,5.0,1,0.021413276231263382
train,tg_voices_uk,1.0,1.1,0,0.0
train,tg_voices_uk,1.1,1.2,0,0.0
train,tg_voices_uk,1.2,1.3,0,0.0
train,tg_voices_uk,1.3,1.4,0,0.0
train,tg_voices_uk,1.4,1.5,0,0.0
train,tg_voices_uk,1.5,1.6,0,0.0
train,tg_voices_uk,1.6,1.7000000000000002,0,0.0
train,tg_voices_uk,1.7000000000000002,1.8,0,0.0
train,tg_voices_uk,1.8,1.9,0,0.0
train,tg_voices_uk,1.9,2.0,0,0.0
train,tg_voices_uk,2.0,2.1,0,0.0
train,tg_voices_uk,2.1,2.2,0,0.0
train,tg_voices_uk,2.2,2.3,0,0.0
train,tg_voices_uk,2.3,2.4000000000000004,0,0.0
train,tg_voices_uk,2.4000000000000004,2.5,0,0.0
train,tg_voices_uk,2.5,2.6,0,0.0
train,tg_voices_uk,2.6,2.7,0,0.0
train,tg_voices_uk,2.7,2.8,0,0.0
train,tg_voices_uk,2.8,2.9000000000000004,0,0.0
train,tg_voices_uk,2.9000000000000004,3.0,0,0.0
train,tg_voices_uk,3.0,3.1,0,0.0
train,tg_voices_uk,3.1,3.2,0,0.0
train,tg_voices_uk,3.2,3.3000000000000003,0,0.0
train,tg_voices_uk,3.3000000000000003,3.4000000000000004,0,0.0
train,tg_voices_uk,3.4000000000000004,3.5,0,0.0
train,tg_voices_uk,3.5,3.6,32,37.2093023255814
train,tg_voices_uk,3.6,3.7,24,27.906976744186046
train,tg_voices_uk,3.7,3.8000000000000003,12,13.953488372093023
train,tg_voices_uk,3.8000000000000003,3.9000000000000004,8,9.30232558139535
train,tg_voices_uk,3.9000000000000004,4.0,5,5.813953488372093
train,tg_voices_uk,4.0,4.1,4,4.651162790697675
train,tg_voices_uk,4.1,4.2,0,0.0
train,tg_voices_uk,4.2,4.300000000000001,1,1.1627906976744187
train,tg_voices_uk,4.300000000000001,4.4,0,0.0
train,tg_voices_uk,4.4,4.5,0,0.0
train,tg_voices_uk,4.5,4.6,0,0.0
train,tg_voices_uk,4.6,4.7,0,0.0
train,tg_voices_uk,4.7,4.800000000000001,0,0.0
train,tg_voices_uk,4.800000000000001,4.9,0,0.0
train,tg_voices_uk,4.9,5.0,0,0.0
train,common_voice_available_uk,1.0,1.1,0,0.0
train,common_voice_available_uk,1.1,1.2,0,0.0
train,common_voice_available_uk,1.2,1.3,0,0.0
train,common_voice_available_uk,1.3,1.4,0,0.0
train,common_voice_available_uk,1.4,1.5,0,0.0
train,common_voice_available_uk,1.5,1.6,0,0.0
train,common_voice_available_uk,1.6,1.7000000000000002,0,0.0
train,common_voice_available_uk,1.7000000000000002,1.8,0,0.0
train,common_voice_available_uk,1.8,1.9,0,0.0
train,common_voice_available_uk,1.9,2.0,0,0.0
train,common_voice_available_uk,2.0,2.1,0,0.0
train,common_voice_available_uk,2.1,2.2,0,0.0
train,common_voice_available_uk,2.2,2.3,0,0.0
train,common_voice_available_uk,2.3,2.4000000000000004,0,0.0
train,common_voice_available_uk,2.4000000000000004,2.5,0,0.0
train,common_voice_available_uk,2.5,2.6,0,0.0
train,common_voice_available_uk,2.6,2.7,0,0.0
train,common_voice_available_uk,2.7,2.8,0,0.0
train,common_voice_available_uk,2.8,2.9000000000000004,0,0.0
train,common_voice_available_uk,2.9000000000000004,3.0,0,0.0
train,common_voice_available_uk,3.0,3.1,0,0.0
train,common_voice_available_uk,3.1,3.2,0,0.0
train,common_voice_available_uk,3.2,3.3000000000000003,0,0.0
train,common_voice_available_uk,3.3000000000000003,3.4000000000000004,0,0.0
train,common_voice_available_uk,3.4000000000000004,3.5,0,0.0
train,common_voice_available_uk,3.5,3.6,1763,46.12768184196756
train,common_voice_available_uk,3.6,3.7,1039,27.184720041862896
train,common_voice_available_uk,3.7,3.8000000000000003,573,14.992150706436421
train,common_voice_available_uk,3.8000000000000003,3.9000000000000004,250,6.541077969649398
train,common_voice_available_uk,3.9000000000000004,4.0,104,2.7210884353741496
train,common_voice_available_uk,4.0,4.1,51,1.3343799058084773
train,common_voice_available_uk,4.1,4.2,28,0.7326007326007326
train,common_voice_available_uk,4.2,4.300000000000001,7,0.18315018315018314
train,common_voice_available_uk,4.300000000000001,4.4,2,0.052328623757195186
train,common_voice_available_uk,4.4,4.5,1,0.026164311878597593
train,common_voice_available_uk,4.5,4.6,3,0.07849293563579278
train,common_voice_available_uk,4.6,4.7,1,0.026164311878597593
train,common_voice_available_uk,4.7,4.800000000000001,0,0.0
train,common_voice_available_uk,4.800000000000001,4.9,0,0.0
train,common_voice_available_uk,4.9,5.0,0,0.0
train,ua_ser,1.0,1.1,0,0.0
train,ua_ser,1.1,1.2,0,0.0
train,ua_ser,1.2,1.3,0,0.0
train,ua_ser,1.3,1.4,0,0.0
train,ua_ser,1.4,1.5,0,0.0
train,ua_ser,1.5,1.6,0,0.0
train,ua_ser,1.6,1.7000000000000002,0,0.0
train,ua_ser,1.7000000000000002,1.8,0,0.0
train,ua_ser,1.8,1.9,0,0.0
train,ua_ser,1.9,2.0,0,0.0
train,ua_ser,2.0,2.1,0,0.0
train,ua_ser,2.1,2.2,0,0.0
train,ua_ser,2.2,2.3,0,0.0
train,ua_ser,2.3,2.4000000000000004,0,0.0
train,ua_ser,2.4000000000000004,2.5,0,0.0
train,ua_ser,2.5,2.6,0,0.0
train,ua_ser,2.6,2.7,0,0.0
train,ua_ser,2.7,2.8,0,0.0
train,ua_ser,2.8,2.9000000000000004,0,0.0
train,ua_ser,2.9000000000000004,3.0,0,0.0
train,ua_ser,3.0,3.1,0,0.0
train,ua_ser,3.1,3.2,0,0.0
train,ua_ser,3.2,3.3000000000000003,0,0.0
train,ua_ser,3.3000000000000003,3.4000000000000004,0,0.0
train,ua_ser,3.4000000000000004,3.5,0,0.0
train,ua_ser,3.5,3.6,10,31.25
train,ua_ser,3.6,3.7,12,37.5
train,ua_ser,3.7,3.8000000000000003,5,15.625
train,ua_ser,3.8000000000000003,3.9000000000000004,2,6.25
train,ua_ser,3.9000000000000004,4.0,2,6.25
train,ua_ser,4.0,4.1,0,0.0
train,ua_ser,4.1,4.2,0,0.0
train,ua_ser,4.2,4.300000000000001,0,0.0
train,ua_ser,4.300000000000001,4.4,0,0.0
train,ua_ser,4.4,4.5,1,3.125
train,ua_ser,4.5,4.6,0,0.0
train,ua_ser,4.6,4.7,0,0.0
train,ua_ser,4.7,4.800000000000001,0,0.0
train,ua_ser,4.800000000000001,4.9,0,0.0
train,ua_ser,4.9,5.0,0,0.0
train,opentts_lada,1.0,1.1,0,0.0
train,opentts_lada,1.1,1.2,0,0.0
train,opentts_lada,1.2,1.3,0,0.0
train,opentts_lada,1.3,1.4,0,0.0
train,opentts_lada,1.4,1.5,0,0.0
train,opentts_lada,1.5,1.6,0,0.0
train,opentts_lada,1.6,1.7000000000000002,0,0.0
train,opentts_lada,1.7000000000000002,1.8,0,0.0
train,opentts_lada,1.8,1.9,0,0.0
train,opentts_lada,1.9,2.0,0,0.0
train,opentts_lada,2.0,2.1,0,0.0
train,opentts_lada,2.1,2.2,0,0.0
train,opentts_lada,2.2,2.3,0,0.0
train,opentts_lada,2.3,2.4000000000000004,0,0.0
train,opentts_lada,2.4000000000000004,2.5,0,0.0
train,opentts_lada,2.5,2.6,0,0.0
train,opentts_lada,2.6,2.7,0,0.0
train,opentts_lada,2.7,2.8,0,0.0
train,opentts_lada,2.8,2.9000000000000004,0,0.0
train,opentts_lada,2.9000000000000004,3.0,0,0.0
train,opentts_lada,3.0,3.1,0,0.0
train,opentts_lada,3.1,3.2,0,0.0
train,opentts_lada,3.2,3.3000000000000003,0,0.0
train,opentts_lada,3.3000000000000003,3.4000000000000004,0,0.0
train,opentts_lada,3.4000000000000004,3.5,0,0.0
train,opentts_lada,3.5,3.6,57,62.637362637362635
train,opentts_lada,3.6,3.7,20,21.978021978021978
train,opentts_lada,3.7,3.8000000000000003,8,8.791208791208792
train,opentts_lada,3.8000000000000003,3.9000000000000004,4,4.395604395604396
train,opentts_lada,3.9000000000000004,4.0,1,1.098901098901099
train,opentts_lada,4.0,4.1,0,0.0
train,opentts_lada,4.1,4.2,1,1.098901098901099
train,opentts_lada,4.2,4.300000000000001,0,0.0
train,opentts_lada,4.300000000000001,4.4,0,0.0
train,opentts_lada,4.4,4.5,0,0.0
train,opentts_lada,4.5,4.6,0,0.0
train,opentts_lada,4.6,4.7,0,0.0
train,opentts_lada,4.7,4.800000000000001,0,0.0
train,opentts_lada,4.800000000000001,4.9,0,0.0
train,opentts_lada,4.9,5.0,0,0.0
