epoch,completed_steps,training_seconds,validation_seconds,train_generator_loss,validation_generator_loss,train_generator_g_mel_loss,validation_generator_g_mel_loss,train_discriminator_loss,validation_discriminator_loss
1,1000,1574.956613,45.548866,102.74653118964534,87.07049011421802,83.50511676336848,68.12145836091715,1.7220396273765923,1.4265890039994051
2,2000,1567.900769,45.401421,84.78122778565837,83.74548754079215,65.98690077521246,63.82256718459174,1.6125434841381707,0.9479791118807179
3,3000,1543.367684,42.834733,78.65342716862713,79.07474813431408,62.567124661583925,61.89760403289316,1.9759718271381093,1.7295373905415072
4,4000,1530.872477,42.833424,77.1827133538343,75.92159439134747,60.89124420018135,59.423292221021505,1.9081497044841234,1.6361275648996
5,5000,1522.473774,43.033388,74.88782127252605,74.89097315390656,57.9858337924807,57.24734412166392,1.8263991335112444,1.8888304539982428
6,6000,1639.663692,46.019373,73.04619281445439,74.01575376217642,55.744205564955095,55.884965486436805,1.7670090632010809,1.7915725406808165
7,7000,1605.370074,42.673348,71.23225628332634,73.39734834772666,53.899994493907215,54.61633010672925,1.8101521911746312,1.7642627163740534
8,8000,1586.780153,43.242773,70.9437951974405,71.53209943143551,53.360020292022405,54.421500982685146,1.7593179259087088,1.5251878391612659
9,9000,1572.51433,43.184586,69.33756321113246,70.33397458832839,52.1727891625708,53.830835618643924,1.845771231431034,1.8153858348493666
10,10000,1574.418612,43.063487,69.54329595120178,70.06728722742733,52.1146711383786,51.55835146051963,1.8125424932264036,1.4888556739005923
