profile,label,count,median_sigmos_overall,difference_from_original
brute_force_best_ge3_5,Brute-force best + ≥3.5  [365 retained],365,3.761352062225342,0.7471171617507935
per_item_best_ge3_5,Best: native + ≥3.5  [267 retained],267,3.708209276199341,0.6939743757247925
normalized_per_item_best_ge3_5,Best: normalized + ≥3.5  [239 retained],239,3.700507879257202,0.6862729787826538
brute_force_best,Brute-force best · 17 variants  [800],800,3.4491729736328125,0.43493807315826416
per_item_best,Best: native / full cascade  [800],800,3.305045962333679,0.29081106185913086
normalized_per_item_best,Best: normalized / full cascade  [800],800,3.276412606239319,0.2621777057647705
clearervoice_sidon_deepfilternet3_wet1,ClearVoice → Sidon → DF3 · 100%  [V11 cascade],800,3.2204296588897705,0.20619475841522217
legacy_v8_exact,Historical v8/v9 · complete recipe,800,3.172455072402954,0.15822017192840576
clearervoice_sidon_wet1,ClearVoice → Sidon · 100%,800,3.1703203916549683,0.15608549118041992
sidon_wet1,Sidon · 100%,800,3.158408284187317,0.14417338371276855
deepfilternet3_peakminus3_wet1,DF3 · −3 dBFS input · 100%,800,3.1180102825164795,0.10377538204193115
deepfilternet3_wet1,DF3 · 100%,800,3.106109142303467,0.09187424182891846
clearervoice_sidon_deepfilternet3_wet0.5,ClearVoice → Sidon → DF3 · 50%,800,3.0949223041534424,0.08068740367889404
clearervoice_sidon_wet0.5,ClearVoice → Sidon · 50%,800,3.067782998085022,0.05354809761047363
sidon_wet0.5,Sidon · 50%,800,3.0558425188064575,0.04160761833190918
deepfilternet3_peakminus3_wet0.75,DF3 · −3 dBFS input · 75%  [V10 training],800,3.0381444692611694,0.023909568786621094
clearervoice_wet1,ClearVoice · 100%,800,3.0166043043136597,0.002369403839111328
original,Native original,800,3.0142349004745483,0.0
deepfilternet3_wet0.5,DF3 · 50%,800,2.978423833847046,-0.03581106662750244
clearervoice_wet0.75,ClearVoice · 75%,800,2.9691641330718994,-0.045070767402648926
clearervoice_wet0.5,ClearVoice · 50%,800,2.947598457336426,-0.06663644313812256
identity_wet1,Base mono / 24 kHz / trim,800,2.921891689300537,-0.09234321117401123
normalized_original,Normalized original,800,2.921891689300537,-0.09234321117401123
mfa_trim,MFA boundary trim / normalize · 100 ms,800,2.9054912328720093,-0.10874366760253906
